ISO-10303-21;
HEADER;
FILE_DESCRIPTION (( 'STEP AP214' ),
    '1' );
FILE_NAME ('310FB0AC-6725-4FB1-B0A2-A251E5FBF761.STEP',
    '2026-08-30T13:01:00',
    ( '' ),
    ( '' ),
    'SwSTEP 2.0',
    'SolidWorks 2022',
    '' );
FILE_SCHEMA (( 'AUTOMOTIVE_DESIGN' ));
ENDSEC;

DATA;
#1 = ADVANCED_FACE ( 'NONE', ( #2826 ), #1364, .F. ) ;
#2 = DIRECTION ( 'NONE',  ( 0.0000000000000000000, -1.000000000000000000, 0.0000000000000000000 ) ) ;
#3 = DIRECTION ( 'NONE',  ( 0.0000000000000000000, 0.0000000000000000000, 1.000000000000000000 ) ) ;
#4 = VERTEX_POINT ( 'NONE', #3139 ) ;
#5 = EDGE_CURVE ( 'NONE', #2771, #3841, #431, .T. ) ;
#6 = LINE ( 'NONE', #637, #3173 ) ;
#7 = DIRECTION ( 'NONE',  ( 0.5000000000001899592, -1.110223024625422041E-16, -0.8660254037843289066 ) ) ;
#8 = EDGE_CURVE ( 'NONE', #708, #1664, #3482, .T. ) ;
#9 = DIRECTION ( 'NONE',  ( -1.000000000000000000, 0.0000000000000000000, 0.0000000000000000000 ) ) ;
#10 = LINE ( 'NONE', #33, #732 ) ;
#11 = ORIENTED_EDGE ( 'NONE', *, *, #621, .T. ) ;
#12 = DIRECTION ( 'NONE',  ( -5.782411586589000679E-16, 1.283953296257999954E-31, -1.000000000000000000 ) ) ;
#13 = VECTOR ( 'NONE', #2882, 1000.000000000000000 ) ;
#14 = DIRECTION ( 'NONE',  ( 2.220446049250000002E-16, 1.000000000000000000, 0.0000000000000000000 ) ) ;
#15 = CARTESIAN_POINT ( 'NONE',  ( 5.000000000000000000, -10.17500000000000071, 0.0000000000000000000 ) ) ;
#16 = CIRCLE ( 'NONE', #660, 3.000000000000000000 ) ;
#17 = ORIENTED_EDGE ( 'NONE', *, *, #3546, .F. ) ;
#18 = CARTESIAN_POINT ( 'NONE',  ( 4.899999999999999467, -9.825000000000001066, 0.8928203230279999625 ) ) ;
#19 = DIRECTION ( 'NONE',  ( 0.0000000000000000000, -1.000000000000000000, 0.0000000000000000000 ) ) ;
#20 = CARTESIAN_POINT ( 'NONE',  ( -2.799999999999999822, -10.17500000000000071, 0.6073751800519999744 ) ) ;
#21 = AXIS2_PLACEMENT_3D ( 'NONE', #1532, #3979, #948 ) ;
#22 = VERTEX_POINT ( 'NONE', #1604 ) ;
#23 = VECTOR ( 'NONE', #144, 1000.000000000000000 ) ;
#24 = LINE ( 'NONE', #458, #158 ) ;
#25 = CARTESIAN_POINT ( 'NONE',  ( -1.600000000000000089, -5.174999999999999822, 2.000000000000000000 ) ) ;
#26 = DIRECTION ( 'NONE',  ( -2.220446049250000297E-15, 4.930380657631000609E-31, 1.000000000000000000 ) ) ;
#27 = AXIS2_PLACEMENT_3D ( 'NONE', #2271, #226, #3579 ) ;
#28 = VECTOR ( 'NONE', #3693, 1000.000000000000114 ) ;
#29 = ORIENTED_EDGE ( 'NONE', *, *, #2141, .F. ) ;
#30 = DIRECTION ( 'NONE',  ( 1.000000000000000000, -2.220446049250000002E-16, 0.0000000000000000000 ) ) ;
#31 = LINE ( 'NONE', #2122, #552 ) ;
#32 = AXIS2_PLACEMENT_3D ( 'NONE', #2185, #3795, #683 ) ;
#33 = CARTESIAN_POINT ( 'NONE',  ( -2.200000000000000178, -9.825000000000001066, 4.884981308350999589E-15 ) ) ;
#34 = EDGE_CURVE ( 'NONE', #2046, #3384, #460, .T. ) ;
#35 = ORIENTED_EDGE ( 'NONE', *, *, #1493, .F. ) ;
#36 = EDGE_CURVE ( 'NONE', #514, #2261, #1968, .T. ) ;
#37 = AXIS2_PLACEMENT_3D ( 'NONE', #3879, #1154, #1694 ) ;
#38 = DIRECTION ( 'NONE',  ( 1.776356839400000001E-15, -3.944304526104999910E-31, 1.000000000000000000 ) ) ;
#39 = ORIENTED_EDGE ( 'NONE', *, *, #2516, .F. ) ;
#40 = DIRECTION ( 'NONE',  ( -1.000000000000000000, 2.220446049250000002E-16, 2.960594732334000186E-15 ) ) ;
#41 = AXIS2_PLACEMENT_3D ( 'NONE', #2339, #2607, #512 ) ;
#42 = EDGE_CURVE ( 'NONE', #944, #283, #2542, .T. ) ;
#43 = CARTESIAN_POINT ( 'NONE',  ( -5.299999999999999822, -5.174999999999999822, -3.000000000000000000 ) ) ;
#44 = VERTEX_POINT ( 'NONE', #1678 ) ;
#45 = DIRECTION ( 'NONE',  ( 2.220446049250000002E-16, 1.000000000000000000, 0.0000000000000000000 ) ) ;
#46 = VECTOR ( 'NONE', #2352, 1000.000000000000000 ) ;
#47 = DIRECTION ( 'NONE',  ( 1.000000000000000000, 0.0000000000000000000, -5.782411586589000679E-16 ) ) ;
#48 = LINE ( 'NONE', #1268, #3237 ) ;
#49 = ORIENTED_EDGE ( 'NONE', *, *, #3871, .F. ) ;
#50 = CARTESIAN_POINT ( 'NONE',  ( -1.600000000000000089, -3.700000000000000178, 0.3927400285159999838 ) ) ;
#51 = DIRECTION ( 'NONE',  ( 2.220446049250000002E-16, 1.000000000000000000, 0.0000000000000000000 ) ) ;
#52 = ORIENTED_EDGE ( 'NONE', *, *, #1523, .T. ) ;
#53 = DIRECTION ( 'NONE',  ( 1.000000000000000000, -2.220446049250000002E-16, -6.505213034912999980E-16 ) ) ;
#54 = DIRECTION ( 'NONE',  ( -1.000000000000000000, 0.0000000000000000000, 2.843808977011000057E-16 ) ) ;
#55 = ORIENTED_EDGE ( 'NONE', *, *, #3472, .F. ) ;
#56 = DIRECTION ( 'NONE',  ( 2.220446049250000002E-16, 1.000000000000000000, 0.0000000000000000000 ) ) ;
#57 = EDGE_CURVE ( 'NONE', #754, #2486, #772, .T. ) ;
#58 = DIRECTION ( 'NONE',  ( 0.0000000000000000000, 0.0000000000000000000, 1.000000000000000000 ) ) ;
#59 = VERTEX_POINT ( 'NONE', #3219 ) ;
#60 = DIRECTION ( 'NONE',  ( -2.168404344971000191E-15, 0.0000000000000000000, -1.000000000000000000 ) ) ;
#61 = EDGE_CURVE ( 'NONE', #1192, #1288, #1011, .T. ) ;
#62 = EDGE_CURVE ( 'NONE', #2580, #3865, #590, .T. ) ;
#63 = DIRECTION ( 'NONE',  ( 1.000000000000000000, 0.0000000000000000000, -4.336808689942000480E-16 ) ) ;
#64 = CARTESIAN_POINT ( 'NONE',  ( 5.000000000000000000, -11.70000000000000107, 0.0000000000000000000 ) ) ;
#65 = VERTEX_POINT ( 'NONE', #715 ) ;
#66 = DIRECTION ( 'NONE',  ( 2.220446049250000002E-16, 1.000000000000000000, 0.0000000000000000000 ) ) ;
#67 = ORIENTED_EDGE ( 'NONE', *, *, #382, .F. ) ;
#68 = DIRECTION ( 'NONE',  ( -1.000000000000000000, 2.220446049250000002E-16, -2.891205793295000083E-15 ) ) ;
#69 = VERTEX_POINT ( 'NONE', #3159 ) ;
#70 = DIRECTION ( 'NONE',  ( -1.000000000000000000, 2.220446049250000002E-16, 5.782411586589000679E-16 ) ) ;
#71 = CYLINDRICAL_SURFACE ( 'NONE', #2008, 12.50000000000000000 ) ;
#72 = CARTESIAN_POINT ( 'NONE',  ( -0.2999999999999999889, -9.825000000000001066, 8.881784197000999888E-16 ) ) ;
#73 = DIRECTION ( 'NONE',  ( -1.000000000000000000, 2.220446049250000002E-16, 0.0000000000000000000 ) ) ;
#74 = EDGE_CURVE ( 'NONE', #2878, #1506, #3790, .T. ) ;
#75 = ORIENTED_EDGE ( 'NONE', *, *, #1860, .T. ) ;
#76 = VECTOR ( 'NONE', #1282, 1000.000000000000000 ) ;
#77 = AXIS2_PLACEMENT_3D ( 'NONE', #3453, #38, #622 ) ;
#78 = LINE ( 'NONE', #1858, #2837 ) ;
#79 = EDGE_CURVE ( 'NONE', #961, #1406, #1026, .T. ) ;
#80 = ORIENTED_EDGE ( 'NONE', *, *, #2684, .T. ) ;
#81 = EDGE_CURVE ( 'NONE', #3550, #2153, #2306, .T. ) ;
#82 = AXIS2_PLACEMENT_3D ( 'NONE', #480, #1385, #3844 ) ;
#83 = CARTESIAN_POINT ( 'NONE',  ( 4.899999999999999467, -4.825000000000000178, 0.8928203230279999625 ) ) ;
#84 = ADVANCED_FACE ( 'NONE', ( #2089 ), #3365, .T. ) ;
#85 = VERTEX_POINT ( 'NONE', #565 ) ;
#86 = DIRECTION ( 'NONE',  ( -2.220446049250000002E-16, -1.000000000000000000, 0.0000000000000000000 ) ) ;
#87 = DIRECTION ( 'NONE',  ( 2.220446049250000002E-16, 1.000000000000000000, 0.0000000000000000000 ) ) ;
#88 = DIRECTION ( 'NONE',  ( 2.220446049250000002E-16, 1.000000000000000000, 0.0000000000000000000 ) ) ;
#89 = COLOUR_RGB ( '',0.3333333333333333148, 0.3333333333333333148, 1.000000000000000000 ) ;
#90 = AXIS2_PLACEMENT_3D ( 'NONE', #3326, #271, #3926 ) ;
#91 = ORIENTED_EDGE ( 'NONE', *, *, #2565, .T. ) ;
#92 = PLANE ( 'NONE',  #1610 ) ;
#93 = AXIS2_PLACEMENT_3D ( 'NONE', #310, #1520, #2258 ) ;
#94 = DIRECTION ( 'NONE',  ( 2.168404344971000191E-15, -4.814824860968000300E-31, 1.000000000000000000 ) ) ;
#95 = ORIENTED_EDGE ( 'NONE', *, *, #1417, .T. ) ;
#96 = VECTOR ( 'NONE', #1948, 1000.000000000000000 ) ;
#97 = EDGE_LOOP ( 'NONE', ( #3899, #994, #474, #2746 ) ) ;
#98 = DIRECTION ( 'NONE',  ( 0.0000000000000000000, 0.0000000000000000000, -1.000000000000000000 ) ) ;
#99 = CIRCLE ( 'NONE', #41, 0.5000000000000000000 ) ;
#100 = CARTESIAN_POINT ( 'NONE',  ( -0.2999999999999999889, -9.825000000000001066, 8.881784197000999888E-16 ) ) ;
#101 = VERTEX_POINT ( 'NONE', #3003 ) ;
#102 =( GEOMETRIC_REPRESENTATION_CONTEXT ( 3 ) GLOBAL_UNCERTAINTY_ASSIGNED_CONTEXT ( ( #2081 ) ) GLOBAL_UNIT_ASSIGNED_CONTEXT ( ( #1869, #124, #3484 ) ) REPRESENTATION_CONTEXT ( 'NONE', 'WORKASPACE' ) );
#103 = EDGE_CURVE ( 'NONE', #3962, #1194, #269, .T. ) ;
#104 = LINE ( 'NONE', #3181, #1876 ) ;
#105 = EDGE_CURVE ( 'NONE', #59, #1188, #3851, .T. ) ;
#106 = ORIENTED_EDGE ( 'NONE', *, *, #1548, .F. ) ;
#107 = CARTESIAN_POINT ( 'NONE',  ( 2.200000000000000178, -5.174999999999999822, 0.0000000000000000000 ) ) ;
#108 = CARTESIAN_POINT ( 'NONE',  ( 0.5000000000000000000, 0.8000000000000000444, 1.500000000000000000 ) ) ;
#109 = DIRECTION ( 'NONE',  ( 1.000000000000000000, -2.220446049250000002E-16, 0.0000000000000000000 ) ) ;
#110 = CARTESIAN_POINT ( 'NONE',  ( -4.700000000000000178, -10.17500000000000071, -3.000000000000000000 ) ) ;
#111 = VERTEX_POINT ( 'NONE', #627 ) ;
#112 = DIRECTION ( 'NONE',  ( 2.220446049250000002E-16, 1.000000000000000000, 0.0000000000000000000 ) ) ;
#113 = VERTEX_POINT ( 'NONE', #2063 ) ;
#114 = ORIENTED_EDGE ( 'NONE', *, *, #674, .T. ) ;
#115 = DIRECTION ( 'NONE',  ( 0.0000000000000000000, -1.000000000000000000, 3.845925372768000310E-16 ) ) ;
#116 = DIRECTION ( 'NONE',  ( 1.646488427099000057E-15, -3.655938723089000227E-31, 1.000000000000000000 ) ) ;
#117 = CARTESIAN_POINT ( 'NONE',  ( -4.700000000000000178, -4.825000000000000178, 8.881784197000999888E-15 ) ) ;
#118 = ORIENTED_EDGE ( 'NONE', *, *, #1914, .T. ) ;
#119 = DIRECTION ( 'NONE',  ( 1.000000000000000000, -2.220446049250000002E-16, 0.0000000000000000000 ) ) ;
#120 = ORIENTED_EDGE ( 'NONE', *, *, #2307, .F. ) ;
#121 = EDGE_CURVE ( 'NONE', #111, #283, #1840, .T. ) ;
#122 = EDGE_LOOP ( 'NONE', ( #1143, #2954, #815, #1853 ) ) ;
#123 = DIRECTION ( 'NONE',  ( 0.0000000000000000000, 0.0000000000000000000, 1.000000000000000000 ) ) ;
#124 =( NAMED_UNIT ( * ) PLANE_ANGLE_UNIT ( ) SI_UNIT ( $, .RADIAN. ) );
#125 = LINE ( 'NONE', #391, #2068 ) ;
#126 = EDGE_CURVE ( 'NONE', #4, #603, #329, .T. ) ;
#127 = ORIENTED_EDGE ( 'NONE', *, *, #151, .F. ) ;
#128 = CARTESIAN_POINT ( 'NONE',  ( -1.600000000000000089, -10.17500000000000071, 3.108624468949999707E-15 ) ) ;
#129 = EDGE_CURVE ( 'NONE', #1323, #3010, #1083, .T. ) ;
#130 = DIRECTION ( 'NONE',  ( 2.168404344971000191E-15, -4.814824860968000300E-31, 1.000000000000000000 ) ) ;
#131 = ORIENTED_EDGE ( 'NONE', *, *, #62, .F. ) ;
#132 = ORIENTED_EDGE ( 'NONE', *, *, #2189, .T. ) ;
#133 = CARTESIAN_POINT ( 'NONE',  ( 2.200000000000000178, -4.825000000000000178, 0.0000000000000000000 ) ) ;
#134 = FACE_OUTER_BOUND ( 'NONE', #2853, .T. ) ;
#135 = CARTESIAN_POINT ( 'NONE',  ( 5.000000000000000000, -11.25999999999999979, 8.500000000000000000 ) ) ;
#136 = VECTOR ( 'NONE', #1597, 1000.000000000000000 ) ;
#137 = EDGE_LOOP ( 'NONE', ( #3084, #1651, #231, #734, #3186, #118 ) ) ;
#138 = VECTOR ( 'NONE', #2106, 1000.000000000000000 ) ;
#139 = CARTESIAN_POINT ( 'NONE',  ( -5.000000000000000000, -3.700000000000000178, 0.0000000000000000000 ) ) ;
#140 = ORIENTED_EDGE ( 'NONE', *, *, #378, .T. ) ;
#141 = ORIENTED_EDGE ( 'NONE', *, *, #2411, .T. ) ;
#142 = CARTESIAN_POINT ( 'NONE',  ( 1.776356839399999804E-15, -3.700000000000000178, 0.2999999999999999889 ) ) ;
#143 = DIRECTION ( 'NONE',  ( -2.220446049250000002E-16, -1.000000000000000000, 0.0000000000000000000 ) ) ;
#144 = DIRECTION ( 'NONE',  ( 2.220446049250000002E-16, 1.000000000000000000, 0.0000000000000000000 ) ) ;
#145 = AXIS2_PLACEMENT_3D ( 'NONE', #1087, #3283, #1145 ) ;
#146 = VERTEX_POINT ( 'NONE', #3924 ) ;
#147 = CARTESIAN_POINT ( 'NONE',  ( -3.700000000000000178, -5.174999999999999822, 7.372574772901001011E-15 ) ) ;
#148 = DIRECTION ( 'NONE',  ( -2.220446049250000002E-16, -1.000000000000000000, 0.0000000000000000000 ) ) ;
#149 = CARTESIAN_POINT ( 'NONE',  ( 4.700000000000000178, -4.825000000000000178, -3.000000000000000000 ) ) ;
#150 = AXIS2_PLACEMENT_3D ( 'NONE', #1024, #66, #119 ) ;
#151 = EDGE_CURVE ( 'NONE', #2075, #1170, #1158, .T. ) ;
#152 = EDGE_CURVE ( 'NONE', #3635, #2139, #3297, .T. ) ;
#153 = ORIENTED_EDGE ( 'NONE', *, *, #3092, .F. ) ;
#154 = ORIENTED_EDGE ( 'NONE', *, *, #1730, .T. ) ;
#155 = FACE_OUTER_BOUND ( 'NONE', #2572, .T. ) ;
#156 = LINE ( 'NONE', #3713, #300 ) ;
#157 = ADVANCED_FACE ( 'NONE', ( #2707 ), #2984, .F. ) ;
#158 = VECTOR ( 'NONE', #2858, 1000.000000000000000 ) ;
#159 = CARTESIAN_POINT ( 'NONE',  ( 1.600000000000000089, -4.825000000000000178, 0.3927400285159999838 ) ) ;
#160 = EDGE_LOOP ( 'NONE', ( #1072, #807, #1151 ) ) ;
#161 = VECTOR ( 'NONE', #94, 1000.000000000000000 ) ;
#162 = LINE ( 'NONE', #1965, #2530 ) ;
#163 = STYLED_ITEM ( 'NONE', ( #3575 ), #3218 ) ;
#164 = ORIENTED_EDGE ( 'NONE', *, *, #600, .T. ) ;
#165 = DIRECTION ( 'NONE',  ( -1.000000000000000000, 2.220446049250000002E-16, 0.0000000000000000000 ) ) ;
#166 = STYLED_ITEM ( 'NONE', ( #1605 ), #3659 ) ;
#167 = CARTESIAN_POINT ( 'NONE',  ( 1.716653721634000096, 7.000000000000000000, 9.400000000000000355 ) ) ;
#168 = DIRECTION ( 'NONE',  ( 0.5000000000001899592, -1.110223024625422041E-16, -0.8660254037843289066 ) ) ;
#169 = LINE ( 'NONE', #1069, #2000 ) ;
#170 = VERTEX_POINT ( 'NONE', #3028 ) ;
#171 = CARTESIAN_POINT ( 'NONE',  ( 5.009999999999999787, -11.25999999999999979, 11.70999999999999908 ) ) ;
#172 = VERTEX_POINT ( 'NONE', #3617 ) ;
#173 = ORIENTED_EDGE ( 'NONE', *, *, #2634, .F. ) ;
#174 = EDGE_CURVE ( 'NONE', #636, #889, #3664, .T. ) ;
#175 = CARTESIAN_POINT ( 'NONE',  ( 5.299999999999999822, -9.825000000000001066, 0.2000000000000000111 ) ) ;
#176 = CARTESIAN_POINT ( 'NONE',  ( 1.600000000000000089, -3.700000000000000178, 0.3927400285159999838 ) ) ;
#177 = DIRECTION ( 'NONE',  ( -1.734723475977000168E-15, 3.851859888774000082E-31, -1.000000000000000000 ) ) ;
#178 = VERTEX_POINT ( 'NONE', #2430 ) ;
#179 = EDGE_CURVE ( 'NONE', #1055, #1259, #2129, .T. ) ;
#180 = EDGE_CURVE ( 'NONE', #714, #170, #1202, .T. ) ;
#181 = DIRECTION ( 'NONE',  ( 0.0000000000000000000, 0.0000000000000000000, 1.000000000000000000 ) ) ;
#182 = ORIENTED_EDGE ( 'NONE', *, *, #3465, .F. ) ;
#183 = ORIENTED_EDGE ( 'NONE', *, *, #129, .T. ) ;
#184 = LINE ( 'NONE', #3868, #3828 ) ;
#185 = LINE ( 'NONE', #1661, #1693 ) ;
#186 = DIRECTION ( 'NONE',  ( -1.000000000000000000, 2.220446049250000002E-16, 4.336808689942000480E-16 ) ) ;
#187 = VERTEX_POINT ( 'NONE', #3324 ) ;
#188 = DIRECTION ( 'NONE',  ( 0.0000000000000000000, 0.0000000000000000000, 1.000000000000000000 ) ) ;
#189 = ORIENTED_EDGE ( 'NONE', *, *, #2839, .T. ) ;
#190 = PRODUCT_DEFINITION_CONTEXT ( 'detailed design', #405, 'design' ) ;
#191 = VERTEX_POINT ( 'NONE', #3343 ) ;
#192 = DIRECTION ( 'NONE',  ( 0.8660254037843290176, -1.922962686384731084E-16, -0.5000000000001900702 ) ) ;
#193 = DIRECTION ( 'NONE',  ( -1.000000000000000000, 0.0000000000000000000, 0.0000000000000000000 ) ) ;
#194 = EDGE_CURVE ( 'NONE', #2800, #3474, #1501, .T. ) ;
#195 = CARTESIAN_POINT ( 'NONE',  ( -4.700000000000000178, -5.174999999999999822, -3.000000000000000000 ) ) ;
#196 = ORIENTED_EDGE ( 'NONE', *, *, #430, .T. ) ;
#197 = EDGE_CURVE ( 'NONE', #3537, #3722, #886, .T. ) ;
#198 =( NAMED_UNIT ( * ) PLANE_ANGLE_UNIT ( ) SI_UNIT ( $, .RADIAN. ) );
#199 = EDGE_LOOP ( 'NONE', ( #494, #1168, #1272, #3863 ) ) ;
#200 = EDGE_CURVE ( 'NONE', #2959, #1855, #1822, .T. ) ;
#201 = VERTEX_POINT ( 'NONE', #933 ) ;
#202 = VECTOR ( 'NONE', #2619, 1000.000000000000000 ) ;
#203 = LINE ( 'NONE', #2005, #1119 ) ;
#204 = LINE ( 'NONE', #2923, #3444 ) ;
#205 = ADVANCED_FACE ( 'NONE', ( #2154 ), #2769, .F. ) ;
#206 = DIRECTION ( 'NONE',  ( -1.000000000000000000, 2.220446049250000002E-16, -2.220446049250000297E-15 ) ) ;
#207 = VECTOR ( 'NONE', #1580, 1000.000000000000000 ) ;
#208 = ORIENTED_EDGE ( 'NONE', *, *, #1203, .T. ) ;
#209 = CARTESIAN_POINT ( 'NONE',  ( 5.299999999999999822, -4.825000000000000178, -3.000000000000000000 ) ) ;
#210 = EDGE_LOOP ( 'NONE', ( #2158, #826, #2603, #534 ) ) ;
#211 = DIRECTION ( 'NONE',  ( 2.220446049250000002E-16, 1.000000000000000000, 0.0000000000000000000 ) ) ;
#212 = CARTESIAN_POINT ( 'NONE',  ( 4.899999999999999467, -9.825000000000001066, 0.8928203230279999625 ) ) ;
#213 = VECTOR ( 'NONE', #3738, 1000.000000000000000 ) ;
#214 = ORIENTED_EDGE ( 'NONE', *, *, #2798, .F. ) ;
#215 = ORIENTED_EDGE ( 'NONE', *, *, #1508, .F. ) ;
#216 = DIRECTION ( 'NONE',  ( 1.000000000000000000, -2.220446049250000002E-16, 0.0000000000000000000 ) ) ;
#217 = VECTOR ( 'NONE', #2353, 1000.000000000000000 ) ;
#218 = DIRECTION ( 'NONE',  ( -1.000000000000000000, 2.891205793294678326E-16, 0.0000000000000000000 ) ) ;
#219 = LINE ( 'NONE', #2461, #415 ) ;
#220 = PLANE ( 'NONE',  #2831 ) ;
#221 = AXIS2_PLACEMENT_3D ( 'NONE', #1857, #1325, #1901 ) ;
#222 = VECTOR ( 'NONE', #3933, 1000.000000000000000 ) ;
#223 = VERTEX_POINT ( 'NONE', #3724 ) ;
#224 = CIRCLE ( 'NONE', #2838, 12.50000000000000000 ) ;
#225 = VECTOR ( 'NONE', #3576, 1000.000000000000000 ) ;
#226 = DIRECTION ( 'NONE',  ( -1.000000000000000000, 2.220446049250000002E-16, 1.734723475977000168E-15 ) ) ;
#227 = LINE ( 'NONE', #3301, #3106 ) ;
#228 = EDGE_LOOP ( 'NONE', ( #2510, #1977, #352, #2371, #730, #3284 ) ) ;
#229 = VECTOR ( 'NONE', #3498, 1000.000000000000000 ) ;
#230 = EDGE_CURVE ( 'NONE', #1886, #3533, #2243, .T. ) ;
#231 = ORIENTED_EDGE ( 'NONE', *, *, #3252, .T. ) ;
#232 = CARTESIAN_POINT ( 'NONE',  ( -5.000000000000000000, -11.25999999999999979, 0.0000000000000000000 ) ) ;
#233 = AXIS2_PLACEMENT_3D ( 'NONE', #72, #1897, #3470 ) ;
#234 = CARTESIAN_POINT ( 'NONE',  ( 2.958039891549999911, 7.000000000000000000, 7.000000000000000000 ) ) ;
#235 = AXIS2_PLACEMENT_3D ( 'NONE', #409, #2797, #1908 ) ;
#236 = ADVANCED_FACE ( 'NONE', ( #2188 ), #1298, .T. ) ;
#237 = DIRECTION ( 'NONE',  ( 0.0000000000000000000, 0.0000000000000000000, -1.000000000000000000 ) ) ;
#238 = VERTEX_POINT ( 'NONE', #2171 ) ;
#239 = DIRECTION ( 'NONE',  ( -2.220446049250000002E-16, -1.000000000000000000, 0.0000000000000000000 ) ) ;
#240 = LINE ( 'NONE', #149, #304 ) ;
#241 = ORIENTED_EDGE ( 'NONE', *, *, #121, .T. ) ;
#242 = UNCERTAINTY_MEASURE_WITH_UNIT (LENGTH_MEASURE( 1.000000000000000082E-05 ), #898, 'distance_accuracy_value', 'NONE');
#243 = EDGE_LOOP ( 'NONE', ( #1509, #80, #1292, #182, #589, #2805, #3927, #2133, #2997, #1638 ) ) ;
#244 = CARTESIAN_POINT ( 'NONE',  ( 2.958039891549999911, 15.00000000000000000, 7.000000000000000000 ) ) ;
#245 = CARTESIAN_POINT ( 'NONE',  ( 0.5000000000000000000, -9.825000000000001066, 4.336808689941999987E-16 ) ) ;
#246 = FACE_OUTER_BOUND ( 'NONE', #210, .T. ) ;
#247 = ORIENTED_EDGE ( 'NONE', *, *, #473, .T. ) ;
#248 = CARTESIAN_POINT ( 'NONE',  ( -15.40000000000000036, 7.000000000000000000, 3.600000000000000089 ) ) ;
#249 = CARTESIAN_POINT ( 'NONE',  ( 1.000000000000000000, 0.8000000000000000444, 0.5000000000000000000 ) ) ;
#250 = PLANE ( 'NONE',  #607 ) ;
#251 = ORIENTED_EDGE ( 'NONE', *, *, #3503, .F. ) ;
#252 = ORIENTED_EDGE ( 'NONE', *, *, #3916, .F. ) ;
#253 = CARTESIAN_POINT ( 'NONE',  ( 2.799999999999999822, -4.825000000000000178, -3.000000000000000000 ) ) ;
#254 = CARTESIAN_POINT ( 'NONE',  ( 1.000000000000000000, 0.0000000000000000000, 0.5000000000000000000 ) ) ;
#255 = EDGE_CURVE ( 'NONE', #2881, #508, #1935, .T. ) ;
#256 = VERTEX_POINT ( 'NONE', #1324 ) ;
#257 = CARTESIAN_POINT ( 'NONE',  ( 0.0000000000000000000, -10.17500000000000071, 12.80000000000000071 ) ) ;
#258 = VERTEX_POINT ( 'NONE', #3440 ) ;
#259 = DIRECTION ( 'NONE',  ( 2.220446049250000002E-16, 1.000000000000000000, 0.0000000000000000000 ) ) ;
#260 = LINE ( 'NONE', #3395, #1122 ) ;
#261 = EDGE_CURVE ( 'NONE', #2031, #1057, #3458, .T. ) ;
#262 = ORIENTED_EDGE ( 'NONE', *, *, #1715, .F. ) ;
#263 = ORIENTED_EDGE ( 'NONE', *, *, #1983, .T. ) ;
#264 = DIRECTION ( 'NONE',  ( 6.505213034912999980E-16, -1.444447458289999932E-31, 1.000000000000000000 ) ) ;
#265 =( LENGTH_UNIT ( ) NAMED_UNIT ( * ) SI_UNIT ( .MILLI., .METRE. ) );
#266 = DIRECTION ( 'NONE',  ( -2.220446049250000002E-16, -1.000000000000000000, 0.0000000000000000000 ) ) ;
#267 = LINE ( 'NONE', #1778, #745 ) ;
#268 = VERTEX_POINT ( 'NONE', #689 ) ;
#269 = LINE ( 'NONE', #1463, #3479 ) ;
#270 = DIRECTION ( 'NONE',  ( 1.000000000000000000, -2.220446049250000002E-16, 0.0000000000000000000 ) ) ;
#271 = DIRECTION ( 'NONE',  ( -1.000000000000000000, 2.220446049250000002E-16, 1.734723475977000168E-15 ) ) ;
#272 = VERTEX_POINT ( 'NONE', #663 ) ;
#273 = ORIENTED_EDGE ( 'NONE', *, *, #1310, .F. ) ;
#274 = CARTESIAN_POINT ( 'NONE',  ( 0.2999999999999999889, -5.174999999999999822, 0.0000000000000000000 ) ) ;
#275 = LINE ( 'NONE', #3668, #932 ) ;
#276 = VECTOR ( 'NONE', #3678, 1000.000000000000000 ) ;
#277 = DIRECTION ( 'NONE',  ( -2.220446049250000002E-16, -1.000000000000000000, 0.0000000000000000000 ) ) ;
#278 = ORIENTED_EDGE ( 'NONE', *, *, #2011, .F. ) ;
#279 = SURFACE_SIDE_STYLE ('',( #3394 ) ) ;
#280 = PLANE ( 'NONE',  #421 ) ;
#281 = AXIS2_PLACEMENT_3D ( 'NONE', #682, #1534, #703 ) ;
#282 = ORIENTED_EDGE ( 'NONE', *, *, #2011, .T. ) ;
#283 = VERTEX_POINT ( 'NONE', #3404 ) ;
#284 = DIRECTION ( 'NONE',  ( -2.220446049250000002E-16, -1.000000000000000000, 0.0000000000000000000 ) ) ;
#285 = ADVANCED_FACE ( 'NONE', ( #3420 ), #3133, .F. ) ;
#286 = PRESENTATION_STYLE_ASSIGNMENT (( #345 ) ) ;
#287 = EDGE_CURVE ( 'NONE', #2414, #3039, #1900, .T. ) ;
#288 = CARTESIAN_POINT ( 'NONE',  ( -2.200000000000000178, -5.174999999999999822, -3.000000000000000000 ) ) ;
#289 = ORIENTED_EDGE ( 'NONE', *, *, #3888, .F. ) ;
#290 = DIRECTION ( 'NONE',  ( 2.220446049250000002E-16, 1.000000000000000000, 0.0000000000000000000 ) ) ;
#291 = EDGE_CURVE ( 'NONE', #223, #3550, #1877, .T. ) ;
#292 = AXIS2_PLACEMENT_3D ( 'NONE', #331, #2770, #19 ) ;
#293 = FACE_OUTER_BOUND ( 'NONE', #2648, .T. ) ;
#294 = CARTESIAN_POINT ( 'NONE',  ( -0.5000000000000000000, 1.776356839399999804E-15, 1.000000000000000000 ) ) ;
#295 = VERTEX_POINT ( 'NONE', #2553 ) ;
#296 = CIRCLE ( 'NONE', #1102, 12.50999999999999979 ) ;
#297 = VERTEX_POINT ( 'NONE', #1538 ) ;
#298 = DIRECTION ( 'NONE',  ( 0.0000000000000000000, 0.0000000000000000000, -1.000000000000000000 ) ) ;
#299 = CARTESIAN_POINT ( 'NONE',  ( 2.200000000000000178, -10.17500000000000071, -3.000000000000000000 ) ) ;
#300 = VECTOR ( 'NONE', #2496, 1000.000000000000000 ) ;
#301 = ORIENTED_EDGE ( 'NONE', *, *, #3146, .T. ) ;
#302 = PLANE ( 'NONE',  #3026 ) ;
#303 = ORIENTED_EDGE ( 'NONE', *, *, #2438, .F. ) ;
#304 = VECTOR ( 'NONE', #1071, 1000.000000000000000 ) ;
#305 =( NAMED_UNIT ( * ) SI_UNIT ( $, .STERADIAN. ) SOLID_ANGLE_UNIT ( ) );
#306 = FACE_OUTER_BOUND ( 'NONE', #1474, .T. ) ;
#307 = EDGE_LOOP ( 'NONE', ( #3460, #2228, #1893, #2211 ) ) ;
#308 = VERTEX_POINT ( 'NONE', #2229 ) ;
#309 = FACE_OUTER_BOUND ( 'NONE', #1326, .T. ) ;
#310 = CARTESIAN_POINT ( 'NONE',  ( -1.600000000000000089, -9.825000000000001066, 2.000000000000000000 ) ) ;
#311 = CARTESIAN_POINT ( 'NONE',  ( -1.776356839399999804E-15, -20.00000000000000000, 0.2999999999999999889 ) ) ;
#312 = ORIENTED_EDGE ( 'NONE', *, *, #1500, .T. ) ;
#313 = CARTESIAN_POINT ( 'NONE',  ( 1.000000000000000000, 0.8000000000000000444, 0.5000000000000000000 ) ) ;
#314 = DIRECTION ( 'NONE',  ( -8.673617379883999973E-16, 0.0000000000000000000, -1.000000000000000000 ) ) ;
#315 = CARTESIAN_POINT ( 'NONE',  ( 5.009999999999999787, -3.700000000000000178, 3.500000000000000000 ) ) ;
#316 = EDGE_CURVE ( 'NONE', #328, #2777, #3784, .T. ) ;
#317 = VERTEX_POINT ( 'NONE', #3475 ) ;
#318 = EDGE_CURVE ( 'NONE', #2268, #101, #725, .T. ) ;
#319 = DIRECTION ( 'NONE',  ( -5.782411586589000679E-16, 1.283953296257999954E-31, -1.000000000000000000 ) ) ;
#320 = LINE ( 'NONE', #254, #1938 ) ;
#321 = VERTEX_POINT ( 'NONE', #18 ) ;
#322 = FACE_OUTER_BOUND ( 'NONE', #3027, .T. ) ;
#323 = DIRECTION ( 'NONE',  ( 3.180326372624000269E-15, -7.061743129420001129E-31, -1.000000000000000000 ) ) ;
#324 = LINE ( 'NONE', #3699, #3687 ) ;
#325 = ORIENTED_EDGE ( 'NONE', *, *, #3520, .T. ) ;
#326 = FACE_OUTER_BOUND ( 'NONE', #2282, .T. ) ;
#327 = DIRECTION ( 'NONE',  ( -2.220446049250000002E-16, -1.000000000000000000, 0.0000000000000000000 ) ) ;
#328 = VERTEX_POINT ( 'NONE', #366 ) ;
#329 = LINE ( 'NONE', #313, #1228 ) ;
#330 = ADVANCED_FACE ( 'NONE', ( #3087 ), #3740, .F. ) ;
#331 = CARTESIAN_POINT ( 'NONE',  ( -5.000000000000000000, 1.776356839399999804E-15, 11.70000000000000107 ) ) ;
#332 = DIRECTION ( 'NONE',  ( -2.220446049250000002E-16, -1.000000000000000000, 0.0000000000000000000 ) ) ;
#333 = ORIENTED_EDGE ( 'NONE', *, *, #3199, .T. ) ;
#334 = ADVANCED_FACE ( 'NONE', ( #1856 ), #2492, .F. ) ;
#335 = DIRECTION ( 'NONE',  ( 0.0000000000000000000, 0.0000000000000000000, -1.000000000000000000 ) ) ;
#336 = LINE ( 'NONE', #25, #2345 ) ;
#337 = CARTESIAN_POINT ( 'NONE',  ( 3.700000000000000178, -10.17500000000000071, -8.881784197000999888E-16 ) ) ;
#338 = EDGE_CURVE ( 'NONE', #3635, #3537, #2787, .T. ) ;
#339 = ORIENTED_EDGE ( 'NONE', *, *, #1710, .F. ) ;
#340 = DIRECTION ( 'NONE',  ( 0.0000000000000000000, 0.0000000000000000000, 1.000000000000000000 ) ) ;
#341 = DIRECTION ( 'NONE',  ( 1.646488427099000057E-15, -3.655938723089000227E-31, 1.000000000000000000 ) ) ;
#342 = VECTOR ( 'NONE', #584, 1000.000000000000000 ) ;
#343 = ORIENTED_EDGE ( 'NONE', *, *, #1426, .F. ) ;
#344 = LINE ( 'NONE', #1555, #399 ) ;
#345 = SURFACE_STYLE_USAGE ( .BOTH. , #2428 ) ;
#346 = VECTOR ( 'NONE', #264, 1000.000000000000000 ) ;
#347 = CARTESIAN_POINT ( 'NONE',  ( 0.0000000000000000000, -11.70000000000000107, 12.80000000000000071 ) ) ;
#348 = ORIENTED_EDGE ( 'NONE', *, *, #2022, .F. ) ;
#349 = CARTESIAN_POINT ( 'NONE',  ( -5.299999999999999822, -9.825000000000001066, -3.000000000000000000 ) ) ;
#350 = CARTESIAN_POINT ( 'NONE',  ( 4.700000000000000178, -10.17500000000000071, -3.000000000000000000 ) ) ;
#351 = VECTOR ( 'NONE', #1786, 1000.000000000000000 ) ;
#352 = ORIENTED_EDGE ( 'NONE', *, *, #578, .F. ) ;
#353 = VECTOR ( 'NONE', #186, 1000.000000000000000 ) ;
#354 = LINE ( 'NONE', #2570, #2972 ) ;
#355 = VECTOR ( 'NONE', #3261, 1000.000000000000000 ) ;
#356 = EDGE_CURVE ( 'NONE', #2139, #3722, #985, .T. ) ;
#357 = EDGE_LOOP ( 'NONE', ( #2224, #3274, #592, #1641 ) ) ;
#358 = PLANE ( 'NONE',  #945 ) ;
#359 = VECTOR ( 'NONE', #2126, 1000.000000000000000 ) ;
#360 = EDGE_LOOP ( 'NONE', ( #215, #3606, #3807, #2504 ) ) ;
#361 = AXIS2_PLACEMENT_3D ( 'NONE', #1423, #1647, #2329 ) ;
#362 = DIRECTION ( 'NONE',  ( -1.000000000000000000, 2.220446049250000002E-16, 5.782411586589000679E-16 ) ) ;
#363 = VECTOR ( 'NONE', #2036, 1000.000000000000000 ) ;
#364 = LINE ( 'NONE', #2490, #612 ) ;
#365 = ORIENTED_EDGE ( 'NONE', *, *, #261, .T. ) ;
#366 = CARTESIAN_POINT ( 'NONE',  ( -5.299999999999999822, -4.825000000000000178, 0.2000000000000000111 ) ) ;
#367 = VECTOR ( 'NONE', #3527, 1000.000000000000000 ) ;
#368 = CARTESIAN_POINT ( 'NONE',  ( -5.000000000000000000, -11.25999999999999979, 8.500000000000000000 ) ) ;
#369 = ORIENTED_EDGE ( 'NONE', *, *, #496, .F. ) ;
#370 =( NAMED_UNIT ( * ) PLANE_ANGLE_UNIT ( ) SI_UNIT ( $, .RADIAN. ) );
#371 = ORIENTED_EDGE ( 'NONE', *, *, #1964, .F. ) ;
#372 = CARTESIAN_POINT ( 'NONE',  ( 5.000000000000000000, 9.000000000000000000, 0.0000000000000000000 ) ) ;
#373 = ADVANCED_FACE ( 'NONE', ( #2020 ), #495, .F. ) ;
#374 = CARTESIAN_POINT ( 'NONE',  ( -5.000000000000000000, -3.700000000000000178, 11.70000000000000107 ) ) ;
#375 = EDGE_LOOP ( 'NONE', ( #2294, #1402, #1475, #3976 ) ) ;
#376 = CARTESIAN_POINT ( 'NONE',  ( 5.299999999999999822, -4.825000000000000178, 0.2000000000000000111 ) ) ;
#377 = ADVANCED_FACE ( 'NONE', ( #3534 ), #3232, .T. ) ;
#378 = EDGE_CURVE ( 'NONE', #295, #3474, #2857, .T. ) ;
#379 = CARTESIAN_POINT ( 'NONE',  ( 2.799999999999999822, -4.825000000000000178, 0.6073751800519999744 ) ) ;
#380 = ORIENTED_EDGE ( 'NONE', *, *, #2019, .T. ) ;
#381 = DIRECTION ( 'NONE',  ( 2.220446049250000002E-16, 1.000000000000000000, 0.0000000000000000000 ) ) ;
#382 = EDGE_CURVE ( 'NONE', #3493, #1959, #1711, .T. ) ;
#383 = DIRECTION ( 'NONE',  ( 2.220446049250000002E-16, 1.000000000000000000, 0.0000000000000000000 ) ) ;
#384 = FACE_OUTER_BOUND ( 'NONE', #1346, .T. ) ;
#385 = ORIENTED_EDGE ( 'NONE', *, *, #632, .T. ) ;
#386 = SURFACE_STYLE_FILL_AREA ( #2497 ) ;
#387 = FACE_OUTER_BOUND ( 'NONE', #375, .T. ) ;
#388 = ORIENTED_EDGE ( 'NONE', *, *, #1642, .F. ) ;
#389 = CARTESIAN_POINT ( 'NONE',  ( 0.5000000000000000000, -10.17500000000000071, 4.440892098500999885E-16 ) ) ;
#390 = DIRECTION ( 'NONE',  ( -6.505213034912999980E-16, 0.0000000000000000000, -1.000000000000000000 ) ) ;
#391 = CARTESIAN_POINT ( 'NONE',  ( -2.799999999999999822, -3.700000000000000178, 0.6073751800519999744 ) ) ;
#392 = CARTESIAN_POINT ( 'NONE',  ( 3.700000000000000178, -4.825000000000000178, -8.881784197000999888E-16 ) ) ;
#393 = CARTESIAN_POINT ( 'NONE',  ( -5.299999999999999822, -9.825000000000001066, -3.000000000000000000 ) ) ;
#394 = ORIENTED_EDGE ( 'NONE', *, *, #2558, .T. ) ;
#395 = EDGE_LOOP ( 'NONE', ( #2812, #3064, #3203, #695 ) ) ;
#396 = ADVANCED_FACE ( 'NONE', ( #155 ), #1692, .F. ) ;
#397 = CARTESIAN_POINT ( 'NONE',  ( 4.899999999999999467, -4.825000000000000178, 0.8928203230279999625 ) ) ;
#398 = VECTOR ( 'NONE', #605, 1000.000000000000000 ) ;
#399 = VECTOR ( 'NONE', #2782, 1000.000000000000000 ) ;
#400 = FACE_OUTER_BOUND ( 'NONE', #2095, .T. ) ;
#401 = CARTESIAN_POINT ( 'NONE',  ( 5.000000000000000000, 0.0000000000000000000, 1.343560762609999903 ) ) ;
#402 = EDGE_LOOP ( 'NONE', ( #1163, #883, #1081, #3876 ) ) ;
#403 = EDGE_CURVE ( 'NONE', #3827, #2977, #1116, .T. ) ;
#404 = VECTOR ( 'NONE', #1200, 1000.000000000000000 ) ;
#405 = APPLICATION_CONTEXT ( 'automotive_design' ) ;
#406 = CARTESIAN_POINT ( 'NONE',  ( 5.329070518201000674E-15, 15.00000000000000000, 6.500000000000000000 ) ) ;
#407 = CIRCLE ( 'NONE', #1241, 12.50000000000000000 ) ;
#408 = DIRECTION ( 'NONE',  ( 2.220446049250000002E-16, 1.000000000000000000, 0.0000000000000000000 ) ) ;
#409 = CARTESIAN_POINT ( 'NONE',  ( -0.5000000000000000000, 0.8000000000000000444, 1.000000000000000000 ) ) ;
#410 = CARTESIAN_POINT ( 'NONE',  ( 5.000000000000000000, 0.8000000000000000444, 0.0000000000000000000 ) ) ;
#411 = CIRCLE ( 'NONE', #934, 12.50999999999999979 ) ;
#412 = VECTOR ( 'NONE', #3620, 1000.000000000000000 ) ;
#413 = ORIENTED_EDGE ( 'NONE', *, *, #929, .F. ) ;
#414 = VECTOR ( 'NONE', #491, 1000.000000000000000 ) ;
#415 = VECTOR ( 'NONE', #1516, 1000.000000000000000 ) ;
#416 = CARTESIAN_POINT ( 'NONE',  ( -1.000000000000000000, 0.8000000000000000444, 1.500000000000000000 ) ) ;
#417 = ORIENTED_EDGE ( 'NONE', *, *, #2172, .F. ) ;
#418 = VECTOR ( 'NONE', #3801, 1000.000000000000000 ) ;
#419 = ORIENTED_EDGE ( 'NONE', *, *, #1419, .T. ) ;
#420 = CARTESIAN_POINT ( 'NONE',  ( 4.899999999999999467, -10.17500000000000071, 0.8928203230279999625 ) ) ;
#421 = AXIS2_PLACEMENT_3D ( 'NONE', #1490, #323, #1531 ) ;
#422 = DIRECTION ( 'NONE',  ( 1.000000000000000000, -2.220446049250000002E-16, 0.0000000000000000000 ) ) ;
#423 = ADVANCED_FACE ( 'NONE', ( #3518 ), #821, .F. ) ;
#424 = DIRECTION ( 'NONE',  ( 2.220446049250000002E-16, 1.000000000000000000, 0.0000000000000000000 ) ) ;
#425 = ORIENTED_EDGE ( 'NONE', *, *, #3571, .F. ) ;
#426 = VECTOR ( 'NONE', #2160, 1000.000000000000000 ) ;
#427 = SURFACE_SIDE_STYLE ('',( #386 ) ) ;
#428 = ADVANCED_FACE ( 'NONE', ( #2586 ), #3860, .F. ) ;
#429 = ORIENTED_EDGE ( 'NONE', *, *, #2192, .T. ) ;
#430 = EDGE_CURVE ( 'NONE', #1209, #69, #1340, .T. ) ;
#431 = LINE ( 'NONE', #2559, #726 ) ;
#432 = CARTESIAN_POINT ( 'NONE',  ( 5.000000000000000000, -10.17500000000000071, 0.0000000000000000000 ) ) ;
#433 = CARTESIAN_POINT ( 'NONE',  ( -2.799999999999999822, -5.174999999999999822, -3.000000000000000000 ) ) ;
#434 = LINE ( 'NONE', #3754, #1047 ) ;
#435 = VERTEX_POINT ( 'NONE', #420 ) ;
#436 = PRESENTATION_STYLE_ASSIGNMENT (( #489 ) ) ;
#437 = DIRECTION ( 'NONE',  ( -1.000000000000000000, 2.220446049250000002E-16, 4.440892098500999885E-16 ) ) ;
#438 = VERTEX_POINT ( 'NONE', #1653 ) ;
#439 = EDGE_LOOP ( 'NONE', ( #3478, #2197, #3006, #3943 ) ) ;
#440 = PLANE ( 'NONE',  #3741 ) ;
#441 = DIRECTION ( 'NONE',  ( -2.220446049250000002E-16, -1.000000000000000000, 0.0000000000000000000 ) ) ;
#442 = EDGE_LOOP ( 'NONE', ( #2169, #2975, #3516, #3719 ) ) ;
#443 = LINE ( 'NONE', #483, #3373 ) ;
#444 = VERTEX_POINT ( 'NONE', #175 ) ;
#445 = DIRECTION ( 'NONE',  ( -1.000000000000000000, 2.220446049250000002E-16, 0.0000000000000000000 ) ) ;
#446 = EDGE_CURVE ( 'NONE', #2781, #976, #1093, .T. ) ;
#447 = ORIENTED_EDGE ( 'NONE', *, *, #3990, .T. ) ;
#448 = EDGE_CURVE ( 'NONE', #2977, #2878, #3820, .T. ) ;
#449 = CARTESIAN_POINT ( 'NONE',  ( -0.2999999999999999889, -9.825000000000001066, -3.000000000000000000 ) ) ;
#450 = PLANE ( 'NONE',  #2587 ) ;
#451 = ORIENTED_EDGE ( 'NONE', *, *, #1226, .F. ) ;
#452 = EDGE_CURVE ( 'NONE', #3415, #2297, #3800, .T. ) ;
#453 = LINE ( 'NONE', #1110, #2471 ) ;
#454 = CARTESIAN_POINT ( 'NONE',  ( 5.009999999999999787, -3.700000000000000178, 1.337016095274000005 ) ) ;
#455 = ORIENTED_EDGE ( 'NONE', *, *, #103, .T. ) ;
#456 = ORIENTED_EDGE ( 'NONE', *, *, #1086, .F. ) ;
#457 = LINE ( 'NONE', #1671, #1992 ) ;
#458 = CARTESIAN_POINT ( 'NONE',  ( 5.299999999999999822, -9.825000000000001066, -3.000000000000000000 ) ) ;
#459 = DIRECTION ( 'NONE',  ( 0.0000000000000000000, 0.0000000000000000000, 1.000000000000000000 ) ) ;
#460 = CIRCLE ( 'NONE', #2946, 3.000000000000000000 ) ;
#461 = VERTEX_POINT ( 'NONE', #3195 ) ;
#462 = VECTOR ( 'NONE', #3226, 1000.000000000000000 ) ;
#463 = ORIENTED_EDGE ( 'NONE', *, *, #1132, .F. ) ;
#464 = ORIENTED_EDGE ( 'NONE', *, *, #121, .F. ) ;
#465 = CARTESIAN_POINT ( 'NONE',  ( -5.009999999999999787, -3.700000000000000178, 11.70999999999999908 ) ) ;
#466 = DIRECTION ( 'NONE',  ( 4.440892098500999885E-16, -9.860761315263000082E-32, 1.000000000000000000 ) ) ;
#467 = COLOUR_RGB ( '',0.3333333333333333148, 0.3333333333333333148, 1.000000000000000000 ) ;
#468 = ORIENTED_EDGE ( 'NONE', *, *, #180, .T. ) ;
#469 = ADVANCED_FACE ( 'NONE', ( #2915 ), #440, .F. ) ;
#470 = CARTESIAN_POINT ( 'NONE',  ( -4.700000000000000178, -9.825000000000001066, -3.000000000000000000 ) ) ;
#471 = CARTESIAN_POINT ( 'NONE',  ( 4.899999999999999467, -3.700000000000000178, 1.289565603332000210 ) ) ;
#472 = AXIS2_PLACEMENT_3D ( 'NONE', #2709, #3004, #270 ) ;
#473 = EDGE_CURVE ( 'NONE', #944, #1188, #457, .T. ) ;
#474 = ORIENTED_EDGE ( 'NONE', *, *, #3099, .F. ) ;
#475 = EDGE_LOOP ( 'NONE', ( #2348, #35, #918, #463, #891, #1062, #3248, #3772, #419 ) ) ;
#476 = EDGE_CURVE ( 'NONE', #777, #297, #3939, .T. ) ;
#477 = VECTOR ( 'NONE', #40, 1000.000000000000000 ) ;
#478 = CARTESIAN_POINT ( 'NONE',  ( 5.329070518201000674E-15, 15.00000000000000000, 6.500000000000000000 ) ) ;
#479 = VECTOR ( 'NONE', #3908, 1000.000000000000000 ) ;
#480 = CARTESIAN_POINT ( 'NONE',  ( 8.881784197000999888E-16, -5.174999999999999822, 12.80000000000000071 ) ) ;
#481 = ORIENTED_EDGE ( 'NONE', *, *, #2213, .F. ) ;
#482 = AXIS2_PLACEMENT_3D ( 'NONE', #1774, #3376, #9 ) ;
#483 = CARTESIAN_POINT ( 'NONE',  ( 1.776356839399999804E-15, -3.700000000000000178, 3.500000000000000000 ) ) ;
#484 = AXIS2_PLACEMENT_3D ( 'NONE', #587, #3929, #1166 ) ;
#485 = VERTEX_POINT ( 'NONE', #3900 ) ;
#486 = DIRECTION ( 'NONE',  ( 0.0000000000000000000, 0.0000000000000000000, 1.000000000000000000 ) ) ;
#487 = DIRECTION ( 'NONE',  ( 0.0000000000000000000, 0.0000000000000000000, 1.000000000000000000 ) ) ;
#488 = ORIENTED_EDGE ( 'NONE', *, *, #2736, .T. ) ;
#489 = SURFACE_STYLE_USAGE ( .BOTH. , #2908 ) ;
#490 = ADVANCED_FACE ( 'NONE', ( #598 ), #2084, .T. ) ;
#491 = DIRECTION ( 'NONE',  ( -2.220446049250000002E-16, -1.000000000000000000, 0.0000000000000000000 ) ) ;
#492 = FACE_OUTER_BOUND ( 'NONE', #3818, .T. ) ;
#493 = ORIENTED_EDGE ( 'NONE', *, *, #3597, .T. ) ;
#494 = ORIENTED_EDGE ( 'NONE', *, *, #2816, .F. ) ;
#495 = PLANE ( 'NONE',  #1732 ) ;
#496 = EDGE_CURVE ( 'NONE', #2112, #3125, #3612, .T. ) ;
#497 = PLANE ( 'NONE',  #1953 ) ;
#498 = EDGE_CURVE ( 'NONE', #2800, #85, #515, .T. ) ;
#499 = CARTESIAN_POINT ( 'NONE',  ( 5.299999999999999822, -5.174999999999999822, 0.2000000000000000111 ) ) ;
#500 = ORIENTED_EDGE ( 'NONE', *, *, #2218, .T. ) ;
#501 = EDGE_CURVE ( 'NONE', #2706, #533, #3290, .T. ) ;
#502 = FILL_AREA_STYLE ('',( #2025 ) ) ;
#503 = EDGE_LOOP ( 'NONE', ( #3473, #173, #1205, #114 ) ) ;
#504 = VERTEX_POINT ( 'NONE', #2379 ) ;
#505 = DIRECTION ( 'NONE',  ( 2.220446049250000002E-16, 1.000000000000000000, 0.0000000000000000000 ) ) ;
#506 = LINE ( 'NONE', #232, #367 ) ;
#507 = DIRECTION ( 'NONE',  ( 1.000000000000000000, -2.220446049250000002E-16, 0.0000000000000000000 ) ) ;
#508 = VERTEX_POINT ( 'NONE', #3638 ) ;
#509 = CARTESIAN_POINT ( 'NONE',  ( 0.5000000000000000000, -5.174999999999999822, 1.000000000000000000 ) ) ;
#510 = EDGE_LOOP ( 'NONE', ( #1721, #3210, #3757, #765 ) ) ;
#511 = CARTESIAN_POINT ( 'NONE',  ( 3.552713678800999489E-15, 7.000000000000000000, 6.500000000000000000 ) ) ;
#512 = DIRECTION ( 'NONE',  ( 0.0000000000000000000, 0.0000000000000000000, -1.000000000000000000 ) ) ;
#513 = ORIENTED_EDGE ( 'NONE', *, *, #3270, .F. ) ;
#514 = VERTEX_POINT ( 'NONE', #3963 ) ;
#515 = LINE ( 'NONE', #1437, #2383 ) ;
#516 = LINE ( 'NONE', #2058, #2788 ) ;
#517 = DIRECTION ( 'NONE',  ( -2.023844055306000157E-15, 4.493836536903999907E-31, -1.000000000000000000 ) ) ;
#518 = FACE_OUTER_BOUND ( 'NONE', #97, .T. ) ;
#519 = EDGE_CURVE ( 'NONE', #1993, #2105, #2125, .T. ) ;
#520 = VERTEX_POINT ( 'NONE', #580 ) ;
#521 = EDGE_CURVE ( 'NONE', #1718, #101, #535, .T. ) ;
#522 = DIRECTION ( 'NONE',  ( 1.000000000000000000, -2.220446049250000002E-16, 0.0000000000000000000 ) ) ;
#523 = EDGE_CURVE ( 'NONE', #3306, #1192, #2406, .T. ) ;
#524 = VERTEX_POINT ( 'NONE', #1753 ) ;
#525 = VECTOR ( 'NONE', #1413, 1000.000000000000000 ) ;
#526 = DIRECTION ( 'NONE',  ( -2.220446049250000002E-16, -1.000000000000000000, 0.0000000000000000000 ) ) ;
#527 = CARTESIAN_POINT ( 'NONE',  ( -2.799999999999999822, -4.825000000000000178, 0.6073751800519999744 ) ) ;
#528 = LINE ( 'NONE', #814, #3878 ) ;
#529 = AXIS2_PLACEMENT_3D ( 'NONE', #3249, #1336, #1372 ) ;
#530 = CARTESIAN_POINT ( 'NONE',  ( -1.600000000000000089, -9.825000000000001066, 3.108624468949999707E-15 ) ) ;
#531 = CARTESIAN_POINT ( 'NONE',  ( 4.899999999999999467, -10.17500000000000071, 1.289565603332000210 ) ) ;
#532 = AXIS2_PLACEMENT_3D ( 'NONE', #639, #1729, #2166 ) ;
#533 = VERTEX_POINT ( 'NONE', #927 ) ;
#534 = ORIENTED_EDGE ( 'NONE', *, *, #2149, .F. ) ;
#535 = LINE ( 'NONE', #3919, #138 ) ;
#536 = DIRECTION ( 'NONE',  ( -5.782411586589000679E-16, 0.0000000000000000000, -1.000000000000000000 ) ) ;
#537 = CARTESIAN_POINT ( 'NONE',  ( 0.0000000000000000000, -10.17500000000000071, -3.000000000000000000 ) ) ;
#538 = CARTESIAN_POINT ( 'NONE',  ( -5.299999999999999822, -4.825000000000000178, 0.2000000000000000111 ) ) ;
#539 = PRESENTATION_LAYER_ASSIGNMENT (  '', '', ( #606 ) ) ;
#540 = VECTOR ( 'NONE', #1674, 1000.000000000000000 ) ;
#541 = ORIENTED_EDGE ( 'NONE', *, *, #3224, .F. ) ;
#542 = CARTESIAN_POINT ( 'NONE',  ( -1.600000000000000089, -4.825000000000000178, 3.035766082958999841E-15 ) ) ;
#543 = ADVANCED_FACE ( 'NONE', ( #1794 ), #3660, .T. ) ;
#544 = DIRECTION ( 'NONE',  ( -1.000000000000000000, 2.220446049250000002E-16, 2.168404344971000191E-15 ) ) ;
#545 = DIRECTION ( 'NONE',  ( -2.220446049250000002E-16, -1.000000000000000000, 0.0000000000000000000 ) ) ;
#546 = ORIENTED_EDGE ( 'NONE', *, *, #1787, .F. ) ;
#547 = VECTOR ( 'NONE', #2417, 1000.000000000000000 ) ;
#548 = EDGE_LOOP ( 'NONE', ( #67, #1917, #2082, #643 ) ) ;
#549 = ADVANCED_FACE ( 'NONE', ( #3019 ), #1727, .T. ) ;
#550 = CARTESIAN_POINT ( 'NONE',  ( -1.716653721634000096, 7.000000000000000000, 9.400000000000000355 ) ) ;
#551 = DIRECTION ( 'NONE',  ( 2.220446049250000002E-16, 1.000000000000000000, 0.0000000000000000000 ) ) ;
#552 = VECTOR ( 'NONE', #1472, 1000.000000000000000 ) ;
#553 = CARTESIAN_POINT ( 'NONE',  ( 2.958039891549999911, 7.000000000000000000, 6.000000000000000000 ) ) ;
#554 = EDGE_CURVE ( 'NONE', #3039, #1718, #1199, .T. ) ;
#555 = ORIENTED_EDGE ( 'NONE', *, *, #2264, .F. ) ;
#556 = VECTOR ( 'NONE', #774, 1000.000000000000000 ) ;
#557 = LINE ( 'NONE', #833, #222 ) ;
#558 = FACE_OUTER_BOUND ( 'NONE', #2495, .T. ) ;
#559 = ORIENTED_EDGE ( 'NONE', *, *, #676, .F. ) ;
#560 = ORIENTED_EDGE ( 'NONE', *, *, #3539, .F. ) ;
#561 = CARTESIAN_POINT ( 'NONE',  ( 3.552713678800999489E-15, 7.000000000000000000, 6.500000000000000000 ) ) ;
#562 = CARTESIAN_POINT ( 'NONE',  ( 3.552713678800999489E-15, 7.000000000000000000, 6.500000000000000000 ) ) ;
#563 = DIRECTION ( 'NONE',  ( 2.220446049250000002E-16, 1.000000000000000000, 0.0000000000000000000 ) ) ;
#564 = ORIENTED_EDGE ( 'NONE', *, *, #3747, .F. ) ;
#565 = CARTESIAN_POINT ( 'NONE',  ( -0.5000000000000000000, -4.825000000000000178, 0.2999960000010000183 ) ) ;
#566 = DIRECTION ( 'NONE',  ( 0.0000000000000000000, 0.0000000000000000000, -1.000000000000000000 ) ) ;
#567 = PLANE ( 'NONE',  #1564 ) ;
#568 = ORIENTED_EDGE ( 'NONE', *, *, #3146, .F. ) ;
#569 = DIRECTION ( 'NONE',  ( 0.0000000000000000000, 0.0000000000000000000, 1.000000000000000000 ) ) ;
#570 = SURFACE_SIDE_STYLE ('',( #2098 ) ) ;
#571 = ORIENTED_EDGE ( 'NONE', *, *, #2288, .F. ) ;
#572 = CARTESIAN_POINT ( 'NONE',  ( 2.799999999999999822, -4.825000000000000178, -3.000000000000000000 ) ) ;
#573 = ORIENTED_EDGE ( 'NONE', *, *, #1034, .T. ) ;
#574 = ADVANCED_FACE ( 'NONE', ( #309 ), #1136, .T. ) ;
#575 = CARTESIAN_POINT ( 'NONE',  ( 0.2999999999999999889, -4.825000000000000178, 0.0000000000000000000 ) ) ;
#576 = LINE ( 'NONE', #1832, #2726 ) ;
#577 = ORIENTED_EDGE ( 'NONE', *, *, #2963, .F. ) ;
#578 = EDGE_CURVE ( 'NONE', #101, #3338, #1519, .T. ) ;
#579 = ORIENTED_EDGE ( 'NONE', *, *, #3967, .F. ) ;
#580 = CARTESIAN_POINT ( 'NONE',  ( 5.000000000000000000, -11.70000000000000107, 11.70000000000000107 ) ) ;
#581 = DIRECTION ( 'NONE',  ( -2.220446049250000002E-16, -1.000000000000000000, 0.0000000000000000000 ) ) ;
#582 = PLANE ( 'NONE',  #928 ) ;
#583 = VERTEX_POINT ( 'NONE', #2978 ) ;
#584 = DIRECTION ( 'NONE',  ( -1.000000000000000000, 2.220446049250000002E-16, 0.0000000000000000000 ) ) ;
#585 = DIRECTION ( 'NONE',  ( -1.000000000000000000, 2.891205793294678326E-16, 0.0000000000000000000 ) ) ;
#586 = EDGE_LOOP ( 'NONE', ( #3906, #781, #429, #2002, #1881, #3882, #620, #3317 ) ) ;
#587 = CARTESIAN_POINT ( 'NONE',  ( -4.899999999999999467, -4.825000000000000178, 0.8928203230279999625 ) ) ;
#588 = CARTESIAN_POINT ( 'NONE',  ( -2.958039891549999911, 15.00000000000000000, 7.000000000000000000 ) ) ;
#589 = ORIENTED_EDGE ( 'NONE', *, *, #1211, .T. ) ;
#590 = CIRCLE ( 'NONE', #3866, 12.50999999999999979 ) ;
#591 = LINE ( 'NONE', #1429, #1243 ) ;
#592 = ORIENTED_EDGE ( 'NONE', *, *, #2967, .F. ) ;
#593 = LINE ( 'NONE', #900, #999 ) ;
#594 = EDGE_CURVE ( 'NONE', #2432, #1285, #2700, .T. ) ;
#595 = AXIS2_PLACEMENT_3D ( 'NONE', #1392, #3530, #778 ) ;
#596 = PRODUCT_DEFINITION ( 'UNKNOWN', '', #2671, #190 ) ;
#597 = ORIENTED_EDGE ( 'NONE', *, *, #2803, .T. ) ;
#598 = FACE_OUTER_BOUND ( 'NONE', #2633, .T. ) ;
#599 = VECTOR ( 'NONE', #922, 1000.000000000000000 ) ;
#600 = EDGE_CURVE ( 'NONE', #961, #2016, #1216, .T. ) ;
#601 = ADVANCED_FACE ( 'NONE', ( #2487 ), #2225, .F. ) ;
#602 = DIRECTION ( 'NONE',  ( -1.000000000000000000, 2.220446049250000002E-16, 4.244852976114999962E-16 ) ) ;
#603 = VERTEX_POINT ( 'NONE', #3434 ) ;
#604 = VECTOR ( 'NONE', #1662, 1000.000000000000114 ) ;
#605 = DIRECTION ( 'NONE',  ( -2.220446049250000002E-16, -1.000000000000000000, 0.0000000000000000000 ) ) ;
#606 = STYLED_ITEM ( 'NONE', ( #2287 ), #2333 ) ;
#607 = AXIS2_PLACEMENT_3D ( 'NONE', #3278, #3367, #888 ) ;
#608 = DIRECTION ( 'NONE',  ( 0.0000000000000000000, 0.0000000000000000000, -1.000000000000000000 ) ) ;
#609 = DIRECTION ( 'NONE',  ( 5.782411586589000679E-16, -1.283953296257999954E-31, 1.000000000000000000 ) ) ;
#610 = EDGE_LOOP ( 'NONE', ( #3168, #1269, #2664, #388 ) ) ;
#611 = VECTOR ( 'NONE', #779, 1000.000000000000000 ) ;
#612 = VECTOR ( 'NONE', #73, 1000.000000000000000 ) ;
#613 = DIRECTION ( 'NONE',  ( -2.220446049250000002E-16, -1.000000000000000000, 0.0000000000000000000 ) ) ;
#614 = VECTOR ( 'NONE', #2135, 1000.000000000000000 ) ;
#615 = ORIENTED_EDGE ( 'NONE', *, *, #2636, .T. ) ;
#616 = DIRECTION ( 'NONE',  ( 0.0000000000000000000, 0.0000000000000000000, -1.000000000000000000 ) ) ;
#617 = AXIS2_PLACEMENT_3D ( 'NONE', #1991, #1111, #1149 ) ;
#618 = DIRECTION ( 'NONE',  ( -2.220446049250000002E-16, -1.000000000000000000, 0.0000000000000000000 ) ) ;
#619 = PLANE ( 'NONE',  #21 ) ;
#620 = ORIENTED_EDGE ( 'NONE', *, *, #3258, .T. ) ;
#621 = EDGE_CURVE ( 'NONE', #889, #3865, #3398, .T. ) ;
#622 = DIRECTION ( 'NONE',  ( 1.000000000000000000, 0.0000000000000000000, -1.776356839400000001E-15 ) ) ;
#623 =( NAMED_UNIT ( * ) SI_UNIT ( $, .STERADIAN. ) SOLID_ANGLE_UNIT ( ) );
#624 = LINE ( 'NONE', #1874, #804 ) ;
#625 = ORIENTED_EDGE ( 'NONE', *, *, #929, .T. ) ;
#626 = ADVANCED_FACE ( 'NONE', ( #3735 ), #641, .F. ) ;
#627 = CARTESIAN_POINT ( 'NONE',  ( 5.000000000000000000, -3.700000000000000178, 8.500000000000000000 ) ) ;
#628 = ADVANCED_FACE ( 'NONE', ( #2505 ), #3143, .F. ) ;
#629 = DIRECTION ( 'NONE',  ( -2.220446049250000002E-16, -1.000000000000000000, 0.0000000000000000000 ) ) ;
#630 = DIRECTION ( 'NONE',  ( 2.960594732334000186E-15, -6.573840876842000055E-31, 1.000000000000000000 ) ) ;
#631 = EDGE_LOOP ( 'NONE', ( #1339, #1675, #127, #2398 ) ) ;
#632 = EDGE_CURVE ( 'NONE', #3412, #3415, #1293, .T. ) ;
#633 = CARTESIAN_POINT ( 'NONE',  ( 4.700000000000000178, -10.17500000000000071, -1.332267629549999902E-15 ) ) ;
#634 = CARTESIAN_POINT ( 'NONE',  ( -2.200000000000000178, -9.825000000000001066, -3.000000000000000000 ) ) ;
#635 = CARTESIAN_POINT ( 'NONE',  ( -5.000000000000000000, 1.776356839399999804E-15, 11.70000000000000107 ) ) ;
#636 = VERTEX_POINT ( 'NONE', #980 ) ;
#637 = CARTESIAN_POINT ( 'NONE',  ( -5.009999999999999787, -3.700000000000000178, 11.70999999999999908 ) ) ;
#638 = DIRECTION ( 'NONE',  ( -1.301042606982999948E-15, 2.888894916581000040E-31, -1.000000000000000000 ) ) ;
#639 = CARTESIAN_POINT ( 'NONE',  ( 4.440892098501000082E-15, 9.000000000000000000, 6.500000000000000000 ) ) ;
#640 = ORIENTED_EDGE ( 'NONE', *, *, #501, .T. ) ;
#641 = PLANE ( 'NONE',  #3609 ) ;
#642 = DIRECTION ( 'NONE',  ( 2.220446049250000002E-16, 1.000000000000000000, 0.0000000000000000000 ) ) ;
#643 = ORIENTED_EDGE ( 'NONE', *, *, #2061, .F. ) ;
#644 = DIRECTION ( 'NONE',  ( -5.963111948670000258E-16, 0.0000000000000000000, -1.000000000000000000 ) ) ;
#645 = ADVANCED_FACE ( 'NONE', ( #1236 ), #2524, .T. ) ;
#646 = FACE_OUTER_BOUND ( 'NONE', #3215, .T. ) ;
#647 = CARTESIAN_POINT ( 'NONE',  ( 8.881784197000999888E-16, -5.174999999999999822, 12.80000000000000071 ) ) ;
#648 = ORIENTED_EDGE ( 'NONE', *, *, #2631, .F. ) ;
#649 = CARTESIAN_POINT ( 'NONE',  ( 5.299999999999999822, -4.825000000000000178, 0.2000000000000000111 ) ) ;
#650 = EDGE_CURVE ( 'NONE', #1455, #2832, #1911, .T. ) ;
#651 = CARTESIAN_POINT ( 'NONE',  ( -4.700000000000000178, -10.17500000000000071, 8.881784197000999888E-15 ) ) ;
#652 = ORIENTED_EDGE ( 'NONE', *, *, #2994, .F. ) ;
#653 = CARTESIAN_POINT ( 'NONE',  ( 1.776356839399999804E-15, 1.776356839399999804E-15, 12.80000000000000071 ) ) ;
#654 = DIRECTION ( 'NONE',  ( 1.000000000000000000, 0.0000000000000000000, 0.0000000000000000000 ) ) ;
#655 = FILL_AREA_STYLE_COLOUR ( '', #755 ) ;
#656 = LINE ( 'NONE', #537, #939 ) ;
#657 = VECTOR ( 'NONE', #1923, 1000.000000000000000 ) ;
#658 = EDGE_LOOP ( 'NONE', ( #1483, #456, #937, #3170 ) ) ;
#659 = CARTESIAN_POINT ( 'NONE',  ( -5.009999999999999787, -11.25999999999999979, 11.70999999999999908 ) ) ;
#660 = AXIS2_PLACEMENT_3D ( 'NONE', #1015, #1634, #3192 ) ;
#661 = LINE ( 'NONE', #2470, #213 ) ;
#662 = ORIENTED_EDGE ( 'NONE', *, *, #700, .T. ) ;
#663 = CARTESIAN_POINT ( 'NONE',  ( -4.700000000000000178, -5.174999999999999822, 9.103828801925999642E-15 ) ) ;
#664 = DIRECTION ( 'NONE',  ( 0.0000000000000000000, 0.0000000000000000000, 1.000000000000000000 ) ) ;
#665 = VECTOR ( 'NONE', #2481, 1000.000000000000000 ) ;
#666 = VERTEX_POINT ( 'NONE', #3720 ) ;
#667 = ADVANCED_FACE ( 'NONE', ( #2203 ), #92, .F. ) ;
#668 = DIRECTION ( 'NONE',  ( 1.000000000000000000, -2.220446049250000002E-16, -8.673617379883999973E-16 ) ) ;
#669 = DIRECTION ( 'NONE',  ( 0.5000000000001899592, -1.110223024625422041E-16, -0.8660254037843289066 ) ) ;
#670 = VERTEX_POINT ( 'NONE', #3702 ) ;
#671 = MECHANICAL_DESIGN_GEOMETRIC_PRESENTATION_REPRESENTATION (  '', ( #1247 ), #3239 ) ;
#672 = AXIS2_PLACEMENT_3D ( 'NONE', #3459, #1007, #711 ) ;
#673 = ORIENTED_EDGE ( 'NONE', *, *, #3151, .T. ) ;
#674 = EDGE_CURVE ( 'NONE', #3582, #2563, #344, .T. ) ;
#675 = DIRECTION ( 'NONE',  ( 2.220446049250000002E-16, 1.000000000000000000, 0.0000000000000000000 ) ) ;
#676 = EDGE_CURVE ( 'NONE', #2935, #3686, #2184, .T. ) ;
#677 = CARTESIAN_POINT ( 'NONE',  ( 1.600000000000000089, -9.825000000000001066, -4.440892098500999885E-16 ) ) ;
#678 = CIRCLE ( 'NONE', #2275, 3.000000000000000000 ) ;
#679 = LINE ( 'NONE', #1030, #2894 ) ;
#680 = EDGE_LOOP ( 'NONE', ( #1637, #11, #3345, #837 ) ) ;
#681 = AXIS2_PLACEMENT_3D ( 'NONE', #982, #112, #1931 ) ;
#682 = CARTESIAN_POINT ( 'NONE',  ( 4.700000000000000178, -4.825000000000000178, -1.332267629549999902E-15 ) ) ;
#683 = DIRECTION ( 'NONE',  ( -2.168404344971000191E-15, 0.0000000000000000000, -1.000000000000000000 ) ) ;
#684 = LINE ( 'NONE', #1033, #2665 ) ;
#685 = AXIS2_PLACEMENT_3D ( 'NONE', #2714, #298, #1527 ) ;
#686 = DIRECTION ( 'NONE',  ( 2.168404344971000191E-15, -4.814824860968000300E-31, 1.000000000000000000 ) ) ;
#687 = ORIENTED_EDGE ( 'NONE', *, *, #1354, .F. ) ;
#688 = PRODUCT_DEFINITION_SHAPE ( 'NONE', 'NONE',  #596 ) ;
#689 = CARTESIAN_POINT ( 'NONE',  ( -0.5000000000000000000, -5.174999999999999822, 0.2999960000010000183 ) ) ;
#690 = MECHANICAL_DESIGN_GEOMETRIC_PRESENTATION_REPRESENTATION (  '', ( #166 ), #102 ) ;
#691 = CARTESIAN_POINT ( 'NONE',  ( 4.700000000000000178, -9.825000000000001066, -3.000000000000000000 ) ) ;
#692 = CARTESIAN_POINT ( 'NONE',  ( -1.600000000000000089, -4.825000000000000178, 3.108624468949999707E-15 ) ) ;
#693 = VERTEX_POINT ( 'NONE', #659 ) ;
#694 = DIRECTION ( 'NONE',  ( 1.000000000000000000, -2.220446049250000002E-16, -1.734723475977000168E-15 ) ) ;
#695 = ORIENTED_EDGE ( 'NONE', *, *, #2956, .F. ) ;
#696 = ORIENTED_EDGE ( 'NONE', *, *, #2562, .T. ) ;
#697 = CARTESIAN_POINT ( 'NONE',  ( 1.776356839399999804E-15, 1.776356839399999804E-15, 6.500000000000000000 ) ) ;
#698 = CARTESIAN_POINT ( 'NONE',  ( -2.799999999999999822, -3.700000000000000178, 0.6073751800519999744 ) ) ;
#699 = DIRECTION ( 'NONE',  ( 2.220446049250000002E-16, 1.000000000000000000, 0.0000000000000000000 ) ) ;
#700 = EDGE_CURVE ( 'NONE', #3493, #111, #1872, .T. ) ;
#701 = ORIENTED_EDGE ( 'NONE', *, *, #3565, .F. ) ;
#702 = EDGE_CURVE ( 'NONE', #2500, #1855, #1866, .T. ) ;
#703 = DIRECTION ( 'NONE',  ( 1.000000000000000000, 0.0000000000000000000, -4.440892098500999885E-16 ) ) ;
#704 = LINE ( 'NONE', #3128, #3108 ) ;
#705 = DIRECTION ( 'NONE',  ( -1.000000000000000000, 2.220446049250000002E-16, 4.440892098500999885E-16 ) ) ;
#706 = EDGE_CURVE ( 'NONE', #666, #238, #2295, .T. ) ;
#707 = EDGE_LOOP ( 'NONE', ( #3502, #2416, #1430, #2786 ) ) ;
#708 = VERTEX_POINT ( 'NONE', #2871 ) ;
#709 = DIRECTION ( 'NONE',  ( -2.220446049250000002E-16, -1.000000000000000000, 0.0000000000000000000 ) ) ;
#710 = FACE_OUTER_BOUND ( 'NONE', #2281, .T. ) ;
#711 = DIRECTION ( 'NONE',  ( 1.000000000000000000, 0.0000000000000000000, 0.0000000000000000000 ) ) ;
#712 = ORIENTED_EDGE ( 'NONE', *, *, #727, .T. ) ;
#713 = CARTESIAN_POINT ( 'NONE',  ( -4.700000000000000178, -5.174999999999999822, 8.881784197000999888E-15 ) ) ;
#714 = VERTEX_POINT ( 'NONE', #3856 ) ;
#715 = CARTESIAN_POINT ( 'NONE',  ( 4.700000000000000178, -5.174999999999999822, -1.301042606982999948E-15 ) ) ;
#716 = CARTESIAN_POINT ( 'NONE',  ( -0.5000000000000000000, -4.825000000000000178, 8.881784197000999888E-16 ) ) ;
#717 = CARTESIAN_POINT ( 'NONE',  ( 0.5000000000000000000, -4.825000000000000178, 4.440892098500999885E-16 ) ) ;
#718 = LINE ( 'NONE', #1049, #23 ) ;
#719 = ORIENTED_EDGE ( 'NONE', *, *, #2019, .F. ) ;
#720 = EDGE_CURVE ( 'NONE', #444, #754, #2581, .T. ) ;
#721 = DIRECTION ( 'NONE',  ( 0.0000000000000000000, 0.0000000000000000000, -1.000000000000000000 ) ) ;
#722 = LINE ( 'NONE', #393, #2407 ) ;
#723 = ORIENTED_EDGE ( 'NONE', *, *, #3780, .T. ) ;
#724 = ORIENTED_EDGE ( 'NONE', *, *, #1663, .F. ) ;
#725 = LINE ( 'NONE', #1562, #2643 ) ;
#726 = VECTOR ( 'NONE', #165, 1000.000000000000000 ) ;
#727 = EDGE_CURVE ( 'NONE', #1959, #1265, #2605, .T. ) ;
#728 = ADVANCED_FACE ( 'NONE', ( #2255 ), #1704, .F. ) ;
#729 = CARTESIAN_POINT ( 'NONE',  ( -0.2999999999999999889, -4.825000000000000178, 8.673617379883999973E-16 ) ) ;
#730 = ORIENTED_EDGE ( 'NONE', *, *, #2540, .F. ) ;
#731 = EDGE_CURVE ( 'NONE', #3783, #1323, #3813, .T. ) ;
#732 = VECTOR ( 'NONE', #2059, 1000.000000000000000 ) ;
#733 = EDGE_LOOP ( 'NONE', ( #1810, #1479, #1888, #1703 ) ) ;
#734 = ORIENTED_EDGE ( 'NONE', *, *, #1307, .T. ) ;
#735 = VECTOR ( 'NONE', #699, 1000.000000000000000 ) ;
#736 = ORIENTED_EDGE ( 'NONE', *, *, #3864, .T. ) ;
#737 = CARTESIAN_POINT ( 'NONE',  ( -5.299999999999999822, -5.174999999999999822, 0.2000000000000000111 ) ) ;
#738 = CARTESIAN_POINT ( 'NONE',  ( 4.899999999999999467, -5.174999999999999822, 3.000000000000000000 ) ) ;
#739 = CARTESIAN_POINT ( 'NONE',  ( -1.776356839399999804E-15, -20.00000000000000000, 12.80000000000000071 ) ) ;
#740 = AXIS2_PLACEMENT_3D ( 'NONE', #2573, #694, #3805 ) ;
#741 = VECTOR ( 'NONE', #2710, 1000.000000000000000 ) ;
#742 = ORIENTED_EDGE ( 'NONE', *, *, #2758, .T. ) ;
#743 = DIRECTION ( 'NONE',  ( 2.168404344971000191E-15, -4.814824860968000300E-31, 1.000000000000000000 ) ) ;
#744 = EDGE_LOOP ( 'NONE', ( #571, #1150, #189, #2328 ) ) ;
#745 = VECTOR ( 'NONE', #3025, 1000.000000000000000 ) ;
#746 = ORIENTED_EDGE ( 'NONE', *, *, #1179, .T. ) ;
#747 = AXIS2_PLACEMENT_3D ( 'NONE', #1407, #3281, #3562 ) ;
#748 = ORIENTED_EDGE ( 'NONE', *, *, #1191, .F. ) ;
#749 = DIRECTION ( 'NONE',  ( -2.220446049250000002E-16, -1.000000000000000000, 0.0000000000000000000 ) ) ;
#750 = COLOUR_RGB ( '',0.3333333333333333148, 0.3333333333333333148, 1.000000000000000000 ) ;
#751 = CARTESIAN_POINT ( 'NONE',  ( 2.200000000000000178, -9.825000000000001066, 0.0000000000000000000 ) ) ;
#752 = CARTESIAN_POINT ( 'NONE',  ( 0.2999999999999999889, -10.17500000000000071, -3.000000000000000000 ) ) ;
#753 = EDGE_CURVE ( 'NONE', #504, #2047, #2239, .T. ) ;
#754 = VERTEX_POINT ( 'NONE', #3165 ) ;
#755 = COLOUR_RGB ( '',0.8000000000000000444, 0.8000000000000000444, 0.8000000000000000444 ) ;
#756 = EDGE_CURVE ( 'NONE', #2289, #170, #16, .T. ) ;
#757 = ADVANCED_FACE ( 'NONE', ( #2564 ), #1053, .F. ) ;
#758 = VERTEX_POINT ( 'NONE', #147 ) ;
#759 = ORIENTED_EDGE ( 'NONE', *, *, #875, .T. ) ;
#760 = DIRECTION ( 'NONE',  ( -1.000000000000000000, 2.220446049250000002E-16, 0.0000000000000000000 ) ) ;
#761 = DIRECTION ( 'NONE',  ( 6.505213034912999980E-16, -1.444447458289999932E-31, 1.000000000000000000 ) ) ;
#762 = CARTESIAN_POINT ( 'NONE',  ( 5.000000000000000000, -18.50000000000000000, 3.500000000000000000 ) ) ;
#763 =( NAMED_UNIT ( * ) PLANE_ANGLE_UNIT ( ) SI_UNIT ( $, .RADIAN. ) );
#764 = ORIENTED_EDGE ( 'NONE', *, *, #3921, .T. ) ;
#765 = ORIENTED_EDGE ( 'NONE', *, *, #756, .T. ) ;
#766 = DIRECTION ( 'NONE',  ( 0.0000000000000000000, 0.0000000000000000000, 1.000000000000000000 ) ) ;
#767 = DIRECTION ( 'NONE',  ( -1.000000000000000000, 2.220446049250000002E-16, 1.776356839400000001E-15 ) ) ;
#768 = CARTESIAN_POINT ( 'NONE',  ( -5.009999999999999787, -3.700000000000000178, 1.337016095274000005 ) ) ;
#769 = VERTEX_POINT ( 'NONE', #1973 ) ;
#770 = EDGE_CURVE ( 'NONE', #485, #2425, #1954, .T. ) ;
#771 =( LENGTH_UNIT ( ) NAMED_UNIT ( * ) SI_UNIT ( .MILLI., .METRE. ) );
#772 = LINE ( 'NONE', #1982, #2449 ) ;
#773 = ADVANCED_FACE ( 'NONE', ( #2012 ), #1665, .T. ) ;
#774 = DIRECTION ( 'NONE',  ( 8.673617379883999973E-16, -1.925929944387000041E-31, 1.000000000000000000 ) ) ;
#775 = PLANE ( 'NONE',  #3096 ) ;
#776 = EDGE_CURVE ( 'NONE', #308, #3194, #3291, .T. ) ;
#777 = VERTEX_POINT ( 'NONE', #2717 ) ;
#778 = DIRECTION ( 'NONE',  ( 2.220446049250000002E-16, 1.000000000000000000, 0.0000000000000000000 ) ) ;
#779 = DIRECTION ( 'NONE',  ( 2.168404344971000191E-15, -4.814824860968000300E-31, 1.000000000000000000 ) ) ;
#780 = FACE_BOUND ( 'NONE', #2377, .T. ) ;
#781 = ORIENTED_EDGE ( 'NONE', *, *, #2288, .T. ) ;
#782 = ORIENTED_EDGE ( 'NONE', *, *, #197, .T. ) ;
#783 = CARTESIAN_POINT ( 'NONE',  ( 5.000000000000000000, -4.825000000000000178, 0.0000000000000000000 ) ) ;
#784 = LINE ( 'NONE', #3593, #3956 ) ;
#785 = LINE ( 'NONE', #3521, #2955 ) ;
#786 = VECTOR ( 'NONE', #1659, 1000.000000000000000 ) ;
#787 = VERTEX_POINT ( 'NONE', #1454 ) ;
#788 = VECTOR ( 'NONE', #1089, 1000.000000000000000 ) ;
#789 = ORIENTED_EDGE ( 'NONE', *, *, #3328, .T. ) ;
#790 = CARTESIAN_POINT ( 'NONE',  ( 3.700000000000000178, -4.825000000000000178, 0.8496820125990000028 ) ) ;
#791 = DIRECTION ( 'NONE',  ( 1.000000000000000000, 0.0000000000000000000, -2.168404344971000191E-15 ) ) ;
#792 = CARTESIAN_POINT ( 'NONE',  ( 7.900000000000000355, 7.000000000000000000, 9.400000000000000355 ) ) ;
#793 = VECTOR ( 'NONE', #2115, 1000.000000000000000 ) ;
#794 = EDGE_CURVE ( 'NONE', #2112, #2832, #3223, .T. ) ;
#795 = ORIENTED_EDGE ( 'NONE', *, *, #498, .T. ) ;
#796 = DIRECTION ( 'NONE',  ( 1.000000000000000000, 0.0000000000000000000, -2.168404344971000191E-15 ) ) ;
#797 = EDGE_CURVE ( 'NONE', #2706, #666, #1488, .T. ) ;
#798 = LINE ( 'NONE', #835, #2604 ) ;
#799 = CIRCLE ( 'NONE', #3035, 3.000000000000000000 ) ;
#800 = VECTOR ( 'NONE', #1284, 1000.000000000000000 ) ;
#801 = ORIENTED_EDGE ( 'NONE', *, *, #923, .F. ) ;
#802 = ORIENTED_EDGE ( 'NONE', *, *, #1403, .T. ) ;
#803 = DIRECTION ( 'NONE',  ( 2.220446049250000002E-16, 1.000000000000000000, 0.0000000000000000000 ) ) ;
#804 = VECTOR ( 'NONE', #2751, 1000.000000000000000 ) ;
#805 = CARTESIAN_POINT ( 'NONE',  ( 3.700000000000000178, -5.174999999999999822, -8.881784197000999888E-16 ) ) ;
#806 = AXIS2_PLACEMENT_3D ( 'NONE', #697, #3121, #2560 ) ;
#807 = ORIENTED_EDGE ( 'NONE', *, *, #34, .T. ) ;
#808 = VECTOR ( 'NONE', #2663, 1000.000000000000000 ) ;
#809 = CYLINDRICAL_SURFACE ( 'NONE', #3494, 3.370000000000000551 ) ;
#810 = PRESENTATION_LAYER_ASSIGNMENT (  '', '', ( #3566 ) ) ;
#811 = ORIENTED_EDGE ( 'NONE', *, *, #1191, .T. ) ;
#812 = ORIENTED_EDGE ( 'NONE', *, *, #2357, .T. ) ;
#813 = LINE ( 'NONE', #2029, #3709 ) ;
#814 = CARTESIAN_POINT ( 'NONE',  ( -3.700000000000000178, -3.700000000000000178, 0.8496820125990000028 ) ) ;
#815 = ORIENTED_EDGE ( 'NONE', *, *, #3750, .F. ) ;
#816 = CARTESIAN_POINT ( 'NONE',  ( -4.899999999999999467, -10.17500000000000071, 1.289565603332000210 ) ) ;
#817 = ORIENTED_EDGE ( 'NONE', *, *, #3774, .T. ) ;
#818 = DIRECTION ( 'NONE',  ( 0.0000000000000000000, 0.0000000000000000000, 1.000000000000000000 ) ) ;
#819 = VERTEX_POINT ( 'NONE', #2101 ) ;
#820 = ORIENTED_EDGE ( 'NONE', *, *, #2684, .F. ) ;
#821 = PLANE ( 'NONE',  #2194 ) ;
#822 = CARTESIAN_POINT ( 'NONE',  ( -0.5000000000000000000, 1.776356839399999804E-15, 1.500000000000000000 ) ) ;
#823 = ADVANCED_FACE ( 'NONE', ( #3957 ), #302, .F. ) ;
#824 = CARTESIAN_POINT ( 'NONE',  ( 0.2999999999999999889, -10.17500000000000071, 0.0000000000000000000 ) ) ;
#825 = DIRECTION ( 'NONE',  ( -2.891205793295000083E-15, 6.419766481291000167E-31, 1.000000000000000000 ) ) ;
#826 = ORIENTED_EDGE ( 'NONE', *, *, #1793, .T. ) ;
#827 = DIRECTION ( 'NONE',  ( -2.220446049250000002E-16, -1.000000000000000000, 0.0000000000000000000 ) ) ;
#828 = CARTESIAN_POINT ( 'NONE',  ( 1.776356839399999804E-15, -3.700000000000000178, 12.80000000000000071 ) ) ;
#829 = ORIENTED_EDGE ( 'NONE', *, *, #1791, .F. ) ;
#830 = FACE_OUTER_BOUND ( 'NONE', #160, .T. ) ;
#831 = CARTESIAN_POINT ( 'NONE',  ( 0.5000000000000000000, -10.17500000000000071, 1.000000000000000000 ) ) ;
#832 = ORIENTED_EDGE ( 'NONE', *, *, #951, .F. ) ;
#833 = CARTESIAN_POINT ( 'NONE',  ( -4.899999999999999467, -3.700000000000000178, 1.289565603332000210 ) ) ;
#834 = ORIENTED_EDGE ( 'NONE', *, *, #3199, .F. ) ;
#835 = CARTESIAN_POINT ( 'NONE',  ( -2.958039891549999911, 7.000000000000000000, 7.000000000000000000 ) ) ;
#836 = ORIENTED_EDGE ( 'NONE', *, *, #2916, .F. ) ;
#837 = ORIENTED_EDGE ( 'NONE', *, *, #2387, .T. ) ;
#838 = DIRECTION ( 'NONE',  ( 1.000000000000000000, -2.220446049250000002E-16, 0.0000000000000000000 ) ) ;
#839 = CARTESIAN_POINT ( 'NONE',  ( 3.700000000000000178, -9.825000000000001066, -8.881784197000999888E-16 ) ) ;
#840 = DIRECTION ( 'NONE',  ( -2.843808977011000057E-16, 6.314524407826999818E-32, -1.000000000000000000 ) ) ;
#841 = CARTESIAN_POINT ( 'NONE',  ( -5.299999999999999822, -4.825000000000000178, 0.2000000000000000111 ) ) ;
#842 = EDGE_LOOP ( 'NONE', ( #984, #1410, #1726, #3481, #2205, #2191 ) ) ;
#843 = ADVANCED_FACE ( 'NONE', ( #3038 ), #1193, .F. ) ;
#844 = CARTESIAN_POINT ( 'NONE',  ( 5.000000000000000000, -20.00000000000000000, 1.343560762609999903 ) ) ;
#845 = ADVANCED_FACE ( 'NONE', ( #2051 ), #1129, .T. ) ;
#846 = VECTOR ( 'NONE', #381, 1000.000000000000000 ) ;
#847 = DIRECTION ( 'NONE',  ( 0.0000000000000000000, 0.0000000000000000000, -1.000000000000000000 ) ) ;
#848 = FACE_OUTER_BOUND ( 'NONE', #307, .T. ) ;
#849 = VERTEX_POINT ( 'NONE', #3605 ) ;
#850 = ORIENTED_EDGE ( 'NONE', *, *, #2887, .F. ) ;
#851 = PLANE ( 'NONE',  #2912 ) ;
#852 = CARTESIAN_POINT ( 'NONE',  ( 0.5000000000000000000, -5.174999999999999822, 4.440892098500999885E-16 ) ) ;
#853 = EDGE_LOOP ( 'NONE', ( #1518, #3551, #106, #746 ) ) ;
#854 = CARTESIAN_POINT ( 'NONE',  ( -4.899999999999999467, -4.825000000000000178, 0.8928203230279999625 ) ) ;
#855 = AXIS2_PLACEMENT_3D ( 'NONE', #1290, #3222, #3247 ) ;
#856 = ORIENTED_EDGE ( 'NONE', *, *, #3476, .F. ) ;
#857 = ORIENTED_EDGE ( 'NONE', *, *, #1642, .T. ) ;
#858 = CARTESIAN_POINT ( 'NONE',  ( -0.5000000000000000000, -9.825000000000001066, 8.881784197000999888E-16 ) ) ;
#859 = VECTOR ( 'NONE', #3480, 1000.000000000000000 ) ;
#860 = LINE ( 'NONE', #1439, #2901 ) ;
#861 = DIRECTION ( 'NONE',  ( -1.301042606982999948E-15, 2.888894916581000040E-31, -1.000000000000000000 ) ) ;
#862 = VECTOR ( 'NONE', #3137, 1000.000000000000000 ) ;
#863 = CIRCLE ( 'NONE', #82, 12.50999999999999979 ) ;
#864 = ORIENTED_EDGE ( 'NONE', *, *, #1796, .T. ) ;
#865 = CARTESIAN_POINT ( 'NONE',  ( -4.700000000000000178, -4.825000000000000178, -3.000000000000000000 ) ) ;
#866 = EDGE_CURVE ( 'NONE', #1170, #3443, #3266, .T. ) ;
#867 = CARTESIAN_POINT ( 'NONE',  ( 5.000000000000000000, 0.0000000000000000000, 11.70000000000000107 ) ) ;
#868 = CARTESIAN_POINT ( 'NONE',  ( -2.200000000000000178, -9.825000000000001066, 4.884981308350999589E-15 ) ) ;
#869 = ORIENTED_EDGE ( 'NONE', *, *, #3742, .F. ) ;
#870 = EDGE_CURVE ( 'NONE', #2289, #2286, #3567, .T. ) ;
#871 = VECTOR ( 'NONE', #3852, 1000.000000000000000 ) ;
#872 = ORIENTED_EDGE ( 'NONE', *, *, #3402, .F. ) ;
#873 = DIRECTION ( 'NONE',  ( 1.000000000000000000, 0.0000000000000000000, -1.776356839400000001E-15 ) ) ;
#874 = AXIS2_PLACEMENT_3D ( 'NONE', #1131, #3287, #2890 ) ;
#875 = EDGE_CURVE ( 'NONE', #3537, #2031, #591, .T. ) ;
#876 = FILL_AREA_STYLE ('',( #2420 ) ) ;
#877 = ORIENTED_EDGE ( 'NONE', *, *, #2822, .T. ) ;
#878 = AXIS2_PLACEMENT_3D ( 'NONE', #3667, #1510, #3371 ) ;
#879 = DIRECTION ( 'NONE',  ( 0.0000000000000000000, 0.0000000000000000000, -1.000000000000000000 ) ) ;
#880 = FILL_AREA_STYLE_COLOUR ( '', #3696 ) ;
#881 = LINE ( 'NONE', #2103, #3830 ) ;
#882 = ORIENTED_EDGE ( 'NONE', *, *, #2822, .F. ) ;
#883 = ORIENTED_EDGE ( 'NONE', *, *, #3015, .T. ) ;
#884 = DIRECTION ( 'NONE',  ( 0.0000000000000000000, 0.0000000000000000000, 1.000000000000000000 ) ) ;
#885 = LINE ( 'NONE', #3002, #1558 ) ;
#886 = LINE ( 'NONE', #2109, #398 ) ;
#887 = DIRECTION ( 'NONE',  ( 0.0000000000000000000, 0.0000000000000000000, 1.000000000000000000 ) ) ;
#888 = DIRECTION ( 'NONE',  ( 0.0000000000000000000, 0.0000000000000000000, 1.000000000000000000 ) ) ;
#889 = VERTEX_POINT ( 'NONE', #816 ) ;
#890 = EDGE_CURVE ( 'NONE', #849, #2929, #557, .T. ) ;
#891 = ORIENTED_EDGE ( 'NONE', *, *, #1625, .F. ) ;
#892 = DIRECTION ( 'NONE',  ( 1.000000000000000000, 0.0000000000000000000, -4.336808689942000480E-16 ) ) ;
#893 = CARTESIAN_POINT ( 'NONE',  ( 1.776356839399999804E-15, -3.700000000000000178, 8.500000000000000000 ) ) ;
#894 = EDGE_LOOP ( 'NONE', ( #1620, #380, #2988, #1273 ) ) ;
#895 = EDGE_CURVE ( 'NONE', #1265, #111, #3285, .T. ) ;
#896 = CARTESIAN_POINT ( 'NONE',  ( -4.700000000000000178, -9.825000000000001066, -3.000000000000000000 ) ) ;
#897 = ORIENTED_EDGE ( 'NONE', *, *, #1765, .F. ) ;
#898 =( LENGTH_UNIT ( ) NAMED_UNIT ( * ) SI_UNIT ( .MILLI., .METRE. ) );
#899 = ADVANCED_FACE ( 'NONE', ( #1771 ), #2397, .F. ) ;
#900 = CARTESIAN_POINT ( 'NONE',  ( -5.000000000000000000, -11.70000000000000107, 0.0000000000000000000 ) ) ;
#901 = EDGE_LOOP ( 'NONE', ( #2242, #3231, #2529, #3407, #1999, #2249 ) ) ;
#902 = ORIENTED_EDGE ( 'NONE', *, *, #2843, .F. ) ;
#903 = CARTESIAN_POINT ( 'NONE',  ( 2.200000000000000178, -9.825000000000001066, 0.0000000000000000000 ) ) ;
#904 = CARTESIAN_POINT ( 'NONE',  ( -1.600000000000000089, -4.825000000000000178, 2.000000000000000000 ) ) ;
#905 = CARTESIAN_POINT ( 'NONE',  ( -5.009999999999999787, -3.700000000000000178, 8.500000000000000000 ) ) ;
#906 = LINE ( 'NONE', #2647, #3175 ) ;
#907 = ORIENTED_EDGE ( 'NONE', *, *, #105, .F. ) ;
#908 = DIRECTION ( 'NONE',  ( -2.220446049250000002E-16, -1.000000000000000000, 0.0000000000000000000 ) ) ;
#909 = FACE_OUTER_BOUND ( 'NONE', #1633, .T. ) ;
#910 = CARTESIAN_POINT ( 'NONE',  ( 3.700000000000000178, -5.174999999999999822, -8.881784197000999888E-16 ) ) ;
#911 = VERTEX_POINT ( 'NONE', #896 ) ;
#912 = LINE ( 'NONE', #2069, #614 ) ;
#913 = DIRECTION ( 'NONE',  ( 1.000000000000000000, 0.0000000000000000000, 0.0000000000000000000 ) ) ;
#914 = CARTESIAN_POINT ( 'NONE',  ( -2.799999999999999822, -9.825000000000001066, -3.000000000000000000 ) ) ;
#915 = EDGE_CURVE ( 'NONE', #2930, #1101, #2147, .T. ) ;
#916 = VERTEX_POINT ( 'NONE', #572 ) ;
#917 = AXIS2_PLACEMENT_3D ( 'NONE', #349, #2806, #60 ) ;
#918 = ORIENTED_EDGE ( 'NONE', *, *, #2357, .F. ) ;
#919 = SURFACE_STYLE_USAGE ( .BOTH. , #279 ) ;
#920 = DIRECTION ( 'NONE',  ( 1.000000000000000000, -2.220446049250000002E-16, 0.0000000000000000000 ) ) ;
#921 = VECTOR ( 'NONE', #3758, 1000.000000000000114 ) ;
#922 = DIRECTION ( 'NONE',  ( -1.000000000000000000, 2.220446049250000002E-16, 4.336808689942000480E-16 ) ) ;
#923 = EDGE_CURVE ( 'NONE', #3980, #2585, #3351, .T. ) ;
#924 = UNCERTAINTY_MEASURE_WITH_UNIT (LENGTH_MEASURE( 1.000000000000000082E-05 ), #2538, 'distance_accuracy_value', 'NONE');
#925 = EDGE_LOOP ( 'NONE', ( #1899, #3934, #1008, #1984, #3989, #975 ) ) ;
#926 = EDGE_CURVE ( 'NONE', #223, #146, #2943, .T. ) ;
#927 = CARTESIAN_POINT ( 'NONE',  ( -5.000000000000000000, -3.700000000000000178, 3.500000000000000000 ) ) ;
#928 = AXIS2_PLACEMENT_3D ( 'NONE', #1797, #1139, #3294 ) ;
#929 = EDGE_CURVE ( 'NONE', #2047, #2311, #6, .T. ) ;
#930 = CARTESIAN_POINT ( 'NONE',  ( 5.000000000000000000, -11.25999999999999979, 11.70000000000000107 ) ) ;
#931 = ORIENTED_EDGE ( 'NONE', *, *, #3303, .T. ) ;
#932 = VECTOR ( 'NONE', #3034, 1000.000000000000000 ) ;
#933 = CARTESIAN_POINT ( 'NONE',  ( 3.700000000000000178, -9.825000000000001066, -8.881784197000999888E-16 ) ) ;
#934 = AXIS2_PLACEMENT_3D ( 'NONE', #3054, #3325, #566 ) ;
#935 = DIRECTION ( 'NONE',  ( -2.220446049250000002E-16, -1.000000000000000000, 0.0000000000000000000 ) ) ;
#936 = PLANE ( 'NONE',  #2961 ) ;
#937 = ORIENTED_EDGE ( 'NONE', *, *, #261, .F. ) ;
#938 = AXIS2_PLACEMENT_3D ( 'NONE', #3673, #1489, #1230 ) ;
#939 = VECTOR ( 'NONE', #2363, 1000.000000000000000 ) ;
#940 = LINE ( 'NONE', #1450, #479 ) ;
#941 = FACE_OUTER_BOUND ( 'NONE', #137, .T. ) ;
#942 = PLANE ( 'NONE',  #1112 ) ;
#943 = VECTOR ( 'NONE', #1861, 1000.000000000000000 ) ;
#944 = VERTEX_POINT ( 'NONE', #3975 ) ;
#945 = AXIS2_PLACEMENT_3D ( 'NONE', #1012, #1630, #3122 ) ;
#946 = CARTESIAN_POINT ( 'NONE',  ( 1.600000000000000089, -4.825000000000000178, -4.440892098500999885E-16 ) ) ;
#947 = LINE ( 'NONE', #1196, #1318 ) ;
#948 = DIRECTION ( 'NONE',  ( 1.000000000000000000, -2.220446049250000002E-16, 0.0000000000000000000 ) ) ;
#949 = VECTOR ( 'NONE', #2200, 1000.000000000000000 ) ;
#950 = ORIENTED_EDGE ( 'NONE', *, *, #501, .F. ) ;
#951 = EDGE_CURVE ( 'NONE', #2777, #1259, #3375, .T. ) ;
#952 = CARTESIAN_POINT ( 'NONE',  ( 1.776356839399999804E-15, -3.700000000000000178, 12.80000000000000071 ) ) ;
#953 = CARTESIAN_POINT ( 'NONE',  ( -0.2999999999999999889, -9.825000000000001066, 8.673617379883999973E-16 ) ) ;
#954 = EDGE_LOOP ( 'NONE', ( #1788, #3017, #2179, #950 ) ) ;
#955 = DIRECTION ( 'NONE',  ( 1.000000000000000000, -2.220446049250000002E-16, -5.963111948670000258E-16 ) ) ;
#956 = EDGE_CURVE ( 'NONE', #3429, #2929, #3240, .T. ) ;
#957 = SURFACE_STYLE_FILL_AREA ( #3710 ) ;
#958 = CARTESIAN_POINT ( 'NONE',  ( 1.600000000000000089, -4.825000000000000178, -4.440892098500999885E-16 ) ) ;
#959 = ORIENTED_EDGE ( 'NONE', *, *, #3597, .F. ) ;
#960 = CARTESIAN_POINT ( 'NONE',  ( -2.200000000000000178, -4.825000000000000178, -3.000000000000000000 ) ) ;
#961 = VERTEX_POINT ( 'NONE', #3716 ) ;
#962 = CARTESIAN_POINT ( 'NONE',  ( 2.958039891549999911, 9.000000000000000000, 7.000000000000000000 ) ) ;
#963 = FACE_OUTER_BOUND ( 'NONE', #3970, .T. ) ;
#964 = LINE ( 'NONE', #1275, #3500 ) ;
#965 = ORIENTED_EDGE ( 'NONE', *, *, #382, .T. ) ;
#966 = DIRECTION ( 'NONE',  ( -2.220446049250000002E-16, -1.000000000000000000, 0.0000000000000000000 ) ) ;
#967 = CARTESIAN_POINT ( 'NONE',  ( 1.776356839399999804E-15, -3.700000000000000178, 12.80000000000000071 ) ) ;
#968 = CARTESIAN_POINT ( 'NONE',  ( -3.700000000000000178, -4.825000000000000178, 3.000000000000000000 ) ) ;
#969 = EDGE_CURVE ( 'NONE', #508, #1188, #2208, .T. ) ;
#970 = ORIENTED_EDGE ( 'NONE', *, *, #446, .F. ) ;
#971 = CARTESIAN_POINT ( 'NONE',  ( -1.600000000000000089, -4.825000000000000178, 3.108624468949999707E-15 ) ) ;
#972 = CYLINDRICAL_SURFACE ( 'NONE', #1626, 12.50999999999999801 ) ;
#973 = FACE_OUTER_BOUND ( 'NONE', #2033, .T. ) ;
#974 = EDGE_CURVE ( 'NONE', #3666, #603, #3580, .T. ) ;
#975 = ORIENTED_EDGE ( 'NONE', *, *, #2034, .T. ) ;
#976 = VERTEX_POINT ( 'NONE', #315 ) ;
#977 = ORIENTED_EDGE ( 'NONE', *, *, #2708, .F. ) ;
#978 = CARTESIAN_POINT ( 'NONE',  ( -2.799999999999999822, -5.174999999999999822, -3.000000000000000000 ) ) ;
#979 = EDGE_LOOP ( 'NONE', ( #970, #2343, #513, #1386 ) ) ;
#980 = CARTESIAN_POINT ( 'NONE',  ( -4.899999999999999467, -10.17500000000000071, 0.8928203230279999625 ) ) ;
#981 =( GEOMETRIC_REPRESENTATION_CONTEXT ( 3 ) GLOBAL_UNCERTAINTY_ASSIGNED_CONTEXT ( ( #1396 ) ) GLOBAL_UNIT_ASSIGNED_CONTEXT ( ( #2279, #763, #2641 ) ) REPRESENTATION_CONTEXT ( 'NONE', 'WORKASPACE' ) );
#982 = CARTESIAN_POINT ( 'NONE',  ( 8.881784197000999888E-16, -4.825000000000000178, 12.80000000000000071 ) ) ;
#983 = DIRECTION ( 'NONE',  ( 6.505213034912999980E-16, -1.444447458289999932E-31, 1.000000000000000000 ) ) ;
#984 = ORIENTED_EDGE ( 'NONE', *, *, #3921, .F. ) ;
#985 = LINE ( 'NONE', #2875, #3679 ) ;
#986 = PLANE ( 'NONE',  #1304 ) ;
#987 = PLANE ( 'NONE',  #1305 ) ;
#988 = AXIS2_PLACEMENT_3D ( 'NONE', #3059, #26, #2715 ) ;
#989 = ORIENTED_EDGE ( 'NONE', *, *, #650, .T. ) ;
#990 = EDGE_CURVE ( 'NONE', #2261, #2881, #3497, .T. ) ;
#991 = CARTESIAN_POINT ( 'NONE',  ( 3.700000000000000178, -3.700000000000000178, 0.8496820125990000028 ) ) ;
#992 = ADVANCED_FACE ( 'NONE', ( #1802 ), #2689, .F. ) ;
#993 = AXIS2_PLACEMENT_3D ( 'NONE', #294, #1505, #2065 ) ;
#994 = ORIENTED_EDGE ( 'NONE', *, *, #2096, .F. ) ;
#995 = EDGE_CURVE ( 'NONE', #670, #533, #2045, .T. ) ;
#996 = AXIS2_PLACEMENT_3D ( 'NONE', #2599, #2274, #2903 ) ;
#997 = DIRECTION ( 'NONE',  ( -1.000000000000000000, 2.220446049250000495E-16, 0.0000000000000000000 ) ) ;
#998 = EDGE_LOOP ( 'NONE', ( #2376, #802, #3260, #3289 ) ) ;
#999 = VECTOR ( 'NONE', #340, 1000.000000000000000 ) ;
#1000 = CARTESIAN_POINT ( 'NONE',  ( 0.2999999999999999889, -4.825000000000000178, 0.0000000000000000000 ) ) ;
#1001 = PLANE ( 'NONE',  #1373 ) ;
#1002 = CIRCLE ( 'NONE', #235, 0.5000000000000000000 ) ;
#1003 = CARTESIAN_POINT ( 'NONE',  ( -5.000000000000000000, -11.70000000000000107, 1.343560762609999903 ) ) ;
#1004 = EDGE_LOOP ( 'NONE', ( #303, #3049, #3846, #1091 ) ) ;
#1005 = CARTESIAN_POINT ( 'NONE',  ( 2.200000000000000178, -9.825000000000001066, -3.000000000000000000 ) ) ;
#1006 = FACE_BOUND ( 'NONE', #2556, .T. ) ;
#1007 = DIRECTION ( 'NONE',  ( 0.0000000000000000000, 0.0000000000000000000, 1.000000000000000000 ) ) ;
#1008 = ORIENTED_EDGE ( 'NONE', *, *, #2516, .T. ) ;
#1009 = EDGE_LOOP ( 'NONE', ( #2944, #2043, #3911 ) ) ;
#1010 = ADVANCED_FACE ( 'NONE', ( #1465 ), #1162, .T. ) ;
#1011 = LINE ( 'NONE', #3463, #3604 ) ;
#1012 = CARTESIAN_POINT ( 'NONE',  ( 2.200000000000000178, -9.825000000000001066, -3.000000000000000000 ) ) ;
#1013 = CARTESIAN_POINT ( 'NONE',  ( -5.299999999999999822, -10.17500000000000071, 0.2000000000000000111 ) ) ;
#1014 = ORIENTED_EDGE ( 'NONE', *, *, #3897, .T. ) ;
#1015 = CARTESIAN_POINT ( 'NONE',  ( 3.552713678800999489E-15, 7.000000000000000000, 6.500000000000000000 ) ) ;
#1016 = EDGE_CURVE ( 'NONE', #3896, #2948, #2132, .T. ) ;
#1017 = DIRECTION ( 'NONE',  ( 1.000000000000000000, -2.220446049250000002E-16, 0.0000000000000000000 ) ) ;
#1018 = ORIENTED_EDGE ( 'NONE', *, *, #706, .F. ) ;
#1019 = EDGE_LOOP ( 'NONE', ( #3840, #1097, #451, #2742 ) ) ;
#1020 = CARTESIAN_POINT ( 'NONE',  ( -5.299999999999999822, -4.825000000000000178, 0.2000000000000000111 ) ) ;
#1021 = FILL_AREA_STYLE_COLOUR ( '', #2836 ) ;
#1022 = CARTESIAN_POINT ( 'NONE',  ( 8.881784197000999888E-16, -5.174999999999999822, 12.80000000000000071 ) ) ;
#1023 = EDGE_LOOP ( 'NONE', ( #1467, #2821, #3086, #1018 ) ) ;
#1024 = CARTESIAN_POINT ( 'NONE',  ( 5.000000000000000000, -5.174999999999999822, 0.0000000000000000000 ) ) ;
#1025 = ORIENTED_EDGE ( 'NONE', *, *, #2326, .T. ) ;
#1026 = LINE ( 'NONE', #2273, #13 ) ;
#1027 = LINE ( 'NONE', #3775, #3628 ) ;
#1028 = DIRECTION ( 'NONE',  ( -4.244852976114999962E-16, 9.425467020462999493E-32, -1.000000000000000000 ) ) ;
#1029 = ADVANCED_FACE ( 'NONE', ( #3005 ), #250, .F. ) ;
#1030 = CARTESIAN_POINT ( 'NONE',  ( 5.009999999999999787, -3.700000000000000178, 1.337016095274000005 ) ) ;
#1031 = ORIENTED_EDGE ( 'NONE', *, *, #2387, .F. ) ;
#1032 = DIRECTION ( 'NONE',  ( -1.000000000000000000, 2.220446049249999755E-16, 0.0000000000000000000 ) ) ;
#1033 = CARTESIAN_POINT ( 'NONE',  ( 4.700000000000000178, -9.825000000000001066, -1.332267629549999902E-15 ) ) ;
#1034 = EDGE_CURVE ( 'NONE', #3686, #2075, #1482, .T. ) ;
#1035 = EDGE_CURVE ( 'NONE', #3136, #2055, #3949, .T. ) ;
#1036 = VERTEX_POINT ( 'NONE', #868 ) ;
#1037 = ORIENTED_EDGE ( 'NONE', *, *, #3792, .F. ) ;
#1038 = AXIS2_PLACEMENT_3D ( 'NONE', #133, #1357, #3842 ) ;
#1039 = DIRECTION ( 'NONE',  ( 2.220446049250000002E-16, 1.000000000000000000, 0.0000000000000000000 ) ) ;
#1040 = ADVANCED_FACE ( 'NONE', ( #1825 ), #567, .F. ) ;
#1041 = AXIS2_PLACEMENT_3D ( 'NONE', #2949, #2724, #216 ) ;
#1042 = ORIENTED_EDGE ( 'NONE', *, *, #731, .F. ) ;
#1043 = AXIS2_PLACEMENT_3D ( 'NONE', #117, #2614, #424 ) ;
#1044 = CARTESIAN_POINT ( 'NONE',  ( -4.700000000000000178, -10.17500000000000071, 9.103828801925999642E-15 ) ) ;
#1045 = ORIENTED_EDGE ( 'NONE', *, *, #990, .T. ) ;
#1046 = DIRECTION ( 'NONE',  ( 2.220446049250000002E-16, 1.000000000000000000, 0.0000000000000000000 ) ) ;
#1047 = VECTOR ( 'NONE', #2276, 1000.000000000000000 ) ;
#1048 = CARTESIAN_POINT ( 'NONE',  ( -5.000000000000000000, -11.70000000000000107, 11.70000000000000107 ) ) ;
#1049 = CARTESIAN_POINT ( 'NONE',  ( -0.5000000000000000000, -3.700000000000000178, 0.2999960000010000183 ) ) ;
#1050 = VECTOR ( 'NONE', #3029, 1000.000000000000000 ) ;
#1051 = AXIS2_PLACEMENT_3D ( 'NONE', #3988, #522, #2367 ) ;
#1052 = ORIENTED_EDGE ( 'NONE', *, *, #3864, .F. ) ;
#1053 = PLANE ( 'NONE',  #3160 ) ;
#1054 = AXIS2_PLACEMENT_3D ( 'NONE', #952, #581, #2468 ) ;
#1055 = VERTEX_POINT ( 'NONE', #2756 ) ;
#1056 = VECTOR ( 'NONE', #1399, 1000.000000000000000 ) ;
#1057 = VERTEX_POINT ( 'NONE', #3030 ) ;
#1058 = ADVANCED_FACE ( 'NONE', ( #848 ), #1142, .F. ) ;
#1059 = CARTESIAN_POINT ( 'NONE',  ( 0.5000000000000000000, -9.825000000000001066, 1.000000000000000000 ) ) ;
#1060 = VECTOR ( 'NONE', #1394, 1000.000000000000000 ) ;
#1061 = LINE ( 'NONE', #633, #1685 ) ;
#1062 = ORIENTED_EDGE ( 'NONE', *, *, #2638, .F. ) ;
#1063 = EDGE_CURVE ( 'NONE', #3211, #3666, #3756, .T. ) ;
#1064 = PRODUCT ( '310FB0AC-6725-4FB1-B0A2-A251E5FBF761', '310FB0AC-6725-4FB1-B0A2-A251E5FBF761', '', ( #1306 ) ) ;
#1065 = SURFACE_SIDE_STYLE ('',( #1716 ) ) ;
#1066 = EDGE_LOOP ( 'NONE', ( #455, #1126, #3731, #1752 ) ) ;
#1067 = DIRECTION ( 'NONE',  ( -1.000000000000000000, 0.0000000000000000000, 4.336808689942000480E-16 ) ) ;
#1068 = LINE ( 'NONE', #3869, #3386 ) ;
#1069 = CARTESIAN_POINT ( 'NONE',  ( 2.200000000000000178, -9.825000000000001066, 0.0000000000000000000 ) ) ;
#1070 = ORIENTED_EDGE ( 'NONE', *, *, #2937, .T. ) ;
#1071 = DIRECTION ( 'NONE',  ( -2.220446049250000002E-16, -1.000000000000000000, 0.0000000000000000000 ) ) ;
#1072 = ORIENTED_EDGE ( 'NONE', *, *, #2565, .F. ) ;
#1073 = ORIENTED_EDGE ( 'NONE', *, *, #1159, .F. ) ;
#1074 = DIRECTION ( 'NONE',  ( 1.000000000000000000, -2.220446049250000002E-16, 0.0000000000000000000 ) ) ;
#1075 = FACE_OUTER_BOUND ( 'NONE', #1723, .T. ) ;
#1076 = EDGE_CURVE ( 'NONE', #583, #113, #227, .T. ) ;
#1077 = DIRECTION ( 'NONE',  ( -2.220446049250000002E-16, -1.000000000000000000, 0.0000000000000000000 ) ) ;
#1078 = VERTEX_POINT ( 'NONE', #2958 ) ;
#1079 = ADVANCED_FACE ( 'NONE', ( #1446 ), #2673, .F. ) ;
#1080 = CARTESIAN_POINT ( 'NONE',  ( 5.009999999999999787, -3.700000000000000178, 11.70999999999999908 ) ) ;
#1081 = ORIENTED_EDGE ( 'NONE', *, *, #3697, .F. ) ;
#1082 = ADVANCED_FACE ( 'NONE', ( #3387 ), #936, .F. ) ;
#1083 = LINE ( 'NONE', #1480, #3540 ) ;
#1084 = LINE ( 'NONE', #1969, #2723 ) ;
#1085 = PLANE ( 'NONE',  #2413 ) ;
#1086 = EDGE_CURVE ( 'NONE', #1057, #1859, #78, .T. ) ;
#1087 = CARTESIAN_POINT ( 'NONE',  ( -4.899999999999999467, -9.825000000000001066, 0.8928203230279999625 ) ) ;
#1088 = ORIENTED_EDGE ( 'NONE', *, *, #2736, .F. ) ;
#1089 = DIRECTION ( 'NONE',  ( -1.000000000000000000, 2.220446049250000002E-16, 0.0000000000000000000 ) ) ;
#1090 = DIRECTION ( 'NONE',  ( 2.220446049250000002E-16, 1.000000000000000000, 0.0000000000000000000 ) ) ;
#1091 = ORIENTED_EDGE ( 'NONE', *, *, #2362, .F. ) ;
#1092 = VERTEX_POINT ( 'NONE', #2450 ) ;
#1093 = LINE ( 'NONE', #3212, #3220 ) ;
#1094 = DIRECTION ( 'NONE',  ( 1.000000000000000000, -2.220446049250000002E-16, 0.0000000000000000000 ) ) ;
#1095 = CARTESIAN_POINT ( 'NONE',  ( -4.899999999999999467, -5.174999999999999822, 0.8928203230279999625 ) ) ;
#1096 = AXIS2_PLACEMENT_3D ( 'NONE', #3708, #955, #644 ) ;
#1097 = ORIENTED_EDGE ( 'NONE', *, *, #476, .F. ) ;
#1098 = AXIS2_PLACEMENT_3D ( 'NONE', #530, #2970, #1109 ) ;
#1099 = LINE ( 'NONE', #1080, #2593 ) ;
#1100 = ADVANCED_FACE ( 'NONE', ( #973 ), #987, .F. ) ;
#1101 = VERTEX_POINT ( 'NONE', #20 ) ;
#1102 = AXIS2_PLACEMENT_3D ( 'NONE', #2204, #3437, #3984 ) ;
#1103 = PRODUCT_RELATED_PRODUCT_CATEGORY ( 'part', '', ( #1064 ) ) ;
#1104 = CARTESIAN_POINT ( 'NONE',  ( -15.40000000000000036, 7.000000000000000000, 3.600000000000000089 ) ) ;
#1105 = DIRECTION ( 'NONE',  ( 1.000000000000000000, 0.0000000000000000000, -4.440892098500999885E-16 ) ) ;
#1106 = AXIS2_PLACEMENT_3D ( 'NONE', #3123, #88, #3141 ) ;
#1107 = EDGE_LOOP ( 'NONE', ( #648, #1240, #3269, #1668 ) ) ;
#1108 = EDGE_CURVE ( 'NONE', #1514, #65, #2820, .T. ) ;
#1109 = DIRECTION ( 'NONE',  ( 1.000000000000000000, 0.0000000000000000000, -2.960594732334000186E-15 ) ) ;
#1110 = CARTESIAN_POINT ( 'NONE',  ( 0.5000000000000000000, -3.700000000000000178, 0.2999960000010000183 ) ) ;
#1111 = DIRECTION ( 'NONE',  ( 2.168404344971000191E-15, -4.814824860968000300E-31, 1.000000000000000000 ) ) ;
#1112 = AXIS2_PLACEMENT_3D ( 'NONE', #2247, #3118, #1624 ) ;
#1113 = VECTOR ( 'NONE', #332, 1000.000000000000000 ) ;
#1114 = ORIENTED_EDGE ( 'NONE', *, *, #2761, .F. ) ;
#1115 = CIRCLE ( 'NONE', #2083, 3.000000000000000000 ) ;
#1116 = LINE ( 'NONE', #2612, #525 ) ;
#1117 = VECTOR ( 'NONE', #1758, 1000.000000000000000 ) ;
#1118 = FILL_AREA_STYLE ('',( #2646 ) ) ;
#1119 = VECTOR ( 'NONE', #1347, 1000.000000000000000 ) ;
#1120 = CARTESIAN_POINT ( 'NONE',  ( 3.700000000000000178, -4.825000000000000178, -8.881784197000999888E-16 ) ) ;
#1121 = ORIENTED_EDGE ( 'NONE', *, *, #152, .F. ) ;
#1122 = VECTOR ( 'NONE', #3960, 1000.000000000000000 ) ;
#1123 = DIRECTION ( 'NONE',  ( -2.220446049250000002E-16, -1.000000000000000000, 0.0000000000000000000 ) ) ;
#1124 = VECTOR ( 'NONE', #319, 1000.000000000000000 ) ;
#1125 = ORIENTED_EDGE ( 'NONE', *, *, #1403, .F. ) ;
#1126 = ORIENTED_EDGE ( 'NONE', *, *, #1528, .F. ) ;
#1127 = CARTESIAN_POINT ( 'NONE',  ( 0.2999999999999999889, -9.825000000000001066, -3.000000000000000000 ) ) ;
#1128 = DIRECTION ( 'NONE',  ( -2.220446049250000002E-16, -1.000000000000000000, 0.0000000000000000000 ) ) ;
#1129 = PLANE ( 'NONE',  #3363 ) ;
#1130 = ORIENTED_EDGE ( 'NONE', *, *, #2652, .F. ) ;
#1131 = CARTESIAN_POINT ( 'NONE',  ( 4.899999999999999467, -9.825000000000001066, 0.8928203230279999625 ) ) ;
#1132 = EDGE_CURVE ( 'NONE', #2217, #1746, #2653, .T. ) ;
#1133 = ORIENTED_EDGE ( 'NONE', *, *, #1263, .F. ) ;
#1134 = ORIENTED_EDGE ( 'NONE', *, *, #776, .T. ) ;
#1135 = EDGE_CURVE ( 'NONE', #146, #1514, #1617, .T. ) ;
#1136 = PLANE ( 'NONE',  #1930 ) ;
#1137 = FACE_OUTER_BOUND ( 'NONE', #2568, .T. ) ;
#1138 = DIRECTION ( 'NONE',  ( -2.220446049250000002E-16, -1.000000000000000000, 0.0000000000000000000 ) ) ;
#1139 = DIRECTION ( 'NONE',  ( 0.0000000000000000000, 0.0000000000000000000, 1.000000000000000000 ) ) ;
#1140 = VERTEX_POINT ( 'NONE', #1222 ) ;
#1141 = CARTESIAN_POINT ( 'NONE',  ( -5.000000000000000000, -3.700000000000000178, 1.343560762609999903 ) ) ;
#1142 = PLANE ( 'NONE',  #1051 ) ;
#1143 = ORIENTED_EDGE ( 'NONE', *, *, #2611, .T. ) ;
#1144 = LINE ( 'NONE', #449, #556 ) ;
#1145 = DIRECTION ( 'NONE',  ( -1.646488427099000057E-15, 0.0000000000000000000, -1.000000000000000000 ) ) ;
#1146 = ORIENTED_EDGE ( 'NONE', *, *, #3776, .F. ) ;
#1147 = DIRECTION ( 'NONE',  ( -2.220446049250000002E-16, -1.000000000000000000, 0.0000000000000000000 ) ) ;
#1148 = ORIENTED_EDGE ( 'NONE', *, *, #356, .T. ) ;
#1149 = DIRECTION ( 'NONE',  ( 1.000000000000000000, 0.0000000000000000000, -2.168404344971000191E-15 ) ) ;
#1150 = ORIENTED_EDGE ( 'NONE', *, *, #3451, .T. ) ;
#1151 = ORIENTED_EDGE ( 'NONE', *, *, #3495, .T. ) ;
#1152 = CARTESIAN_POINT ( 'NONE',  ( 5.000000000000000000, -9.825000000000001066, 0.0000000000000000000 ) ) ;
#1153 = ADVANCED_FACE ( 'NONE', ( #3744 ), #3767, .F. ) ;
#1154 = DIRECTION ( 'NONE',  ( 2.220446049250000002E-16, 1.000000000000000000, 0.0000000000000000000 ) ) ;
#1155 = ADVANCED_FACE ( 'NONE', ( #384 ), #2173, .F. ) ;
#1156 = PLANE ( 'NONE',  #3486 ) ;
#1157 = ORIENTED_EDGE ( 'NONE', *, *, #1823, .F. ) ;
#1158 = LINE ( 'NONE', #865, #2130 ) ;
#1159 = EDGE_CURVE ( 'NONE', #258, #461, #3684, .T. ) ;
#1160 = AXIS2_PLACEMENT_3D ( 'NONE', #3751, #3832, #1067 ) ;
#1161 = DIRECTION ( 'NONE',  ( 0.0000000000000000000, 0.0000000000000000000, 1.000000000000000000 ) ) ;
#1162 = CYLINDRICAL_SURFACE ( 'NONE', #1682, 3.000000000000000000 ) ;
#1163 = ORIENTED_EDGE ( 'NONE', *, *, #3045, .F. ) ;
#1164 = AXIS2_PLACEMENT_3D ( 'NONE', #1513, #2074, #879 ) ;
#1165 = DIRECTION ( 'NONE',  ( -5.204170427929999243E-16, 1.155557966631999945E-31, -1.000000000000000000 ) ) ;
#1166 = DIRECTION ( 'NONE',  ( -1.646488427099000057E-15, 0.0000000000000000000, -1.000000000000000000 ) ) ;
#1167 = CARTESIAN_POINT ( 'NONE',  ( 0.5000000000000000000, 0.8000000000000000444, 1.000000000000000000 ) ) ;
#1168 = ORIENTED_EDGE ( 'NONE', *, *, #3888, .T. ) ;
#1169 = CARTESIAN_POINT ( 'NONE',  ( 5.000000000000000000, -18.50000000000000000, 8.500000000000000000 ) ) ;
#1170 = VERTEX_POINT ( 'NONE', #3442 ) ;
#1171 = CARTESIAN_POINT ( 'NONE',  ( -1.776356839399999804E-15, -20.00000000000000000, 12.80000000000000071 ) ) ;
#1172 = VECTOR ( 'NONE', #2622, 1000.000000000000000 ) ;
#1173 = VERTEX_POINT ( 'NONE', #1880 ) ;
#1174 = ORIENTED_EDGE ( 'NONE', *, *, #3697, .T. ) ;
#1175 = DIRECTION ( 'NONE',  ( -4.244852976114999962E-16, 9.425467020462999493E-32, -1.000000000000000000 ) ) ;
#1176 = AXIS2_PLACEMENT_3D ( 'NONE', #867, #1524, #1161 ) ;
#1177 = CARTESIAN_POINT ( 'NONE',  ( -1.716653721634000096, 1.776356839399999804E-15, 3.600000000000000089 ) ) ;
#1178 = FACE_OUTER_BOUND ( 'NONE', #744, .T. ) ;
#1179 = EDGE_CURVE ( 'NONE', #916, #3827, #1920, .T. ) ;
#1180 = AXIS2_PLACEMENT_3D ( 'NONE', #3405, #2231, #2513 ) ;
#1181 = ORIENTED_EDGE ( 'NONE', *, *, #3270, .T. ) ;
#1182 = DIRECTION ( 'NONE',  ( -2.220446049250000002E-16, -1.000000000000000000, 0.0000000000000000000 ) ) ;
#1183 = CIRCLE ( 'NONE', #3314, 3.000000000000000000 ) ;
#1184 = CARTESIAN_POINT ( 'NONE',  ( -0.2999999999999999889, -10.17500000000000071, 8.673617379883999973E-16 ) ) ;
#1185 = CARTESIAN_POINT ( 'NONE',  ( 5.000000000000000000, -10.17500000000000071, 0.0000000000000000000 ) ) ;
#1186 = ORIENTED_EDGE ( 'NONE', *, *, #3336, .F. ) ;
#1187 = EDGE_CURVE ( 'NONE', #787, #2232, #1434, .T. ) ;
#1188 = VERTEX_POINT ( 'NONE', #401 ) ;
#1189 = CARTESIAN_POINT ( 'NONE',  ( 8.099999999999999645, 15.00000000000000000, 6.000000000000000000 ) ) ;
#1190 = SURFACE_STYLE_USAGE ( .BOTH. , #570 ) ;
#1191 = EDGE_CURVE ( 'NONE', #4, #308, #2477, .T. ) ;
#1192 = VERTEX_POINT ( 'NONE', #958 ) ;
#1193 = PLANE ( 'NONE',  #1098 ) ;
#1194 = VERTEX_POINT ( 'NONE', #350 ) ;
#1195 = PRESENTATION_STYLE_ASSIGNMENT (( #919 ) ) ;
#1196 = CARTESIAN_POINT ( 'NONE',  ( -3.700000000000000178, -5.174999999999999822, 7.327471962526000035E-15 ) ) ;
#1197 = EDGE_LOOP ( 'NONE', ( #140, #2651, #3670, #1453 ) ) ;
#1198 = ORIENTED_EDGE ( 'NONE', *, *, #1263, .T. ) ;
#1199 = LINE ( 'NONE', #903, #2199 ) ;
#1200 = DIRECTION ( 'NONE',  ( 0.0000000000000000000, 0.0000000000000000000, 1.000000000000000000 ) ) ;
#1201 = ORIENTED_EDGE ( 'NONE', *, *, #1687, .F. ) ;
#1202 = LINE ( 'NONE', #248, #1667 ) ;
#1203 = EDGE_CURVE ( 'NONE', #1173, #22, #48, .T. ) ;
#1204 = DIRECTION ( 'NONE',  ( 2.220446049250000002E-16, 1.000000000000000000, 0.0000000000000000000 ) ) ;
#1205 = ORIENTED_EDGE ( 'NONE', *, *, #3258, .F. ) ;
#1206 = LINE ( 'NONE', #2759, #1763 ) ;
#1207 = CARTESIAN_POINT ( 'NONE',  ( -5.009999999999999787, -3.700000000000000178, 11.70999999999999908 ) ) ;
#1208 = EDGE_CURVE ( 'NONE', #1265, #258, #3727, .T. ) ;
#1209 = VERTEX_POINT ( 'NONE', #368 ) ;
#1210 = VERTEX_POINT ( 'NONE', #499 ) ;
#1211 = EDGE_CURVE ( 'NONE', #3841, #819, #3036, .T. ) ;
#1212 = DIRECTION ( 'NONE',  ( 1.000000000000000000, -2.220446049250000002E-16, -6.505213034912999980E-16 ) ) ;
#1213 = LINE ( 'NONE', #2744, #2541 ) ;
#1214 = DIRECTION ( 'NONE',  ( 1.000000000000000000, 0.0000000000000000000, -2.168404344971000191E-15 ) ) ;
#1215 = ORIENTED_EDGE ( 'NONE', *, *, #3523, .T. ) ;
#1216 = LINE ( 'NONE', #2446, #921 ) ;
#1217 = DIRECTION ( 'NONE',  ( -1.000000000000000000, 2.220446049250000002E-16, 1.301042606982999948E-15 ) ) ;
#1218 = PLANE ( 'NONE',  #1820 ) ;
#1219 = ORIENTED_EDGE ( 'NONE', *, *, #1842, .F. ) ;
#1220 = DIRECTION ( 'NONE',  ( -1.000000000000000000, 2.220446049250000002E-16, 2.168404344971000191E-15 ) ) ;
#1221 = LINE ( 'NONE', #2092, #1050 ) ;
#1222 = CARTESIAN_POINT ( 'NONE',  ( 0.2999999999999999889, -9.825000000000001066, 0.0000000000000000000 ) ) ;
#1223 = ORIENTED_EDGE ( 'NONE', *, *, #794, .F. ) ;
#1224 = PLANE ( 'NONE',  #2667 ) ;
#1225 = LINE ( 'NONE', #3372, #1676 ) ;
#1226 = EDGE_CURVE ( 'NONE', #1612, #777, #3259, .T. ) ;
#1227 = ORIENTED_EDGE ( 'NONE', *, *, #2818, .F. ) ;
#1228 = VECTOR ( 'NONE', #1759, 1000.000000000000000 ) ;
#1229 = CARTESIAN_POINT ( 'NONE',  ( -5.299999999999999822, -5.174999999999999822, 0.2000000000000000111 ) ) ;
#1230 = DIRECTION ( 'NONE',  ( 1.000000000000000000, 0.0000000000000000000, 7.401486830833999598E-16 ) ) ;
#1231 = DIRECTION ( 'NONE',  ( -2.220446049250000002E-16, -1.000000000000000000, 0.0000000000000000000 ) ) ;
#1232 = VECTOR ( 'NONE', #1175, 1000.000000000000000 ) ;
#1233 = CYLINDRICAL_SURFACE ( 'NONE', #3884, 0.5000000000000000000 ) ;
#1234 = ADVANCED_FACE ( 'NONE', ( #1655 ), #2859, .T. ) ;
#1235 = ORIENTED_EDGE ( 'NONE', *, *, #866, .T. ) ;
#1236 = FACE_OUTER_BOUND ( 'NONE', #510, .T. ) ;
#1237 =( NAMED_UNIT ( * ) PLANE_ANGLE_UNIT ( ) SI_UNIT ( $, .RADIAN. ) );
#1238 = AXIS2_PLACEMENT_3D ( 'NONE', #1833, #840, #54 ) ;
#1239 = DIRECTION ( 'NONE',  ( -2.220446049250000002E-16, -1.000000000000000000, 0.0000000000000000000 ) ) ;
#1240 = ORIENTED_EDGE ( 'NONE', *, *, #3916, .T. ) ;
#1241 = AXIS2_PLACEMENT_3D ( 'NONE', #2252, #3485, #997 ) ;
#1242 = CARTESIAN_POINT ( 'NONE',  ( -1.776356839399999804E-15, -20.00000000000000000, 12.80000000000000071 ) ) ;
#1243 = VECTOR ( 'NONE', #2372, 1000.000000000000000 ) ;
#1244 = CARTESIAN_POINT ( 'NONE',  ( 8.881784197000999888E-16, -4.825000000000000178, 12.80000000000000071 ) ) ;
#1245 = DIRECTION ( 'NONE',  ( 5.963111948670000258E-16, -1.324076836766000003E-31, 1.000000000000000000 ) ) ;
#1246 = ORIENTED_EDGE ( 'NONE', *, *, #3845, .T. ) ;
#1247 = STYLED_ITEM ( 'NONE', ( #1195 ), #2740 ) ;
#1248 = CIRCLE ( 'NONE', #2533, 12.50000000000000000 ) ;
#1249 = PLANE ( 'NONE',  #3438 ) ;
#1250 = CARTESIAN_POINT ( 'NONE',  ( -4.700000000000000178, -4.825000000000000178, -3.000000000000000000 ) ) ;
#1251 = AXIS2_PLACEMENT_3D ( 'NONE', #2320, #2702, #3234 ) ;
#1252 = ORIENTED_EDGE ( 'NONE', *, *, #42, .F. ) ;
#1253 = CARTESIAN_POINT ( 'NONE',  ( 8.881784197000999888E-16, -4.825000000000000178, 12.80000000000000071 ) ) ;
#1254 = VECTOR ( 'NONE', #1749, 1000.000000000000000 ) ;
#1255 = DIRECTION ( 'NONE',  ( -2.220446049250000002E-16, -1.000000000000000000, 0.0000000000000000000 ) ) ;
#1256 = CARTESIAN_POINT ( 'NONE',  ( 4.700000000000000178, -10.17500000000000071, -3.000000000000000000 ) ) ;
#1257 = LINE ( 'NONE', #245, #3042 ) ;
#1258 = AXIS2_PLACEMENT_3D ( 'NONE', #1742, #2621, #791 ) ;
#1259 = VERTEX_POINT ( 'NONE', #1095 ) ;
#1260 = CARTESIAN_POINT ( 'NONE',  ( -3.700000000000000178, -4.825000000000000178, 7.327471962526000035E-15 ) ) ;
#1261 = DIRECTION ( 'NONE',  ( 1.000000000000000000, -2.220446049250000002E-16, 0.0000000000000000000 ) ) ;
#1262 = EDGE_CURVE ( 'NONE', #3980, #268, #3556, .T. ) ;
#1263 = EDGE_CURVE ( 'NONE', #2942, #849, #863, .T. ) ;
#1264 = CARTESIAN_POINT ( 'NONE',  ( 1.600000000000000089, -5.174999999999999822, -4.440892098500999885E-16 ) ) ;
#1265 = VERTEX_POINT ( 'NONE', #135 ) ;
#1266 = DIRECTION ( 'NONE',  ( 1.000000000000000000, -2.220446049250000002E-16, 0.0000000000000000000 ) ) ;
#1267 = FACE_BOUND ( 'NONE', #2552, .T. ) ;
#1268 = CARTESIAN_POINT ( 'NONE',  ( 3.552713678800999489E-15, 7.000000000000000000, 3.500000000000000000 ) ) ;
#1269 = ORIENTED_EDGE ( 'NONE', *, *, #2631, .T. ) ;
#1270 = PLANE ( 'NONE',  #2405 ) ;
#1271 = LINE ( 'NONE', #991, #862 ) ;
#1272 = ORIENTED_EDGE ( 'NONE', *, *, #2963, .T. ) ;
#1273 = ORIENTED_EDGE ( 'NONE', *, *, #1738, .T. ) ;
#1274 = DIRECTION ( 'NONE',  ( 2.220446049250000002E-16, 1.000000000000000000, 0.0000000000000000000 ) ) ;
#1275 = CARTESIAN_POINT ( 'NONE',  ( 5.000000000000000000, -3.700000000000000178, 11.70000000000000107 ) ) ;
#1276 = VERTEX_POINT ( 'NONE', #3235 ) ;
#1277 = CARTESIAN_POINT ( 'NONE',  ( -6.500000000000000000, 15.00000000000000000, 7.000000000000000000 ) ) ;
#1278 = CARTESIAN_POINT ( 'NONE',  ( 2.200000000000000178, -4.825000000000000178, 0.0000000000000000000 ) ) ;
#1279 = LINE ( 'NONE', #3085, #1945 ) ;
#1280 = ORIENTED_EDGE ( 'NONE', *, *, #3349, .T. ) ;
#1281 = EDGE_CURVE ( 'NONE', #693, #2722, #1937, .T. ) ;
#1282 = DIRECTION ( 'NONE',  ( -2.220446049250000002E-16, -1.000000000000000000, 0.0000000000000000000 ) ) ;
#1283 = ADVANCED_FACE ( 'NONE', ( #3501 ), #1696, .F. ) ;
#1284 = DIRECTION ( 'NONE',  ( -1.000000000000000000, 2.220446049250000002E-16, 0.0000000000000000000 ) ) ;
#1285 = VERTEX_POINT ( 'NONE', #752 ) ;
#1286 = EDGE_CURVE ( 'NONE', #2052, #238, #2023, .T. ) ;
#1287 = FACE_OUTER_BOUND ( 'NONE', #2457, .T. ) ;
#1288 = VERTEX_POINT ( 'NONE', #159 ) ;
#1289 = CARTESIAN_POINT ( 'NONE',  ( -0.5000000000000000000, -3.700000000000000178, 0.2999960000010000183 ) ) ;
#1290 = CARTESIAN_POINT ( 'NONE',  ( 8.000000000000000000, -18.50000000000000000, 3.500000000000000000 ) ) ;
#1291 = VECTOR ( 'NONE', #908, 1000.000000000000000 ) ;
#1292 = ORIENTED_EDGE ( 'NONE', *, *, #34, .F. ) ;
#1293 = LINE ( 'NONE', #1000, #1358 ) ;
#1294 = LINE ( 'NONE', #1277, #1566 ) ;
#1295 = VECTOR ( 'NONE', #3416, 1000.000000000000000 ) ;
#1296 = CARTESIAN_POINT ( 'NONE',  ( 0.5000000000000000000, -9.825000000000001066, 0.2999960000010000183 ) ) ;
#1297 = ORIENTED_EDGE ( 'NONE', *, *, #2918, .T. ) ;
#1298 = CYLINDRICAL_SURFACE ( 'NONE', #3360, 12.50000000000000000 ) ;
#1299 = FACE_BOUND ( 'NONE', #1487, .T. ) ;
#1300 = CARTESIAN_POINT ( 'NONE',  ( 4.700000000000000178, -4.825000000000000178, -3.000000000000000000 ) ) ;
#1301 = PRESENTATION_LAYER_ASSIGNMENT (  '', '', ( #3033 ) ) ;
#1302 = VERTEX_POINT ( 'NONE', #2919 ) ;
#1303 = ADVANCED_FACE ( 'NONE', ( #1962 ), #1342, .F. ) ;
#1304 = AXIS2_PLACEMENT_3D ( 'NONE', #3112, #2789, #47 ) ;
#1305 = AXIS2_PLACEMENT_3D ( 'NONE', #64, #3423, #1841 ) ;
#1306 = PRODUCT_CONTEXT ( 'NONE', #2378, 'mechanical' ) ;
#1307 = EDGE_CURVE ( 'NONE', #2902, #2286, #3802, .T. ) ;
#1308 = LINE ( 'NONE', #3445, #859 ) ;
#1309 = EDGE_LOOP ( 'NONE', ( #252, #615, #789, #3254, #3056, #3068, #1330, #2478 ) ) ;
#1310 = EDGE_CURVE ( 'NONE', #3198, #295, #3477, .T. ) ;
#1311 = VECTOR ( 'NONE', #441, 1000.000000000000000 ) ;
#1312 = DIRECTION ( 'NONE',  ( 2.220446049250000002E-16, 1.000000000000000000, 0.0000000000000000000 ) ) ;
#1313 = LINE ( 'NONE', #2828, #2842 ) ;
#1314 = DIRECTION ( 'NONE',  ( -1.000000000000000000, 2.220446049250000002E-16, -2.220446049250000297E-15 ) ) ;
#1315 = VECTOR ( 'NONE', #1777, 1000.000000000000000 ) ;
#1316 = DIRECTION ( 'NONE',  ( -1.000000000000000000, 0.0000000000000000000, 0.0000000000000000000 ) ) ;
#1317 = ORIENTED_EDGE ( 'NONE', *, *, #2509, .F. ) ;
#1318 = VECTOR ( 'NONE', #2484, 1000.000000000000000 ) ;
#1319 = DIRECTION ( 'NONE',  ( 2.220446049250000002E-16, 1.000000000000000000, 0.0000000000000000000 ) ) ;
#1320 = FACE_OUTER_BOUND ( 'NONE', #2835, .T. ) ;
#1321 = CARTESIAN_POINT ( 'NONE',  ( 5.000000000000000000, -11.70000000000000107, 11.70000000000000107 ) ) ;
#1322 = ORIENTED_EDGE ( 'NONE', *, *, #2266, .F. ) ;
#1323 = VERTEX_POINT ( 'NONE', #2590 ) ;
#1324 = CARTESIAN_POINT ( 'NONE',  ( -5.299999999999999822, -9.825000000000001066, -3.000000000000000000 ) ) ;
#1325 = DIRECTION ( 'NONE',  ( 2.220446049250000002E-16, 1.000000000000000000, 0.0000000000000000000 ) ) ;
#1326 = EDGE_LOOP ( 'NONE', ( #1784, #3095, #2088, #3889, #1379, #2248 ) ) ;
#1327 = EDGE_CURVE ( 'NONE', #258, #520, #1400, .T. ) ;
#1328 = DIRECTION ( 'NONE',  ( -2.220446049250000002E-16, -1.000000000000000000, 0.0000000000000000000 ) ) ;
#1329 = ORIENTED_EDGE ( 'NONE', *, *, #5, .T. ) ;
#1330 = ORIENTED_EDGE ( 'NONE', *, *, #1226, .T. ) ;
#1331 = EDGE_CURVE ( 'NONE', #2580, #1356, #785, .T. ) ;
#1332 = ADVANCED_FACE ( 'NONE', ( #1980 ), #3862, .T. ) ;
#1333 = CARTESIAN_POINT ( 'NONE',  ( -4.700000000000000178, -4.825000000000000178, 9.103828801925999642E-15 ) ) ;
#1334 = LINE ( 'NONE', #1951, #3944 ) ;
#1335 = EDGE_LOOP ( 'NONE', ( #3610, #568, #559, #2108 ) ) ;
#1336 = DIRECTION ( 'NONE',  ( -1.000000000000000000, 2.220446049250000002E-16, 0.0000000000000000000 ) ) ;
#1337 = LINE ( 'NONE', #1956, #3623 ) ;
#1338 = ORIENTED_EDGE ( 'NONE', *, *, #3447, .T. ) ;
#1339 = ORIENTED_EDGE ( 'NONE', *, *, #3967, .T. ) ;
#1340 = LINE ( 'NONE', #2038, #3288 ) ;
#1341 = CARTESIAN_POINT ( 'NONE',  ( 2.200000000000000178, -4.825000000000000178, -3.000000000000000000 ) ) ;
#1342 = PLANE ( 'NONE',  #3811 ) ;
#1343 = ORIENTED_EDGE ( 'NONE', *, *, #1327, .T. ) ;
#1344 = PLANE ( 'NONE',  #740 ) ;
#1345 = VERTEX_POINT ( 'NONE', #2704 ) ;
#1346 = EDGE_LOOP ( 'NONE', ( #369, #1014, #3764, #1906 ) ) ;
#1347 = DIRECTION ( 'NONE',  ( -4.244852976114999962E-16, 9.425467020462999493E-32, -1.000000000000000000 ) ) ;
#1348 = FACE_OUTER_BOUND ( 'NONE', #2680, .T. ) ;
#1349 = CARTESIAN_POINT ( 'NONE',  ( 0.0000000000000000000, -11.25999999999999979, 8.500000000000000000 ) ) ;
#1350 = ADVANCED_FACE ( 'NONE', ( #3942 ), #582, .F. ) ;
#1351 = ORIENTED_EDGE ( 'NONE', *, *, #995, .F. ) ;
#1352 = LINE ( 'NONE', #3469, #1878 ) ;
#1353 = VECTOR ( 'NONE', #2511, 1000.000000000000000 ) ;
#1354 = EDGE_CURVE ( 'NONE', #2094, #1835, #267, .T. ) ;
#1355 = EDGE_LOOP ( 'NONE', ( #262, #1252, #1813, #2627 ) ) ;
#1356 = VERTEX_POINT ( 'NONE', #2042 ) ;
#1357 = DIRECTION ( 'NONE',  ( -7.401486830833999598E-16, 1.643460219209999925E-31, 1.000000000000000000 ) ) ;
#1358 = VECTOR ( 'NONE', #12, 1000.000000000000000 ) ;
#1359 = FACE_OUTER_BOUND ( 'NONE', #1009, .T. ) ;
#1360 = CARTESIAN_POINT ( 'NONE',  ( 7.900000000000000355, 7.000000000000000000, 9.400000000000000355 ) ) ;
#1361 = ORIENTED_EDGE ( 'NONE', *, *, #2342, .T. ) ;
#1362 = AXIS2_PLACEMENT_3D ( 'NONE', #2331, #3564, #3265 ) ;
#1363 = CARTESIAN_POINT ( 'NONE',  ( 0.0000000000000000000, -9.825000000000001066, -3.000000000000000000 ) ) ;
#1364 = PLANE ( 'NONE',  #1160 ) ;
#1365 = VECTOR ( 'NONE', #51, 1000.000000000000000 ) ;
#1366 = VERTEX_POINT ( 'NONE', #3614 ) ;
#1367 = CARTESIAN_POINT ( 'NONE',  ( 5.329070518201000674E-15, 15.00000000000000000, 6.500000000000000000 ) ) ;
#1368 = DIRECTION ( 'NONE',  ( -1.734723475977000168E-15, 3.851859888774000082E-31, -1.000000000000000000 ) ) ;
#1369 = CIRCLE ( 'NONE', #1054, 12.50999999999999801 ) ;
#1370 = AXIS2_PLACEMENT_3D ( 'NONE', #1747, #2422, #2992 ) ;
#1371 = EDGE_LOOP ( 'NONE', ( #251, #1198, #897, #832, #3787, #579, #3654, #3242 ) ) ;
#1372 = DIRECTION ( 'NONE',  ( 0.0000000000000000000, 0.0000000000000000000, 1.000000000000000000 ) ) ;
#1373 = AXIS2_PLACEMENT_3D ( 'NONE', #1929, #3166, #211 ) ;
#1374 = EDGE_CURVE ( 'NONE', #1092, #1345, #2087, .T. ) ;
#1375 = CARTESIAN_POINT ( 'NONE',  ( 3.700000000000000178, -9.825000000000001066, -8.881784197000999888E-16 ) ) ;
#1376 = CARTESIAN_POINT ( 'NONE',  ( 0.2999999999999999889, -4.825000000000000178, 0.0000000000000000000 ) ) ;
#1377 = ORIENTED_EDGE ( 'NONE', *, *, #2652, .T. ) ;
#1378 = VECTOR ( 'NONE', #1165, 1000.000000000000000 ) ;
#1379 = ORIENTED_EDGE ( 'NONE', *, *, #554, .T. ) ;
#1380 = CARTESIAN_POINT ( 'NONE',  ( 5.009999999999999787, -3.700000000000000178, 8.500000000000000000 ) ) ;
#1381 = EDGE_CURVE ( 'NONE', #3415, #1078, #906, .T. ) ;
#1382 = VECTOR ( 'NONE', #1314, 1000.000000000000000 ) ;
#1383 = CARTESIAN_POINT ( 'NONE',  ( -2.200000000000000178, -10.17500000000000071, -3.000000000000000000 ) ) ;
#1384 = EDGE_CURVE ( 'NONE', #3356, #317, #3296, .T. ) ;
#1385 = DIRECTION ( 'NONE',  ( 2.220446049250000002E-16, 1.000000000000000000, 0.0000000000000000000 ) ) ;
#1386 = ORIENTED_EDGE ( 'NONE', *, *, #2761, .T. ) ;
#1387 = VECTOR ( 'NONE', #1424, 1000.000000000000000 ) ;
#1388 = CARTESIAN_POINT ( 'NONE',  ( -0.7681145747869999596, 7.000000000000000000, 9.400000000000000355 ) ) ;
#1389 = ORIENTED_EDGE ( 'NONE', *, *, #2918, .F. ) ;
#1390 = FACE_OUTER_BOUND ( 'NONE', #658, .T. ) ;
#1391 = DIRECTION ( 'NONE',  ( -2.220446049250000002E-16, -1.000000000000000000, 0.0000000000000000000 ) ) ;
#1392 = CARTESIAN_POINT ( 'NONE',  ( 5.299999999999999822, -9.825000000000001066, 0.2000000000000000111 ) ) ;
#1393 = CARTESIAN_POINT ( 'NONE',  ( 0.5000000000000000000, -9.825000000000001066, 1.000000000000000000 ) ) ;
#1394 = DIRECTION ( 'NONE',  ( 1.646488427099000057E-15, -3.655938723089000227E-31, 1.000000000000000000 ) ) ;
#1395 = VERTEX_POINT ( 'NONE', #288 ) ;
#1396 = UNCERTAINTY_MEASURE_WITH_UNIT (LENGTH_MEASURE( 1.000000000000000082E-05 ), #2279, 'distance_accuracy_value', 'NONE');
#1397 = ORIENTED_EDGE ( 'NONE', *, *, #2617, .T. ) ;
#1398 = DIRECTION ( 'NONE',  ( 2.220446049250000002E-16, 1.000000000000000000, 0.0000000000000000000 ) ) ;
#1399 = DIRECTION ( 'NONE',  ( 2.220446049250000002E-16, 1.000000000000000000, 0.0000000000000000000 ) ) ;
#1400 = LINE ( 'NONE', #3536, #3698 ) ;
#1401 = ADVANCED_FACE ( 'NONE', ( #1178 ), #1156, .F. ) ;
#1402 = ORIENTED_EDGE ( 'NONE', *, *, #1934, .T. ) ;
#1403 = EDGE_CURVE ( 'NONE', #2580, #1608, #885, .T. ) ;
#1404 = CARTESIAN_POINT ( 'NONE',  ( 2.200000000000000178, -10.17500000000000071, 0.0000000000000000000 ) ) ;
#1405 = EDGE_CURVE ( 'NONE', #1140, #2432, #1478, .T. ) ;
#1406 = VERTEX_POINT ( 'NONE', #3964 ) ;
#1407 = CARTESIAN_POINT ( 'NONE',  ( 2.799999999999999822, -9.825000000000001066, 2.000000000000000000 ) ) ;
#1408 = LINE ( 'NONE', #2308, #3834 ) ;
#1409 = DIRECTION ( 'NONE',  ( 2.220446049250000002E-16, 1.000000000000000000, 0.0000000000000000000 ) ) ;
#1410 = ORIENTED_EDGE ( 'NONE', *, *, #2362, .T. ) ;
#1411 = LINE ( 'NONE', #212, #2976 ) ;
#1412 = EDGE_LOOP ( 'NONE', ( #2277, #2757, #2373, #141 ) ) ;
#1413 = DIRECTION ( 'NONE',  ( -1.000000000000000000, 2.220446049250000002E-16, 0.0000000000000000000 ) ) ;
#1414 = CARTESIAN_POINT ( 'NONE',  ( 5.009999999999999787, -11.25999999999999979, 11.70999999999999908 ) ) ;
#1415 = AXIS2_PLACEMENT_3D ( 'NONE', #1978, #192, #115 ) ;
#1416 = ORIENTED_EDGE ( 'NONE', *, *, #3847, .T. ) ;
#1417 = EDGE_CURVE ( 'NONE', #328, #1055, #2727, .T. ) ;
#1418 = COLOUR_RGB ( '',0.3333333333333333148, 0.3333333333333333148, 1.000000000000000000 ) ;
#1419 = EDGE_CURVE ( 'NONE', #2437, #2781, #2127, .T. ) ;
#1420 = ORIENTED_EDGE ( 'NONE', *, *, #2847, .F. ) ;
#1421 = VECTOR ( 'NONE', #983, 1000.000000000000000 ) ;
#1422 = ADVANCED_FACE ( 'NONE', ( #3362 ), #2429, .F. ) ;
#1423 = CARTESIAN_POINT ( 'NONE',  ( 8.881784197000999888E-16, -5.174999999999999822, 12.80000000000000071 ) ) ;
#1424 = DIRECTION ( 'NONE',  ( -1.000000000000000000, 2.220446049250000002E-16, 0.0000000000000000000 ) ) ;
#1425 = DIRECTION ( 'NONE',  ( 1.000000000000000000, -2.220446049250000002E-16, -2.843808977011000057E-16 ) ) ;
#1426 = EDGE_CURVE ( 'NONE', #2055, #2832, #2364, .T. ) ;
#1427 = VECTOR ( 'NONE', #3714, 1000.000000000000000 ) ;
#1428 = VERTEX_POINT ( 'NONE', #195 ) ;
#1429 = CARTESIAN_POINT ( 'NONE',  ( -2.200000000000000178, -4.825000000000000178, 4.884981308350999589E-15 ) ) ;
#1430 = ORIENTED_EDGE ( 'NONE', *, *, #2218, .F. ) ;
#1431 = DIRECTION ( 'NONE',  ( -1.000000000000000000, 2.891205793294678326E-16, 0.0000000000000000000 ) ) ;
#1432 = DIRECTION ( 'NONE',  ( -2.220446049250000002E-16, -1.000000000000000000, 0.0000000000000000000 ) ) ;
#1433 =( GEOMETRIC_REPRESENTATION_CONTEXT ( 3 ) GLOBAL_UNCERTAINTY_ASSIGNED_CONTEXT ( ( #2317 ) ) GLOBAL_UNIT_ASSIGNED_CONTEXT ( ( #771, #198, #3216 ) ) REPRESENTATION_CONTEXT ( 'NONE', 'WORKASPACE' ) );
#1434 = CIRCLE ( 'NONE', #3952, 12.50999999999999979 ) ;
#1435 = ORIENTED_EDGE ( 'NONE', *, *, #2141, .T. ) ;
#1436 = VECTOR ( 'NONE', #2035, 1000.000000000000000 ) ;
#1437 = CARTESIAN_POINT ( 'NONE',  ( -0.5000000000000000000, -4.825000000000000178, 8.881784197000999888E-16 ) ) ;
#1438 = VECTOR ( 'NONE', #1731, 1000.000000000000000 ) ;
#1439 = CARTESIAN_POINT ( 'NONE',  ( 3.700000000000000178, -10.17500000000000071, -8.881784197000999888E-16 ) ) ;
#1440 = DIRECTION ( 'NONE',  ( 2.168404344971000191E-15, -4.814824860968000300E-31, 1.000000000000000000 ) ) ;
#1441 = VECTOR ( 'NONE', #2588, 1000.000000000000000 ) ;
#1442 = CARTESIAN_POINT ( 'NONE',  ( 2.200000000000000178, -4.825000000000000178, -3.000000000000000000 ) ) ;
#1443 = ORIENTED_EDGE ( 'NONE', *, *, #316, .F. ) ;
#1444 = PRESENTATION_LAYER_ASSIGNMENT (  '', '', ( #163 ) ) ;
#1445 = CARTESIAN_POINT ( 'NONE',  ( 0.2999999999999999889, -5.174999999999999822, -3.000000000000000000 ) ) ;
#1446 = FACE_OUTER_BOUND ( 'NONE', #1928, .T. ) ;
#1447 =( GEOMETRIC_REPRESENTATION_CONTEXT ( 3 ) GLOBAL_UNCERTAINTY_ASSIGNED_CONTEXT ( ( #3658 ) ) GLOBAL_UNIT_ASSIGNED_CONTEXT ( ( #3058, #370, #2177 ) ) REPRESENTATION_CONTEXT ( 'NONE', 'WORKASPACE' ) );
#1448 = ORIENTED_EDGE ( 'NONE', *, *, #126, .F. ) ;
#1449 = ORIENTED_EDGE ( 'NONE', *, *, #1593, .T. ) ;
#1450 = CARTESIAN_POINT ( 'NONE',  ( -2.200000000000000178, -9.825000000000001066, -3.000000000000000000 ) ) ;
#1451 = FACE_OUTER_BOUND ( 'NONE', #1355, .T. ) ;
#1452 = CARTESIAN_POINT ( 'NONE',  ( 5.299999999999999822, -9.825000000000001066, 0.2000000000000000111 ) ) ;
#1453 = ORIENTED_EDGE ( 'NONE', *, *, #1310, .T. ) ;
#1454 = CARTESIAN_POINT ( 'NONE',  ( 2.799999999999999822, -5.174999999999999822, 0.6073751800519999744 ) ) ;
#1455 = VERTEX_POINT ( 'NONE', #1120 ) ;
#1456 = ADVANCED_FACE ( 'NONE', ( #246 ), #3577, .F. ) ;
#1457 = LINE ( 'NONE', #3839, #3958 ) ;
#1458 = ORIENTED_EDGE ( 'NONE', *, *, #1208, .F. ) ;
#1459 = DIRECTION ( 'NONE',  ( 0.0000000000000000000, 0.0000000000000000000, -1.000000000000000000 ) ) ;
#1460 = CARTESIAN_POINT ( 'NONE',  ( 0.5000000000000000000, 1.776356839399999804E-15, 1.500000000000000000 ) ) ;
#1461 = CARTESIAN_POINT ( 'NONE',  ( -8.000000000000000000, -18.50000000000000000, 8.500000000000000000 ) ) ;
#1462 = ORIENTED_EDGE ( 'NONE', *, *, #1864, .T. ) ;
#1463 = CARTESIAN_POINT ( 'NONE',  ( 5.299999999999999822, -10.17500000000000071, -3.000000000000000000 ) ) ;
#1464 = DIRECTION ( 'NONE',  ( 4.336808689942000480E-16, -9.629649721935999724E-32, 1.000000000000000000 ) ) ;
#1465 = FACE_OUTER_BOUND ( 'NONE', #2609, .T. ) ;
#1466 = VERTEX_POINT ( 'NONE', #3922 ) ;
#1467 = ORIENTED_EDGE ( 'NONE', *, *, #797, .F. ) ;
#1468 = LINE ( 'NONE', #3928, #1378 ) ;
#1469 = FACE_OUTER_BOUND ( 'NONE', #3985, .T. ) ;
#1470 = LINE ( 'NONE', #651, #665 ) ;
#1471 = ORIENTED_EDGE ( 'NONE', *, *, #476, .T. ) ;
#1472 = DIRECTION ( 'NONE',  ( 1.000000000000000000, -2.220446049250000002E-16, -2.843808977011000057E-16 ) ) ;
#1473 = ADVANCED_FACE ( 'NONE', ( #518 ), #220, .F. ) ;
#1474 = EDGE_LOOP ( 'NONE', ( #1803, #3798, #812, #3389 ) ) ;
#1475 = ORIENTED_EDGE ( 'NONE', *, *, #3503, .T. ) ;
#1476 = DIRECTION ( 'NONE',  ( 2.220446049250000002E-16, 1.000000000000000000, 0.0000000000000000000 ) ) ;
#1477 = DIRECTION ( 'NONE',  ( 1.734723475977000168E-15, -3.851859888774000082E-31, 1.000000000000000000 ) ) ;
#1478 = LINE ( 'NONE', #1497, #1117 ) ;
#1479 = ORIENTED_EDGE ( 'NONE', *, *, #79, .F. ) ;
#1480 = CARTESIAN_POINT ( 'NONE',  ( -2.200000000000000178, -10.17500000000000071, 4.884981308350999589E-15 ) ) ;
#1481 = VECTOR ( 'NONE', #749, 1000.000000000000000 ) ;
#1482 = LINE ( 'NONE', #1737, #741 ) ;
#1483 = ORIENTED_EDGE ( 'NONE', *, *, #2567, .T. ) ;
#1484 = ORIENTED_EDGE ( 'NONE', *, *, #1867, .T. ) ;
#1485 = DIRECTION ( 'NONE',  ( -1.301042606982999948E-15, 2.888894916581000040E-31, -1.000000000000000000 ) ) ;
#1486 = PLANE ( 'NONE',  #988 ) ;
#1487 = EDGE_LOOP ( 'NONE', ( #289, #1025, #2018, #3586 ) ) ;
#1488 = LINE ( 'NONE', #3587, #2827 ) ;
#1489 = DIRECTION ( 'NONE',  ( -7.401486830833999598E-16, 1.643460219209999925E-31, 1.000000000000000000 ) ) ;
#1490 = CARTESIAN_POINT ( 'NONE',  ( -5.000000000000000000, -18.50000000000000000, 3.500000000000000000 ) ) ;
#1491 = VECTOR ( 'NONE', #1368, 1000.000000000000000 ) ;
#1492 = ORIENTED_EDGE ( 'NONE', *, *, #2558, .F. ) ;
#1493 = EDGE_CURVE ( 'NONE', #2925, #1302, #2227, .T. ) ;
#1494 = DIRECTION ( 'NONE',  ( -1.000000000000000000, 2.220446049250000002E-16, 0.0000000000000000000 ) ) ;
#1495 = VECTOR ( 'NONE', #1328, 1000.000000000000000 ) ;
#1496 = AXIS2_PLACEMENT_3D ( 'NONE', #3176, #2896, #3555 ) ;
#1497 = CARTESIAN_POINT ( 'NONE',  ( 0.2999999999999999889, -9.825000000000001066, 0.0000000000000000000 ) ) ;
#1498 = AXIS2_PLACEMENT_3D ( 'NONE', #2220, #3732, #654 ) ;
#1499 = VECTOR ( 'NONE', #1077, 1000.000000000000000 ) ;
#1500 = EDGE_CURVE ( 'NONE', #3443, #2777, #2528, .T. ) ;
#1501 = LINE ( 'NONE', #3643, #1291 ) ;
#1502 = EDGE_CURVE ( 'NONE', #191, #172, #296, .T. ) ;
#1503 = VECTOR ( 'NONE', #3426, 1000.000000000000000 ) ;
#1504 = CARTESIAN_POINT ( 'NONE',  ( 5.009999999999999787, -11.25999999999999979, 1.337016095274000005 ) ) ;
#1505 = DIRECTION ( 'NONE',  ( -2.220446049250000002E-16, -1.000000000000000000, 0.0000000000000000000 ) ) ;
#1506 = VERTEX_POINT ( 'NONE', #1264 ) ;
#1507 = AXIS2_PLACEMENT_3D ( 'NONE', #839, #3292, #536 ) ;
#1508 = EDGE_CURVE ( 'NONE', #2026, #1746, #3107, .T. ) ;
#1509 = ORIENTED_EDGE ( 'NONE', *, *, #2659, .F. ) ;
#1510 = DIRECTION ( 'NONE',  ( 2.220446049250000002E-16, 1.000000000000000000, 0.0000000000000000000 ) ) ;
#1511 = LINE ( 'NONE', #2739, #1427 ) ;
#1512 = ORIENTED_EDGE ( 'NONE', *, *, #990, .F. ) ;
#1513 = CARTESIAN_POINT ( 'NONE',  ( 8.881784197000999888E-16, -4.825000000000000178, 12.80000000000000071 ) ) ;
#1514 = VERTEX_POINT ( 'NONE', #2151 ) ;
#1515 = CARTESIAN_POINT ( 'NONE',  ( -0.2999999999999999889, -5.174999999999999822, -3.000000000000000000 ) ) ;
#1516 = DIRECTION ( 'NONE',  ( -1.000000000000000000, 2.220446049250000002E-16, 0.0000000000000000000 ) ) ;
#1517 = ORIENTED_EDGE ( 'NONE', *, *, #895, .F. ) ;
#1518 = ORIENTED_EDGE ( 'NONE', *, *, #403, .T. ) ;
#1519 = LINE ( 'NONE', #3000, #346 ) ;
#1520 = DIRECTION ( 'NONE',  ( -1.000000000000000000, 2.220446049250000002E-16, 1.301042606982999948E-15 ) ) ;
#1521 = CARTESIAN_POINT ( 'NONE',  ( 4.899999999999999467, -5.174999999999999822, 0.8928203230279999625 ) ) ;
#1522 = DIRECTION ( 'NONE',  ( 2.220446049250000002E-16, 1.000000000000000000, 0.0000000000000000000 ) ) ;
#1523 = EDGE_CURVE ( 'NONE', #3429, #2935, #1837, .T. ) ;
#1524 = DIRECTION ( 'NONE',  ( -1.000000000000000000, 2.220446049250000002E-16, 0.0000000000000000000 ) ) ;
#1525 = DIRECTION ( 'NONE',  ( 1.000000000000000000, -2.220446049250000002E-16, 0.0000000000000000000 ) ) ;
#1526 = ORIENTED_EDGE ( 'NONE', *, *, #2096, .T. ) ;
#1527 = DIRECTION ( 'NONE',  ( 0.0000000000000000000, -1.000000000000000000, 0.0000000000000000000 ) ) ;
#1528 = EDGE_CURVE ( 'NONE', #2486, #1194, #1582, .T. ) ;
#1529 = LINE ( 'NONE', #914, #3430 ) ;
#1530 = VERTEX_POINT ( 'NONE', #379 ) ;
#1531 = DIRECTION ( 'NONE',  ( 0.0000000000000000000, -1.000000000000000000, 7.061743129420001129E-31 ) ) ;
#1532 = CARTESIAN_POINT ( 'NONE',  ( 5.000000000000000000, -5.174999999999999822, 0.0000000000000000000 ) ) ;
#1533 = EDGE_LOOP ( 'NONE', ( #2848, #652, #3913, #1526 ) ) ;
#1534 = DIRECTION ( 'NONE',  ( 4.440892098500999885E-16, -9.860761315263000082E-32, 1.000000000000000000 ) ) ;
#1535 = PLANE ( 'NONE',  #2792 ) ;
#1536 = FACE_OUTER_BOUND ( 'NONE', #228, .T. ) ;
#1537 = ORIENTED_EDGE ( 'NONE', *, *, #3023, .T. ) ;
#1538 = CARTESIAN_POINT ( 'NONE',  ( -0.5000000000000000000, -10.17500000000000071, 8.881784197000999888E-16 ) ) ;
#1539 = LINE ( 'NONE', #3968, #1679 ) ;
#1540 = CARTESIAN_POINT ( 'NONE',  ( 0.5000000000000000000, 0.8000000000000000444, 0.5000000000000000000 ) ) ;
#1541 = ORIENTED_EDGE ( 'NONE', *, *, #2818, .T. ) ;
#1542 = ADVANCED_FACE ( 'NONE', ( #3383 ), #1898, .F. ) ;
#1543 = PLANE ( 'NONE',  #3560 ) ;
#1544 = VECTOR ( 'NONE', #2817, 1000.000000000000000 ) ;
#1545 = DIRECTION ( 'NONE',  ( 4.336808689942000480E-16, -9.629649721935999724E-32, 1.000000000000000000 ) ) ;
#1546 = FACE_OUTER_BOUND ( 'NONE', #3142, .T. ) ;
#1547 = ORIENTED_EDGE ( 'NONE', *, *, #316, .T. ) ;
#1548 = EDGE_CURVE ( 'NONE', #916, #3462, #364, .T. ) ;
#1549 = LINE ( 'NONE', #3607, #2207 ) ;
#1550 = EDGE_CURVE ( 'NONE', #2026, #3707, #1248, .T. ) ;
#1551 = CARTESIAN_POINT ( 'NONE',  ( 8.099999999999999645, 9.000000000000000000, 6.000000000000000000 ) ) ;
#1552 = VECTOR ( 'NONE', #3011, 1000.000000000000000 ) ;
#1553 = CARTESIAN_POINT ( 'NONE',  ( -0.5000000000000000000, 0.8000000000000000444, 1.500000000000000000 ) ) ;
#1554 = ORIENTED_EDGE ( 'NONE', *, *, #3454, .T. ) ;
#1555 = CARTESIAN_POINT ( 'NONE',  ( 4.700000000000000178, -9.825000000000001066, -1.301042606982999948E-15 ) ) ;
#1556 = CARTESIAN_POINT ( 'NONE',  ( -1.600000000000000089, -9.825000000000001066, 3.108624468949999707E-15 ) ) ;
#1557 = LINE ( 'NONE', #2766, #2090 ) ;
#1558 = VECTOR ( 'NONE', #2107, 1000.000000000000000 ) ;
#1559 = DIRECTION ( 'NONE',  ( -1.734723475977000168E-15, 3.851859888774000082E-31, -1.000000000000000000 ) ) ;
#1560 = EDGE_LOOP ( 'NONE', ( #3918, #1130, #1713, #857 ) ) ;
#1561 = AXIS2_PLACEMENT_3D ( 'NONE', #1768, #487, #2049 ) ;
#1562 = CARTESIAN_POINT ( 'NONE',  ( 2.200000000000000178, -10.17500000000000071, 0.0000000000000000000 ) ) ;
#1563 = STYLED_ITEM ( 'NONE', ( #286 ), #2493 ) ;
#1564 = AXIS2_PLACEMENT_3D ( 'NONE', #1185, #2412, #1525 ) ;
#1565 = ORIENTED_EDGE ( 'NONE', *, *, #521, .T. ) ;
#1566 = VECTOR ( 'NONE', #2506, 1000.000000000000000 ) ;
#1567 = DIRECTION ( 'NONE',  ( -2.220446049250000002E-16, -1.000000000000000000, 0.0000000000000000000 ) ) ;
#1568 = SHAPE_DEFINITION_REPRESENTATION ( #688, #2879 ) ;
#1569 = LINE ( 'NONE', #2215, #2467 ) ;
#1570 = AXIS2_PLACEMENT_3D ( 'NONE', #2180, #1255, #1907 ) ;
#1571 = VERTEX_POINT ( 'NONE', #1296 ) ;
#1572 = AXIS2_PLACEMENT_3D ( 'NONE', #2872, #3515, #1017 ) ;
#1573 = DIRECTION ( 'NONE',  ( 2.220446049250000002E-16, 1.000000000000000000, 0.0000000000000000000 ) ) ;
#1574 = CARTESIAN_POINT ( 'NONE',  ( 5.299999999999999822, -10.17500000000000071, 0.2000000000000000111 ) ) ;
#1575 = DIRECTION ( 'NONE',  ( 0.0000000000000000000, 0.0000000000000000000, 1.000000000000000000 ) ) ;
#1576 = EDGE_CURVE ( 'NONE', #1718, #2408, #2168, .T. ) ;
#1577 = AXIS2_PLACEMENT_3D ( 'NONE', #372, #1274, #109 ) ;
#1578 = ORIENTED_EDGE ( 'NONE', *, *, #1135, .T. ) ;
#1579 = EDGE_CURVE ( 'NONE', #1078, #3524, #3762, .T. ) ;
#1580 = DIRECTION ( 'NONE',  ( 2.220446049250000002E-16, 1.000000000000000000, 0.0000000000000000000 ) ) ;
#1581 = CARTESIAN_POINT ( 'NONE',  ( 4.700000000000000178, -10.17500000000000071, -1.301042606982999948E-15 ) ) ;
#1582 = LINE ( 'NONE', #3067, #2323 ) ;
#1583 = ORIENTED_EDGE ( 'NONE', *, *, #2099, .F. ) ;
#1584 = DIRECTION ( 'NONE',  ( -1.000000000000000000, 2.220446049250000002E-16, 2.168404344971000191E-15 ) ) ;
#1585 = PLANE ( 'NONE',  #2716 ) ;
#1586 = DIRECTION ( 'NONE',  ( -2.220446049250000002E-16, -1.000000000000000000, 0.0000000000000000000 ) ) ;
#1587 = VERTEX_POINT ( 'NONE', #1521 ) ;
#1588 = FACE_OUTER_BOUND ( 'NONE', #1371, .T. ) ;
#1589 = VERTEX_POINT ( 'NONE', #1003 ) ;
#1590 = ORIENTED_EDGE ( 'NONE', *, *, #1281, .F. ) ;
#1591 = FACE_OUTER_BOUND ( 'NONE', #1670, .T. ) ;
#1592 = CARTESIAN_POINT ( 'NONE',  ( -1.716653721634000096, 1.776356839399999804E-15, 9.400000000000000355 ) ) ;
#1593 = EDGE_CURVE ( 'NONE', #1455, #3136, #624, .T. ) ;
#1594 = FACE_OUTER_BOUND ( 'NONE', #3138, .T. ) ;
#1595 = CARTESIAN_POINT ( 'NONE',  ( 4.700000000000000178, -4.825000000000000178, -1.332267629549999902E-15 ) ) ;
#1596 = ORIENTED_EDGE ( 'NONE', *, *, #621, .F. ) ;
#1597 = DIRECTION ( 'NONE',  ( 4.336808689942000480E-16, -9.629649721935999724E-32, 1.000000000000000000 ) ) ;
#1598 = ADVANCED_FACE ( 'NONE', ( #1536 ), #1218, .F. ) ;
#1599 = DIRECTION ( 'NONE',  ( 1.000000000000000000, -2.220446049250000002E-16, 0.0000000000000000000 ) ) ;
#1600 = CARTESIAN_POINT ( 'NONE',  ( -5.000000000000000000, -11.25999999999999979, 11.70000000000000107 ) ) ;
#1601 = ORIENTED_EDGE ( 'NONE', *, *, #2866, .F. ) ;
#1602 = DIRECTION ( 'NONE',  ( 1.000000000000000000, 0.0000000000000000000, 0.0000000000000000000 ) ) ;
#1603 = PLANE ( 'NONE',  #27 ) ;
#1604 = CARTESIAN_POINT ( 'NONE',  ( 5.329070518201000674E-15, 15.00000000000000000, 3.500000000000000000 ) ) ;
#1605 = PRESENTATION_STYLE_ASSIGNMENT (( #2251 ) ) ;
#1606 = CARTESIAN_POINT ( 'NONE',  ( 1.776356839399999804E-15, -3.700000000000000178, 12.80000000000000071 ) ) ;
#1607 = AXIS2_PLACEMENT_3D ( 'NONE', #3765, #45, #1266 ) ;
#1608 = VERTEX_POINT ( 'NONE', #1854 ) ;
#1609 = DIRECTION ( 'NONE',  ( 5.782411586589000679E-16, -1.283953296257999954E-31, 1.000000000000000000 ) ) ;
#1610 = AXIS2_PLACEMENT_3D ( 'NONE', #2548, #966, #3781 ) ;
#1611 = LINE ( 'NONE', #416, #1690 ) ;
#1612 = VERTEX_POINT ( 'NONE', #953 ) ;
#1613 = EDGE_CURVE ( 'NONE', #2075, #1428, #2447, .T. ) ;
#1614 = ORIENTED_EDGE ( 'NONE', *, *, #2866, .T. ) ;
#1615 = DIRECTION ( 'NONE',  ( 2.220446049250000002E-16, 1.000000000000000000, 0.0000000000000000000 ) ) ;
#1616 = VECTOR ( 'NONE', #2301, 1000.000000000000000 ) ;
#1617 = LINE ( 'NONE', #1300, #2402 ) ;
#1618 = VECTOR ( 'NONE', #2655, 1000.000000000000000 ) ;
#1619 = EDGE_CURVE ( 'NONE', #3462, #2977, #2804, .T. ) ;
#1620 = ORIENTED_EDGE ( 'NONE', *, *, #702, .F. ) ;
#1621 = EDGE_CURVE ( 'NONE', #187, #2254, #661, .T. ) ;
#1622 = AXIS2_PLACEMENT_3D ( 'NONE', #1781, #3987, #608 ) ;
#1623 = VECTOR ( 'NONE', #1204, 1000.000000000000000 ) ;
#1624 = DIRECTION ( 'NONE',  ( -2.220446049250000002E-16, -1.000000000000000000, 0.0000000000000000000 ) ) ;
#1625 = EDGE_CURVE ( 'NONE', #670, #2217, #1279, .T. ) ;
#1626 = AXIS2_PLACEMENT_3D ( 'NONE', #967, #3940, #3066 ) ;
#1627 = AXIS2_PLACEMENT_3D ( 'NONE', #3456, #3131, #2814 ) ;
#1628 = EDGE_LOOP ( 'NONE', ( #959, #3114, #2768, #339 ) ) ;
#1629 = LINE ( 'NONE', #108, #2662 ) ;
#1630 = DIRECTION ( 'NONE',  ( 1.000000000000000000, -2.220446049250000002E-16, -4.336808689942000480E-16 ) ) ;
#1631 = CIRCLE ( 'NONE', #1570, 3.000000000000000000 ) ;
#1632 = FACE_OUTER_BOUND ( 'NONE', #3202, .T. ) ;
#1633 = EDGE_LOOP ( 'NONE', ( #131, #3467, #1537, #3031, #1361, #931, #164, #2520 ) ) ;
#1634 = DIRECTION ( 'NONE',  ( -2.220446049250000002E-16, -1.000000000000000000, 0.0000000000000000000 ) ) ;
#1635 = LINE ( 'NONE', #3796, #2341 ) ;
#1636 = CIRCLE ( 'NONE', #3117, 12.50000000000000178 ) ;
#1637 = ORIENTED_EDGE ( 'NONE', *, *, #174, .T. ) ;
#1638 = ORIENTED_EDGE ( 'NONE', *, *, #756, .F. ) ;
#1639 = CARTESIAN_POINT ( 'NONE',  ( 2.200000000000000178, -5.174999999999999822, -3.000000000000000000 ) ) ;
#1640 = DIRECTION ( 'NONE',  ( -1.000000000000000000, 2.220446049250000002E-16, 4.440892098500999885E-16 ) ) ;
#1641 = ORIENTED_EDGE ( 'NONE', *, *, #1528, .T. ) ;
#1642 = EDGE_CURVE ( 'NONE', #2037, #708, #1257, .T. ) ;
#1643 = SURFACE_STYLE_USAGE ( .BOTH. , #427 ) ;
#1644 = LINE ( 'NONE', #83, #3618 ) ;
#1645 = DIRECTION ( 'NONE',  ( -1.000000000000000000, 2.220446049250000002E-16, -2.220446049250000297E-15 ) ) ;
#1646 = ADVANCED_FACE ( 'NONE', ( #3272 ), #1233, .T. ) ;
#1647 = DIRECTION ( 'NONE',  ( 2.220446049250000002E-16, 1.000000000000000000, 0.0000000000000000000 ) ) ;
#1648 = DIRECTION ( 'NONE',  ( 2.220446049250000002E-16, 1.000000000000000000, 0.0000000000000000000 ) ) ;
#1649 = EDGE_LOOP ( 'NONE', ( #3793, #3581, #1748, #3507 ) ) ;
#1650 = CARTESIAN_POINT ( 'NONE',  ( 5.009999999999999787, -3.700000000000000178, 11.70999999999999908 ) ) ;
#1651 = ORIENTED_EDGE ( 'NONE', *, *, #1738, .F. ) ;
#1652 = ORIENTED_EDGE ( 'NONE', *, *, #2991, .F. ) ;
#1653 = CARTESIAN_POINT ( 'NONE',  ( -4.700000000000000178, -9.825000000000001066, 9.103828801925999642E-15 ) ) ;
#1654 = CARTESIAN_POINT ( 'NONE',  ( -2.200000000000000178, -9.825000000000001066, 4.884981308350999589E-15 ) ) ;
#1655 = FACE_OUTER_BOUND ( 'NONE', #475, .T. ) ;
#1656 = ORIENTED_EDGE ( 'NONE', *, *, #3045, .T. ) ;
#1657 = ORIENTED_EDGE ( 'NONE', *, *, #3847, .F. ) ;
#1658 = ADVANCED_FACE ( 'NONE', ( #2799 ), #619, .F. ) ;
#1659 = DIRECTION ( 'NONE',  ( -1.000000000000000000, 2.220446049250000002E-16, -7.401486830833999598E-16 ) ) ;
#1660 = ORIENTED_EDGE ( 'NONE', *, *, #1695, .T. ) ;
#1661 = CARTESIAN_POINT ( 'NONE',  ( -1.000000000000000000, 1.776356839399999804E-15, 1.500000000000000000 ) ) ;
#1662 = DIRECTION ( 'NONE',  ( 0.5000000000001899592, -1.110223024625422041E-16, 0.8660254037843289066 ) ) ;
#1663 = EDGE_CURVE ( 'NONE', #1285, #485, #656, .T. ) ;
#1664 = VERTEX_POINT ( 'NONE', #824 ) ;
#1665 = PLANE ( 'NONE',  #529 ) ;
#1666 = DIRECTION ( 'NONE',  ( 0.0000000000000000000, 0.0000000000000000000, -1.000000000000000000 ) ) ;
#1667 = VECTOR ( 'NONE', #1780, 1000.000000000000000 ) ;
#1668 = ORIENTED_EDGE ( 'NONE', *, *, #1990, .F. ) ;
#1669 = EDGE_CURVE ( 'NONE', #59, #2999, #964, .T. ) ;
#1670 = EDGE_LOOP ( 'NONE', ( #3637, #1952, #2174, #1565 ) ) ;
#1671 = CARTESIAN_POINT ( 'NONE',  ( 5.000000000000000000, 0.0000000000000000000, 11.70000000000000107 ) ) ;
#1672 = AXIS2_PLACEMENT_3D ( 'NONE', #561, #1476, #3271 ) ;
#1673 = CARTESIAN_POINT ( 'NONE',  ( 5.000000000000000000, -5.174999999999999822, 0.0000000000000000000 ) ) ;
#1674 = DIRECTION ( 'NONE',  ( -1.000000000000000000, 2.220446049250000002E-16, 0.0000000000000000000 ) ) ;
#1675 = ORIENTED_EDGE ( 'NONE', *, *, #866, .F. ) ;
#1676 = VECTOR ( 'NONE', #2162, 1000.000000000000000 ) ;
#1677 = PLANE ( 'NONE',  #2783 ) ;
#1678 = CARTESIAN_POINT ( 'NONE',  ( -5.000000000000000000, -11.70000000000000107, 11.70000000000000107 ) ) ;
#1679 = VECTOR ( 'NONE', #629, 1000.000000000000000 ) ;
#1680 = DIRECTION ( 'NONE',  ( -1.000000000000000000, 2.220446049250000002E-16, 2.843808977011000057E-16 ) ) ;
#1681 = PLANE ( 'NONE',  #145 ) ;
#1682 = AXIS2_PLACEMENT_3D ( 'NONE', #3905, #3055, #2733 ) ;
#1683 = ORIENTED_EDGE ( 'NONE', *, *, #1493, .T. ) ;
#1684 = SURFACE_STYLE_FILL_AREA ( #3208 ) ;
#1685 = VECTOR ( 'NONE', #1640, 1000.000000000000000 ) ;
#1686 = CARTESIAN_POINT ( 'NONE',  ( -0.5000000000000000000, 0.8000000000000000444, 1.500000000000000000 ) ) ;
#1687 = EDGE_CURVE ( 'NONE', #1036, #1323, #10, .T. ) ;
#1688 = ADVANCED_FACE ( 'NONE', ( #2485 ), #1870, .T. ) ;
#1689 = ORIENTED_EDGE ( 'NONE', *, *, #2887, .T. ) ;
#1690 = VECTOR ( 'NONE', #1957, 1000.000000000000000 ) ;
#1691 = ORIENTED_EDGE ( 'NONE', *, *, #3092, .T. ) ;
#1692 = PLANE ( 'NONE',  #1415 ) ;
#1693 = VECTOR ( 'NONE', #3245, 1000.000000000000000 ) ;
#1694 = DIRECTION ( 'NONE',  ( 0.0000000000000000000, 0.0000000000000000000, -1.000000000000000000 ) ) ;
#1695 = EDGE_CURVE ( 'NONE', #3722, #1395, #3595, .T. ) ;
#1696 = PLANE ( 'NONE',  #1043 ) ;
#1697 = ORIENTED_EDGE ( 'NONE', *, *, #2634, .T. ) ;
#1698 = CARTESIAN_POINT ( 'NONE',  ( -2.200000000000000178, -9.825000000000001066, -3.000000000000000000 ) ) ;
#1699 = EDGE_LOOP ( 'NONE', ( #541, #1590, #3217, #625 ) ) ;
#1700 = CARTESIAN_POINT ( 'NONE',  ( -1.600000000000000089, -5.174999999999999822, 0.3927400285159999838 ) ) ;
#1701 = CARTESIAN_POINT ( 'NONE',  ( -2.958039891549999911, 9.000000000000000000, 7.000000000000000000 ) ) ;
#1702 = CARTESIAN_POINT ( 'NONE',  ( -2.958039891549999911, 15.00000000000000000, 6.000000000000000000 ) ) ;
#1703 = ORIENTED_EDGE ( 'NONE', *, *, #2099, .T. ) ;
#1704 = PLANE ( 'NONE',  #595 ) ;
#1705 = CARTESIAN_POINT ( 'NONE',  ( 0.0000000000000000000, -11.70000000000000107, 12.80000000000000071 ) ) ;
#1706 = DIRECTION ( 'NONE',  ( -2.220446049250000002E-16, -1.000000000000000000, 0.0000000000000000000 ) ) ;
#1707 = ORIENTED_EDGE ( 'NONE', *, *, #2192, .F. ) ;
#1708 = UNCERTAINTY_MEASURE_WITH_UNIT (LENGTH_MEASURE( 1.000000000000000082E-05 ), #2300, 'distance_accuracy_value', 'NONE');
#1709 = ORIENTED_EDGE ( 'NONE', *, *, #3177, .T. ) ;
#1710 = EDGE_CURVE ( 'NONE', #769, #2771, #2263, .T. ) ;
#1711 = LINE ( 'NONE', #1380, #2380 ) ;
#1712 = CARTESIAN_POINT ( 'NONE',  ( 5.000000000000000000, 7.000000000000000000, 0.0000000000000000000 ) ) ;
#1713 = ORIENTED_EDGE ( 'NONE', *, *, #3328, .F. ) ;
#1714 = EDGE_CURVE ( 'NONE', #1664, #1285, #3675, .T. ) ;
#1715 = EDGE_CURVE ( 'NONE', #283, #1835, #219, .T. ) ;
#1716 = SURFACE_STYLE_FILL_AREA ( #502 ) ;
#1717 = ORIENTED_EDGE ( 'NONE', *, *, #2175, .T. ) ;
#1718 = VERTEX_POINT ( 'NONE', #2041 ) ;
#1719 = CARTESIAN_POINT ( 'NONE',  ( 5.299999999999999822, -9.825000000000001066, -3.000000000000000000 ) ) ;
#1720 = LINE ( 'NONE', #2941, #2143 ) ;
#1721 = ORIENTED_EDGE ( 'NONE', *, *, #180, .F. ) ;
#1722 = DIRECTION ( 'NONE',  ( 0.0000000000000000000, 0.0000000000000000000, -1.000000000000000000 ) ) ;
#1723 = EDGE_LOOP ( 'NONE', ( #801, #3981, #564, #2445, #3522, #49, #3789, #3779 ) ) ;
#1724 = DIRECTION ( 'NONE',  ( -2.220446049250000002E-16, -1.000000000000000000, 0.0000000000000000000 ) ) ;
#1725 = LINE ( 'NONE', #3570, #3047 ) ;
#1726 = ORIENTED_EDGE ( 'NONE', *, *, #3644, .F. ) ;
#1727 = PLANE ( 'NONE',  #3089 ) ;
#1728 = PLANE ( 'NONE',  #2475 ) ;
#1729 = DIRECTION ( 'NONE',  ( -2.220446049250000002E-16, -1.000000000000000000, 0.0000000000000000000 ) ) ;
#1730 = EDGE_CURVE ( 'NONE', #1057, #3782, #2981, .T. ) ;
#1731 = DIRECTION ( 'NONE',  ( 2.220446049250000002E-16, 1.000000000000000000, 0.0000000000000000000 ) ) ;
#1732 = AXIS2_PLACEMENT_3D ( 'NONE', #3256, #2629, #803 ) ;
#1733 = ORIENTED_EDGE ( 'NONE', *, *, #2934, .F. ) ;
#1734 = VECTOR ( 'NONE', #2889, 1000.000000000000000 ) ;
#1735 = ADVANCED_FACE ( 'NONE', ( #2763 ), #1852, .F. ) ;
#1736 = LINE ( 'NONE', #139, #2395 ) ;
#1737 = CARTESIAN_POINT ( 'NONE',  ( -4.700000000000000178, -4.825000000000000178, 8.881784197000999888E-15 ) ) ;
#1738 = EDGE_CURVE ( 'NONE', #3603, #1855, #3414, .T. ) ;
#1739 = ORIENTED_EDGE ( 'NONE', *, *, #2802, .T. ) ;
#1740 = AXIS2_PLACEMENT_3D ( 'NONE', #1461, #825, #3273 ) ;
#1741 = CARTESIAN_POINT ( 'NONE',  ( -1.600000000000000089, -10.17500000000000071, 0.3927400285159999838 ) ) ;
#1742 = CARTESIAN_POINT ( 'NONE',  ( -2.200000000000000178, -4.825000000000000178, -3.000000000000000000 ) ) ;
#1743 = ADVANCED_FACE ( 'NONE', ( #3101 ), #3902, .F. ) ;
#1744 = CARTESIAN_POINT ( 'NONE',  ( -1.716653721634000096, 15.00000000000000000, 3.600000000000000089 ) ) ;
#1745 = AXIS2_PLACEMENT_3D ( 'NONE', #2745, #3063, #3083 ) ;
#1746 = VERTEX_POINT ( 'NONE', #2142 ) ;
#1747 = CARTESIAN_POINT ( 'NONE',  ( -6.500000000000000000, 9.000000000000000000, 7.000000000000000000 ) ) ;
#1748 = ORIENTED_EDGE ( 'NONE', *, *, #3822, .F. ) ;
#1749 = DIRECTION ( 'NONE',  ( -1.000000000000000000, 2.220446049250000002E-16, 0.0000000000000000000 ) ) ;
#1750 = AXIS2_PLACEMENT_3D ( 'NONE', #1824, #1761, #314 ) ;
#1751 = ORIENTED_EDGE ( 'NONE', *, *, #753, .T. ) ;
#1752 = ORIENTED_EDGE ( 'NONE', *, *, #3050, .T. ) ;
#1753 = CARTESIAN_POINT ( 'NONE',  ( 2.799999999999999822, -10.17500000000000071, 0.6073751800519999744 ) ) ;
#1754 = AXIS2_PLACEMENT_3D ( 'NONE', #2669, #1440, #1214 ) ;
#1755 = SURFACE_SIDE_STYLE ('',( #2980 ) ) ;
#1756 = CARTESIAN_POINT ( 'NONE',  ( 7.900000000000000355, 0.0000000000000000000, 9.400000000000000355 ) ) ;
#1757 = CIRCLE ( 'NONE', #37, 12.50999999999999979 ) ;
#1758 = DIRECTION ( 'NONE',  ( -5.782411586589000679E-16, 1.283953296257999954E-31, -1.000000000000000000 ) ) ;
#1759 = DIRECTION ( 'NONE',  ( -1.000000000000000000, 2.220446049250000002E-16, 4.336808689942000480E-16 ) ) ;
#1760 = AXIS2_PLACEMENT_3D ( 'NONE', #2642, #2054, #2911 ) ;
#1761 = DIRECTION ( 'NONE',  ( 1.000000000000000000, -2.220446049250000002E-16, -8.673617379883999973E-16 ) ) ;
#1762 = CARTESIAN_POINT ( 'NONE',  ( -2.799999999999999822, -9.825000000000001066, -3.000000000000000000 ) ) ;
#1763 = VECTOR ( 'NONE', #2435, 1000.000000000000000 ) ;
#1764 = ORIENTED_EDGE ( 'NONE', *, *, #1593, .F. ) ;
#1765 = EDGE_CURVE ( 'NONE', #1259, #849, #324, .T. ) ;
#1766 = ORIENTED_EDGE ( 'NONE', *, *, #2934, .T. ) ;
#1767 = DIRECTION ( 'NONE',  ( 1.000000000000000000, -2.220446049250000002E-16, 0.0000000000000000000 ) ) ;
#1768 = CARTESIAN_POINT ( 'NONE',  ( -0.2999999999999999889, -4.825000000000000178, 8.881784197000999888E-16 ) ) ;
#1769 = VERTEX_POINT ( 'NONE', #1553 ) ;
#1770 = ADVANCED_FACE ( 'NONE', ( #2779 ), #3450, .T. ) ;
#1771 = FACE_OUTER_BOUND ( 'NONE', #2482, .T. ) ;
#1772 = ORIENTED_EDGE ( 'NONE', *, *, #3705, .F. ) ;
#1773 = CARTESIAN_POINT ( 'NONE',  ( -5.009999999999999787, -11.25999999999999979, 8.500000000000000000 ) ) ;
#1774 = CARTESIAN_POINT ( 'NONE',  ( 5.329070518201000674E-15, 15.00000000000000000, 6.500000000000000000 ) ) ;
#1775 = ORIENTED_EDGE ( 'NONE', *, *, #2870, .F. ) ;
#1776 = DIRECTION ( 'NONE',  ( 2.220446049250000002E-16, 1.000000000000000000, 0.0000000000000000000 ) ) ;
#1777 = DIRECTION ( 'NONE',  ( -1.000000000000000000, 2.220446049250000002E-16, 0.0000000000000000000 ) ) ;
#1778 = CARTESIAN_POINT ( 'NONE',  ( -5.000000000000000000, 1.776356839399999804E-15, 11.70000000000000107 ) ) ;
#1779 = ORIENTED_EDGE ( 'NONE', *, *, #956, .T. ) ;
#1780 = DIRECTION ( 'NONE',  ( 1.000000000000000000, -2.220446049250000002E-16, -2.843808977011000057E-16 ) ) ;
#1781 = CARTESIAN_POINT ( 'NONE',  ( 3.552713678800999489E-15, 7.000000000000000000, 6.500000000000000000 ) ) ;
#1782 = DIRECTION ( 'NONE',  ( -1.000000000000000000, 2.220446049250000495E-16, 0.0000000000000000000 ) ) ;
#1783 = ORIENTED_EDGE ( 'NONE', *, *, #3299, .T. ) ;
#1784 = ORIENTED_EDGE ( 'NONE', *, *, #3770, .F. ) ;
#1785 = CARTESIAN_POINT ( 'NONE',  ( -0.2999999999999999889, -9.825000000000001066, -3.000000000000000000 ) ) ;
#1786 = DIRECTION ( 'NONE',  ( 0.0000000000000000000, 0.0000000000000000000, -1.000000000000000000 ) ) ;
#1787 = EDGE_CURVE ( 'NONE', #268, #85, #718, .T. ) ;
#1788 = ORIENTED_EDGE ( 'NONE', *, *, #797, .T. ) ;
#1789 = ORIENTED_EDGE ( 'NONE', *, *, #36, .F. ) ;
#1790 = LINE ( 'NONE', #1551, #3115 ) ;
#1791 = EDGE_CURVE ( 'NONE', #2948, #2414, #2236, .T. ) ;
#1792 = EDGE_LOOP ( 'NONE', ( #2807, #1656, #3369, #1037 ) ) ;
#1793 = EDGE_CURVE ( 'NONE', #1209, #2722, #1910, .T. ) ;
#1794 = FACE_OUTER_BOUND ( 'NONE', #243, .T. ) ;
#1795 =( NAMED_UNIT ( * ) PLANE_ANGLE_UNIT ( ) SI_UNIT ( $, .RADIAN. ) );
#1796 = EDGE_CURVE ( 'NONE', #3568, #3782, #125, .T. ) ;
#1797 = CARTESIAN_POINT ( 'NONE',  ( 2.799999999999999822, -9.825000000000001066, -3.000000000000000000 ) ) ;
#1798 = ORIENTED_EDGE ( 'NONE', *, *, #3402, .T. ) ;
#1799 = DIRECTION ( 'NONE',  ( -1.000000000000000000, 2.220446049250000002E-16, 0.0000000000000000000 ) ) ;
#1800 = AXIS2_PLACEMENT_3D ( 'NONE', #2409, #3069, #3051 ) ;
#1801 = CARTESIAN_POINT ( 'NONE',  ( 0.2999999999999999889, -9.825000000000001066, -3.000000000000000000 ) ) ;
#1802 = FACE_OUTER_BOUND ( 'NONE', #3526, .T. ) ;
#1803 = ORIENTED_EDGE ( 'NONE', *, *, #1550, .F. ) ;
#1804 = ORIENTED_EDGE ( 'NONE', *, *, #1919, .T. ) ;
#1805 = CARTESIAN_POINT ( 'NONE',  ( -3.700000000000000178, -5.174999999999999822, 0.8496820125990000028 ) ) ;
#1806 = CARTESIAN_POINT ( 'NONE',  ( 5.299999999999999822, -10.17500000000000071, -3.000000000000000000 ) ) ;
#1807 = CARTESIAN_POINT ( 'NONE',  ( 3.700000000000000178, -5.174999999999999822, 0.8496820125990000028 ) ) ;
#1808 = EDGE_LOOP ( 'NONE', ( #577, #2598, #3812, #3230, #3073, #3397 ) ) ;
#1809 = DIRECTION ( 'NONE',  ( 1.000000000000000000, -2.220446049250000002E-16, -4.336808689942000480E-16 ) ) ;
#1810 = ORIENTED_EDGE ( 'NONE', *, *, #3253, .T. ) ;
#1811 = CARTESIAN_POINT ( 'NONE',  ( -2.200000000000000178, -4.825000000000000178, 4.884981308350999589E-15 ) ) ;
#1812 = ORIENTED_EDGE ( 'NONE', *, *, #338, .T. ) ;
#1813 = ORIENTED_EDGE ( 'NONE', *, *, #2120, .F. ) ;
#1814 = VECTOR ( 'NONE', #2131, 1000.000000000000000 ) ;
#1815 = AXIS2_PLACEMENT_3D ( 'NONE', #653, #3671, #1782 ) ;
#1816 = PLANE ( 'NONE',  #93 ) ;
#1817 = ADVANCED_FACE ( 'NONE', ( #1926 ), #450, .F. ) ;
#1818 = DIRECTION ( 'NONE',  ( 0.0000000000000000000, 0.0000000000000000000, -1.000000000000000000 ) ) ;
#1819 = VECTOR ( 'NONE', #3020, 1000.000000000000000 ) ;
#1820 = AXIS2_PLACEMENT_3D ( 'NONE', #15, #642, #3418 ) ;
#1821 = ORIENTED_EDGE ( 'NONE', *, *, #200, .F. ) ;
#1822 = LINE ( 'NONE', #3986, #1927 ) ;
#1823 = EDGE_CURVE ( 'NONE', #3342, #22, #3752, .T. ) ;
#1824 = CARTESIAN_POINT ( 'NONE',  ( -0.2999999999999999889, -9.825000000000001066, -3.000000000000000000 ) ) ;
#1825 = FACE_OUTER_BOUND ( 'NONE', #3730, .T. ) ;
#1826 = ORIENTED_EDGE ( 'NONE', *, *, #600, .F. ) ;
#1827 = VECTOR ( 'NONE', #3145, 1000.000000000000000 ) ;
#1828 = CARTESIAN_POINT ( 'NONE',  ( 2.799999999999999822, -9.825000000000001066, -3.000000000000000000 ) ) ;
#1829 = CARTESIAN_POINT ( 'NONE',  ( 7.900000000000000355, 7.000000000000000000, 9.400000000000000355 ) ) ;
#1830 = FACE_OUTER_BOUND ( 'NONE', #3692, .T. ) ;
#1831 = ORIENTED_EDGE ( 'NONE', *, *, #3428, .T. ) ;
#1832 = CARTESIAN_POINT ( 'NONE',  ( -3.700000000000000178, -5.174999999999999822, 3.000000000000000000 ) ) ;
#1833 = CARTESIAN_POINT ( 'NONE',  ( -15.40000000000000036, 7.000000000000000000, 3.600000000000000089 ) ) ;
#1834 = UNCERTAINTY_MEASURE_WITH_UNIT (LENGTH_MEASURE( 1.000000000000000082E-05 ), #3505, 'distance_accuracy_value', 'NONE');
#1835 = VERTEX_POINT ( 'NONE', #374 ) ;
#1836 =( NAMED_UNIT ( * ) SI_UNIT ( $, .STERADIAN. ) SOLID_ANGLE_UNIT ( ) );
#1837 = LINE ( 'NONE', #968, #3163 ) ;
#1838 = ADVANCED_FACE ( 'NONE', ( #2546 ), #1890, .T. ) ;
#1839 = ORIENTED_EDGE ( 'NONE', *, *, #2456, .F. ) ;
#1840 = LINE ( 'NONE', #3385, #202 ) ;
#1841 = DIRECTION ( 'NONE',  ( 1.000000000000000000, -2.220446049250000002E-16, 0.0000000000000000000 ) ) ;
#1842 = EDGE_CURVE ( 'NONE', #514, #508, #407, .T. ) ;
#1843 = ORIENTED_EDGE ( 'NONE', *, *, #1034, .F. ) ;
#1844 = ADVANCED_FACE ( 'NONE', ( #1632 ), #2578, .T. ) ;
#1845 = CARTESIAN_POINT ( 'NONE',  ( 2.200000000000000178, -5.174999999999999822, -3.000000000000000000 ) ) ;
#1846 = DIRECTION ( 'NONE',  ( 0.0000000000000000000, 0.0000000000000000000, -1.000000000000000000 ) ) ;
#1847 = CARTESIAN_POINT ( 'NONE',  ( -5.009999999999999787, -3.700000000000000178, 1.337016095274000005 ) ) ;
#1848 = EDGE_CURVE ( 'NONE', #2574, #223, #1334, .T. ) ;
#1849 = EDGE_LOOP ( 'NONE', ( #673, #2796, #1416 ) ) ;
#1850 = DIRECTION ( 'NONE',  ( 2.220446049250000002E-16, 1.000000000000000000, 0.0000000000000000000 ) ) ;
#1851 = CARTESIAN_POINT ( 'NONE',  ( -0.2999999999999999889, -4.825000000000000178, -3.000000000000000000 ) ) ;
#1852 = PLANE ( 'NONE',  #1754 ) ;
#1853 = ORIENTED_EDGE ( 'NONE', *, *, #2221, .T. ) ;
#1854 = CARTESIAN_POINT ( 'NONE',  ( -3.700000000000000178, -10.17500000000000071, 0.8496820125990000028 ) ) ;
#1855 = VERTEX_POINT ( 'NONE', #1592 ) ;
#1856 = FACE_OUTER_BOUND ( 'NONE', #733, .T. ) ;
#1857 = CARTESIAN_POINT ( 'NONE',  ( 5.000000000000000000, -5.174999999999999822, 0.0000000000000000000 ) ) ;
#1858 = CARTESIAN_POINT ( 'NONE',  ( -2.799999999999999822, -4.825000000000000178, -3.000000000000000000 ) ) ;
#1859 = VERTEX_POINT ( 'NONE', #978 ) ;
#1860 = EDGE_CURVE ( 'NONE', #1406, #636, #3432, .T. ) ;
#1861 = DIRECTION ( 'NONE',  ( -2.220446049250000002E-16, -1.000000000000000000, 0.0000000000000000000 ) ) ;
#1862 = VECTOR ( 'NONE', #290, 1000.000000000000000 ) ;
#1863 = CARTESIAN_POINT ( 'NONE',  ( -1.600000000000000089, -5.174999999999999822, 3.035766082958999841E-15 ) ) ;
#1864 = EDGE_CURVE ( 'NONE', #3937, #485, #434, .T. ) ;
#1865 = ORIENTED_EDGE ( 'NONE', *, *, #2916, .T. ) ;
#1866 = CIRCLE ( 'NONE', #2645, 3.370000000000000107 ) ;
#1867 = EDGE_CURVE ( 'NONE', #65, #3136, #2223, .T. ) ;
#1868 = CARTESIAN_POINT ( 'NONE',  ( 0.0000000000000000000, -10.17500000000000071, 12.80000000000000071 ) ) ;
#1869 =( LENGTH_UNIT ( ) NAMED_UNIT ( * ) SI_UNIT ( .MILLI., .METRE. ) );
#1870 = PLANE ( 'NONE',  #1238 ) ;
#1871 = ORIENTED_EDGE ( 'NONE', *, *, #2342, .F. ) ;
#1872 = LINE ( 'NONE', #3104, #2319 ) ;
#1873 = DIRECTION ( 'NONE',  ( 4.336808689942000480E-16, -9.629649721935999724E-32, 1.000000000000000000 ) ) ;
#1874 = CARTESIAN_POINT ( 'NONE',  ( 3.700000000000000178, -4.825000000000000178, -8.881784197000999888E-16 ) ) ;
#1875 = ORIENTED_EDGE ( 'NONE', *, *, #1384, .T. ) ;
#1876 = VECTOR ( 'NONE', #669, 1000.000000000000114 ) ;
#1877 = LINE ( 'NONE', #3110, #76 ) ;
#1878 = VECTOR ( 'NONE', #3814, 1000.000000000000000 ) ;
#1879 = AXIS2_PLACEMENT_3D ( 'NONE', #828, #3969, #3598 ) ;
#1880 = CARTESIAN_POINT ( 'NONE',  ( 3.552713678800999489E-15, 7.000000000000000000, 3.500000000000000000 ) ) ;
#1881 = ORIENTED_EDGE ( 'NONE', *, *, #57, .T. ) ;
#1882 = CIRCLE ( 'NONE', #361, 12.50999999999999979 ) ;
#1883 = LINE ( 'NONE', #1341, #229 ) ;
#1884 = LINE ( 'NONE', #3157, #2591 ) ;
#1885 = VECTOR ( 'NONE', #2964, 1000.000000000000000 ) ;
#1886 = VERTEX_POINT ( 'NONE', #110 ) ;
#1887 = EDGE_CURVE ( 'NONE', #1302, #2999, #2886, .T. ) ;
#1888 = ORIENTED_EDGE ( 'NONE', *, *, #3303, .F. ) ;
#1889 = CIRCLE ( 'NONE', #681, 12.50999999999999979 ) ;
#1890 = PLANE ( 'NONE',  #3167 ) ;
#1891 = VECTOR ( 'NONE', #3511, 1000.000000000000000 ) ;
#1892 = EDGE_CURVE ( 'NONE', #3493, #504, #679, .T. ) ;
#1893 = ORIENTED_EDGE ( 'NONE', *, *, #498, .F. ) ;
#1894 = CARTESIAN_POINT ( 'NONE',  ( 3.552713678800999489E-15, 7.000000000000000000, 6.500000000000000000 ) ) ;
#1895 = ADVANCED_FACE ( 'NONE', ( #1971 ), #3206, .F. ) ;
#1896 = DIRECTION ( 'NONE',  ( -2.220446049250000002E-16, -1.000000000000000000, 0.0000000000000000000 ) ) ;
#1897 = DIRECTION ( 'NONE',  ( 0.0000000000000000000, 0.0000000000000000000, 1.000000000000000000 ) ) ;
#1898 = PLANE ( 'NONE',  #1627 ) ;
#1899 = ORIENTED_EDGE ( 'NONE', *, *, #3015, .F. ) ;
#1900 = LINE ( 'NONE', #1005, #136 ) ;
#1901 = DIRECTION ( 'NONE',  ( 1.000000000000000000, -2.220446049250000002E-16, 0.0000000000000000000 ) ) ;
#1902 = CARTESIAN_POINT ( 'NONE',  ( 2.799999999999999822, -4.825000000000000178, -3.000000000000000000 ) ) ;
#1903 = ORIENTED_EDGE ( 'NONE', *, *, #794, .T. ) ;
#1904 =( NAMED_UNIT ( * ) PLANE_ANGLE_UNIT ( ) SI_UNIT ( $, .RADIAN. ) );
#1905 = ORIENTED_EDGE ( 'NONE', *, *, #2120, .T. ) ;
#1906 = ORIENTED_EDGE ( 'NONE', *, *, #2221, .F. ) ;
#1907 = DIRECTION ( 'NONE',  ( -1.000000000000000000, 2.891205793294678326E-16, 0.0000000000000000000 ) ) ;
#1908 = DIRECTION ( 'NONE',  ( 0.0000000000000000000, 0.0000000000000000000, -1.000000000000000000 ) ) ;
#1909 = ADVANCED_FACE ( 'NONE', ( #2370 ), #2030, .F. ) ;
#1910 = LINE ( 'NONE', #1349, #3298 ) ;
#1911 = LINE ( 'NONE', #392, #2950 ) ;
#1912 = CARTESIAN_POINT ( 'NONE',  ( -3.700000000000000178, -9.825000000000001066, 0.8496820125990000028 ) ) ;
#1913 = CARTESIAN_POINT ( 'NONE',  ( -5.299999999999999822, -10.17500000000000071, -3.000000000000000000 ) ) ;
#1914 = EDGE_CURVE ( 'NONE', #2289, #2959, #2990, .T. ) ;
#1915 = EDGE_CURVE ( 'NONE', #438, #911, #2007, .T. ) ;
#1916 = ORIENTED_EDGE ( 'NONE', *, *, #1076, .F. ) ;
#1917 = ORIENTED_EDGE ( 'NONE', *, *, #1892, .T. ) ;
#1918 = DIRECTION ( 'NONE',  ( -0.8660254037843290176, 1.922962686384730098E-16, -0.5000000000001900702 ) ) ;
#1919 = EDGE_CURVE ( 'NONE', #444, #3677, #3870, .T. ) ;
#1920 = LINE ( 'NONE', #1902, #1113 ) ;
#1921 = ORIENTED_EDGE ( 'NONE', *, *, #1940, .T. ) ;
#1922 = PRESENTATION_STYLE_ASSIGNMENT (( #1190 ) ) ;
#1923 = DIRECTION ( 'NONE',  ( -2.220446049250000002E-16, -1.000000000000000000, 0.0000000000000000000 ) ) ;
#1924 = DIRECTION ( 'NONE',  ( -1.000000000000000000, 2.220446049250000002E-16, 2.168404344971000191E-15 ) ) ;
#1925 = LINE ( 'NONE', #698, #949 ) ;
#1926 = FACE_OUTER_BOUND ( 'NONE', #3446, .T. ) ;
#1927 = VECTOR ( 'NONE', #2448, 1000.000000000000000 ) ;
#1928 = EDGE_LOOP ( 'NONE', ( #3178, #1174, #3545, #2439 ) ) ;
#1929 = CARTESIAN_POINT ( 'NONE',  ( 5.299999999999999822, -4.825000000000000178, 0.2000000000000000111 ) ) ;
#1930 = AXIS2_PLACEMENT_3D ( 'NONE', #1152, #1776, #838 ) ;
#1931 = DIRECTION ( 'NONE',  ( 0.0000000000000000000, 0.0000000000000000000, -1.000000000000000000 ) ) ;
#1932 = EDGE_LOOP ( 'NONE', ( #3379, #1709, #1944, #2351 ) ) ;
#1933 = ORIENTED_EDGE ( 'NONE', *, *, #1159, .T. ) ;
#1934 = EDGE_CURVE ( 'NONE', #3429, #2942, #528, .T. ) ;
#1935 = LINE ( 'NONE', #3149, #846 ) ;
#1936 = VECTOR ( 'NONE', #1239, 1000.000000000000000 ) ;
#1937 = LINE ( 'NONE', #2571, #3685 ) ;
#1938 = VECTOR ( 'NONE', #2455, 1000.000000000000000 ) ;
#1939 = ORIENTED_EDGE ( 'NONE', *, *, #1426, .T. ) ;
#1940 = EDGE_CURVE ( 'NONE', #769, #3342, #3854, .T. ) ;
#1941 = AXIS2_PLACEMENT_3D ( 'NONE', #1244, #2476, #847 ) ;
#1942 = VECTOR ( 'NONE', #664, 1000.000000000000000 ) ;
#1943 = DIRECTION ( 'NONE',  ( -2.220446049250000002E-16, -1.000000000000000000, 0.0000000000000000000 ) ) ;
#1944 = ORIENTED_EDGE ( 'NONE', *, *, #61, .F. ) ;
#1945 = VECTOR ( 'NONE', #2508, 1000.000000000000000 ) ;
#1946 = DIRECTION ( 'NONE',  ( 6.505213034912999980E-16, -1.444447458289999932E-31, 1.000000000000000000 ) ) ;
#1947 = ORIENTED_EDGE ( 'NONE', *, *, #3742, .T. ) ;
#1948 = DIRECTION ( 'NONE',  ( -5.204170427929999243E-16, 1.155557966631999945E-31, -1.000000000000000000 ) ) ;
#1949 = CARTESIAN_POINT ( 'NONE',  ( 5.000000000000000000, -11.70000000000000107, 1.343560762609999903 ) ) ;
#1950 = VECTOR ( 'NONE', #1567, 1000.000000000000000 ) ;
#1951 = CARTESIAN_POINT ( 'NONE',  ( 5.299999999999999822, -4.825000000000000178, 0.2000000000000000111 ) ) ;
#1952 = ORIENTED_EDGE ( 'NONE', *, *, #2213, .T. ) ;
#1953 = AXIS2_PLACEMENT_3D ( 'NONE', #3341, #1261, #3640 ) ;
#1954 = LINE ( 'NONE', #2312, #1996 ) ;
#1955 = ORIENTED_EDGE ( 'NONE', *, *, #1848, .F. ) ;
#1956 = CARTESIAN_POINT ( 'NONE',  ( 2.200000000000000178, -10.17500000000000071, -3.000000000000000000 ) ) ;
#1957 = DIRECTION ( 'NONE',  ( 1.000000000000000000, -2.220446049250000002E-16, -4.336808689942000480E-16 ) ) ;
#1958 = ORIENTED_EDGE ( 'NONE', *, *, #727, .F. ) ;
#1959 = VERTEX_POINT ( 'NONE', #2905 ) ;
#1960 = LINE ( 'NONE', #1979, #3763 ) ;
#1961 = EDGE_CURVE ( 'NONE', #2585, #3419, #2639, .T. ) ;
#1962 = FACE_OUTER_BOUND ( 'NONE', #3961, .T. ) ;
#1963 = ORIENTED_EDGE ( 'NONE', *, *, #2266, .T. ) ;
#1964 = EDGE_CURVE ( 'NONE', #3039, #2268, #169, .T. ) ;
#1965 = CARTESIAN_POINT ( 'NONE',  ( 4.899999999999999467, -9.825000000000001066, 3.000000000000000000 ) ) ;
#1966 = EDGE_LOOP ( 'NONE', ( #3855, #3642, #1280, #1798 ) ) ;
#1967 = ADVANCED_FACE ( 'NONE', ( #3836 ), #3528, .F. ) ;
#1968 = LINE ( 'NONE', #2597, #2057 ) ;
#1969 = CARTESIAN_POINT ( 'NONE',  ( 5.299999999999999822, -10.17500000000000071, 0.2000000000000000111 ) ) ;
#1970 = PLANE ( 'NONE',  #685 ) ;
#1971 = FACE_OUTER_BOUND ( 'NONE', #3295, .T. ) ;
#1972 = ORIENTED_EDGE ( 'NONE', *, *, #197, .F. ) ;
#1973 = CARTESIAN_POINT ( 'NONE',  ( 2.958039891549999911, 9.000000000000000000, 6.000000000000000000 ) ) ;
#1974 = CARTESIAN_POINT ( 'NONE',  ( 0.5000000000000000000, -5.174999999999999822, 4.336808689941999987E-16 ) ) ;
#1975 = LINE ( 'NONE', #454, #1827 ) ;
#1976 = VERTEX_POINT ( 'NONE', #1702 ) ;
#1977 = ORIENTED_EDGE ( 'NONE', *, *, #3150, .T. ) ;
#1978 = CARTESIAN_POINT ( 'NONE',  ( -5.299999999999999822, -9.825000000000001066, 0.2000000000000000111 ) ) ;
#1979 = CARTESIAN_POINT ( 'NONE',  ( -3.700000000000000178, -9.825000000000001066, 7.327471962526000035E-15 ) ) ;
#1980 = FACE_OUTER_BOUND ( 'NONE', #3799, .T. ) ;
#1981 = EDGE_LOOP ( 'NONE', ( #560, #2661, #481, #2183 ) ) ;
#1982 = CARTESIAN_POINT ( 'NONE',  ( 5.299999999999999822, -9.825000000000001066, -3.000000000000000000 ) ) ;
#1983 = EDGE_CURVE ( 'NONE', #2500, #714, #2293, .T. ) ;
#1984 = ORIENTED_EDGE ( 'NONE', *, *, #3016, .T. ) ;
#1985 = LINE ( 'NONE', #2576, #2337 ) ;
#1986 = ADVANCED_FACE ( 'NONE', ( #3585 ), #775, .F. ) ;
#1987 = CARTESIAN_POINT ( 'NONE',  ( 0.0000000000000000000, -9.825000000000001066, 12.80000000000000071 ) ) ;
#1988 = CARTESIAN_POINT ( 'NONE',  ( 4.700000000000000178, -9.825000000000001066, -1.332267629549999902E-15 ) ) ;
#1989 = ORIENTED_EDGE ( 'NONE', *, *, #3179, .F. ) ;
#1990 = EDGE_CURVE ( 'NONE', #3734, #3148, #2833, .T. ) ;
#1991 = CARTESIAN_POINT ( 'NONE',  ( -2.200000000000000178, -9.825000000000001066, -3.000000000000000000 ) ) ;
#1992 = VECTOR ( 'NONE', #1459, 1000.000000000000000 ) ;
#1993 = VERTEX_POINT ( 'NONE', #2966 ) ;
#1994 = EDGE_LOOP ( 'NONE', ( #348, #2111, #882, #1775, #3657, #724, #3532, #3433 ) ) ;
#1995 = DIRECTION ( 'NONE',  ( 2.220446049250000002E-16, 1.000000000000000000, 0.0000000000000000000 ) ) ;
#1996 = VECTOR ( 'NONE', #3468, 1000.000000000000000 ) ;
#1997 = CARTESIAN_POINT ( 'NONE',  ( 4.899999999999999467, -4.825000000000000178, 0.8928203230279999625 ) ) ;
#1998 = DIRECTION ( 'NONE',  ( -2.220446049250000002E-16, -1.000000000000000000, 0.0000000000000000000 ) ) ;
#1999 = ORIENTED_EDGE ( 'NONE', *, *, #523, .T. ) ;
#2000 = VECTOR ( 'NONE', #2602, 1000.000000000000000 ) ;
#2001 = DIRECTION ( 'NONE',  ( -1.000000000000000000, 2.220446049250000002E-16, 0.0000000000000000000 ) ) ;
#2002 = ORIENTED_EDGE ( 'NONE', *, *, #720, .T. ) ;
#2003 = AXIS2_PLACEMENT_3D ( 'NONE', #1363, #181, #2044 ) ;
#2004 = AXIS2_PLACEMENT_3D ( 'NONE', #1762, #2157, #2840 ) ;
#2005 = CARTESIAN_POINT ( 'NONE',  ( 4.899999999999999467, -10.17500000000000071, 3.000000000000000000 ) ) ;
#2006 = DIRECTION ( 'NONE',  ( 0.0000000000000000000, 0.0000000000000000000, -1.000000000000000000 ) ) ;
#2007 = LINE ( 'NONE', #2924, #1491 ) ;
#2008 = AXIS2_PLACEMENT_3D ( 'NONE', #3455, #2525, #721 ) ;
#2009 = ADVANCED_FACE ( 'NONE', ( #2677 ), #1681, .F. ) ;
#2010 = VECTOR ( 'NONE', #2686, 1000.000000000000114 ) ;
#2011 = EDGE_CURVE ( 'NONE', #3109, #2771, #2309, .T. ) ;
#2012 = FACE_OUTER_BOUND ( 'NONE', #1699, .T. ) ;
#2013 = VECTOR ( 'NONE', #2284, 1000.000000000000000 ) ;
#2014 = PLANE ( 'NONE',  #617 ) ;
#2015 = EDGE_CURVE ( 'NONE', #2153, #65, #3910, .T. ) ;
#2016 = VERTEX_POINT ( 'NONE', #2071 ) ;
#2017 = MECHANICAL_DESIGN_GEOMETRIC_PRESENTATION_REPRESENTATION (  '', ( #163 ), #3766 ) ;
#2018 = ORIENTED_EDGE ( 'NONE', *, *, #3177, .F. ) ;
#2019 = EDGE_CURVE ( 'NONE', #2500, #2846, #1720, .T. ) ;
#2020 = FACE_OUTER_BOUND ( 'NONE', #998, .T. ) ;
#2021 = DIRECTION ( 'NONE',  ( -2.220446049250000002E-16, -1.000000000000000000, 0.0000000000000000000 ) ) ;
#2022 = EDGE_CURVE ( 'NONE', #3734, #708, #3892, .T. ) ;
#2023 = LINE ( 'NONE', #768, #1499 ) ;
#2024 = ORIENTED_EDGE ( 'NONE', *, *, #519, .T. ) ;
#2025 = FILL_AREA_STYLE_COLOUR ( '', #89 ) ;
#2026 = VERTEX_POINT ( 'NONE', #2436 ) ;
#2027 = ORIENTED_EDGE ( 'NONE', *, *, #2519, .F. ) ;
#2028 = CARTESIAN_POINT ( 'NONE',  ( 2.200000000000000178, -5.174999999999999822, 0.0000000000000000000 ) ) ;
#2029 = CARTESIAN_POINT ( 'NONE',  ( -1.600000000000000089, -9.825000000000001066, 3.035766082958999841E-15 ) ) ;
#2030 = PLANE ( 'NONE',  #2462 ) ;
#2031 = VERTEX_POINT ( 'NONE', #3009 ) ;
#2032 = DIRECTION ( 'NONE',  ( 0.0000000000000000000, 0.0000000000000000000, -1.000000000000000000 ) ) ;
#2033 = EDGE_LOOP ( 'NONE', ( #2389, #1397, #3625, #3712, #850 ) ) ;
#2034 = EDGE_CURVE ( 'NONE', #583, #1366, #1529, .T. ) ;
#2035 = DIRECTION ( 'NONE',  ( 1.000000000000000000, -2.220446049250000002E-16, 3.180326372624000269E-15 ) ) ;
#2036 = DIRECTION ( 'NONE',  ( -2.220446049250000002E-16, -1.000000000000000000, 0.0000000000000000000 ) ) ;
#2037 = VERTEX_POINT ( 'NONE', #2775 ) ;
#2038 = CARTESIAN_POINT ( 'NONE',  ( -5.000000000000000000, -18.50000000000000000, 8.500000000000000000 ) ) ;
#2039 = ADVANCED_FACE ( 'NONE', ( #1546 ), #2760, .F. ) ;
#2040 = SURFACE_STYLE_USAGE ( .BOTH. , #1755 ) ;
#2041 = CARTESIAN_POINT ( 'NONE',  ( 1.600000000000000089, -9.825000000000001066, -4.440892098500999885E-16 ) ) ;
#2042 = CARTESIAN_POINT ( 'NONE',  ( -3.700000000000000178, -9.825000000000001066, 7.372574772901001011E-15 ) ) ;
#2043 = ORIENTED_EDGE ( 'NONE', *, *, #1823, .T. ) ;
#2044 = DIRECTION ( 'NONE',  ( 1.000000000000000000, 0.0000000000000000000, 0.0000000000000000000 ) ) ;
#2045 = LINE ( 'NONE', #2986, #1623 ) ;
#2046 = VERTEX_POINT ( 'NONE', #588 ) ;
#2047 = VERTEX_POINT ( 'NONE', #1207 ) ;
#2048 = FACE_OUTER_BOUND ( 'NONE', #1066, .T. ) ;
#2049 = DIRECTION ( 'NONE',  ( 1.000000000000000000, 0.0000000000000000000, 0.0000000000000000000 ) ) ;
#2050 = EDGE_LOOP ( 'NONE', ( #3513, #1963, #1114, #1317, #417, #640, #3907, #1045, #723 ) ) ;
#2051 = FACE_OUTER_BOUND ( 'NONE', #925, .T. ) ;
#2052 = VERTEX_POINT ( 'NONE', #1847 ) ;
#2053 = CARTESIAN_POINT ( 'NONE',  ( 2.799999999999999822, -10.17500000000000071, 2.000000000000000000 ) ) ;
#2054 = DIRECTION ( 'NONE',  ( 2.220446049250000002E-16, 1.000000000000000000, 0.0000000000000000000 ) ) ;
#2055 = VERTEX_POINT ( 'NONE', #1807 ) ;
#2056 = CARTESIAN_POINT ( 'NONE',  ( 4.899999999999999467, -4.825000000000000178, 3.000000000000000000 ) ) ;
#2057 = VECTOR ( 'NONE', #86, 1000.000000000000000 ) ;
#2058 = CARTESIAN_POINT ( 'NONE',  ( -3.700000000000000178, -10.17500000000000071, 3.000000000000000000 ) ) ;
#2059 = DIRECTION ( 'NONE',  ( -2.220446049250000002E-16, -1.000000000000000000, 0.0000000000000000000 ) ) ;
#2060 = DIRECTION ( 'NONE',  ( 0.8660254037843290176, -1.922962686384731084E-16, -0.5000000000001900702 ) ) ;
#2061 = EDGE_CURVE ( 'NONE', #1959, #3457, #275, .T. ) ;
#2062 = VECTOR ( 'NONE', #3319, 1000.000000000000000 ) ;
#2063 = CARTESIAN_POINT ( 'NONE',  ( -2.799999999999999822, -10.17500000000000071, -3.000000000000000000 ) ) ;
#2064 = CARTESIAN_POINT ( 'NONE',  ( 1.600000000000000089, -9.825000000000001066, 0.3927400285159999838 ) ) ;
#2065 = DIRECTION ( 'NONE',  ( 0.0000000000000000000, 0.0000000000000000000, -1.000000000000000000 ) ) ;
#2066 = ORIENTED_EDGE ( 'NONE', *, *, #152, .T. ) ;
#2067 = ORIENTED_EDGE ( 'NONE', *, *, #875, .F. ) ;
#2068 = VECTOR ( 'NONE', #3466, 1000.000000000000000 ) ;
#2069 = CARTESIAN_POINT ( 'NONE',  ( 2.200000000000000178, -9.825000000000001066, -3.000000000000000000 ) ) ;
#2070 = DIRECTION ( 'NONE',  ( -1.000000000000000000, 2.220446049250000002E-16, 0.0000000000000000000 ) ) ;
#2071 = CARTESIAN_POINT ( 'NONE',  ( -4.899999999999999467, -9.825000000000001066, 0.8928203230279999625 ) ) ;
#2072 = AXIS2_PLACEMENT_3D ( 'NONE', #3733, #2830, #1316 ) ;
#2073 = ORIENTED_EDGE ( 'NONE', *, *, #2803, .F. ) ;
#2074 = DIRECTION ( 'NONE',  ( 2.220446049250000002E-16, 1.000000000000000000, 0.0000000000000000000 ) ) ;
#2075 = VERTEX_POINT ( 'NONE', #1250 ) ;
#2076 = DIRECTION ( 'NONE',  ( -2.220446049250000002E-16, -1.000000000000000000, 0.0000000000000000000 ) ) ;
#2077 = CARTESIAN_POINT ( 'NONE',  ( 2.200000000000000178, -4.825000000000000178, -3.000000000000000000 ) ) ;
#2078 = CIRCLE ( 'NONE', #2960, 12.50000000000000178 ) ;
#2079 = VECTOR ( 'NONE', #3113, 1000.000000000000000 ) ;
#2080 = ORIENTED_EDGE ( 'NONE', *, *, #956, .F. ) ;
#2081 = UNCERTAINTY_MEASURE_WITH_UNIT (LENGTH_MEASURE( 1.000000000000000082E-05 ), #1869, 'distance_accuracy_value', 'NONE');
#2082 = ORIENTED_EDGE ( 'NONE', *, *, #2264, .T. ) ;
#2083 = AXIS2_PLACEMENT_3D ( 'NONE', #511, #1724, #1431 ) ;
#2084 = PLANE ( 'NONE',  #1041 ) ;
#2085 = CARTESIAN_POINT ( 'NONE',  ( 3.552713678800999489E-15, 7.000000000000000000, 6.500000000000000000 ) ) ;
#2086 = CIRCLE ( 'NONE', #3632, 3.370000000000000107 ) ;
#2087 = LINE ( 'NONE', #2347, #2969 ) ;
#2088 = ORIENTED_EDGE ( 'NONE', *, *, #1791, .T. ) ;
#2089 = FACE_OUTER_BOUND ( 'NONE', #586, .T. ) ;
#2090 = VECTOR ( 'NONE', #14, 1000.000000000000000 ) ;
#2091 = ADVANCED_FACE ( 'NONE', ( #1830 ), #1486, .F. ) ;
#2092 = CARTESIAN_POINT ( 'NONE',  ( -4.899999999999999467, -9.825000000000001066, 0.8928203230279999625 ) ) ;
#2093 = CARTESIAN_POINT ( 'NONE',  ( -0.5000000000000000000, 0.8000000000000000444, 0.5000000000000000000 ) ) ;
#2094 = VERTEX_POINT ( 'NONE', #635 ) ;
#2095 = EDGE_LOOP ( 'NONE', ( #1420, #3037, #2305, #1181 ) ) ;
#2096 = EDGE_CURVE ( 'NONE', #3306, #2878, #2137, .T. ) ;
#2097 = CARTESIAN_POINT ( 'NONE',  ( 0.5000000000000000000, -5.174999999999999822, 0.2999960000010000183 ) ) ;
#2098 = SURFACE_STYLE_FILL_AREA ( #876 ) ;
#2099 = EDGE_CURVE ( 'NONE', #256, #3533, #3392, .T. ) ;
#2100 = VERTEX_POINT ( 'NONE', #337 ) ;
#2101 = CARTESIAN_POINT ( 'NONE',  ( -2.958039891549999911, 9.000000000000000000, 6.000000000000000000 ) ) ;
#2102 = PLANE ( 'NONE',  #3883 ) ;
#2103 = CARTESIAN_POINT ( 'NONE',  ( -5.000000000000000000, -20.00000000000000000, 1.343560762609999903 ) ) ;
#2104 = ORIENTED_EDGE ( 'NONE', *, *, #179, .T. ) ;
#2105 = VERTEX_POINT ( 'NONE', #299 ) ;
#2106 = DIRECTION ( 'NONE',  ( -2.220446049250000002E-16, -1.000000000000000000, 0.0000000000000000000 ) ) ;
#2107 = DIRECTION ( 'NONE',  ( -2.220446049250000002E-16, -1.000000000000000000, 0.0000000000000000000 ) ) ;
#2108 = ORIENTED_EDGE ( 'NONE', *, *, #2195, .T. ) ;
#2109 = CARTESIAN_POINT ( 'NONE',  ( -2.200000000000000178, -4.825000000000000178, 4.884981308350999589E-15 ) ) ;
#2110 = LINE ( 'NONE', #3948, #1814 ) ;
#2111 = ORIENTED_EDGE ( 'NONE', *, *, #1990, .T. ) ;
#2112 = VERTEX_POINT ( 'NONE', #3330 ) ;
#2113 = CARTESIAN_POINT ( 'NONE',  ( -4.899999999999999467, -4.825000000000000178, 1.289565603332000210 ) ) ;
#2114 = DIRECTION ( 'NONE',  ( 1.776356839400000001E-15, -3.944304526104999910E-31, 1.000000000000000000 ) ) ;
#2115 = DIRECTION ( 'NONE',  ( -1.000000000000000000, 2.220446049250000002E-16, -2.891205793295000083E-15 ) ) ;
#2116 = EDGE_CURVE ( 'NONE', #2254, #1886, #1470, .T. ) ;
#2117 = ORIENTED_EDGE ( 'NONE', *, *, #1892, .F. ) ;
#2118 = DIRECTION ( 'NONE',  ( 1.000000000000000000, -2.220446049250000002E-16, 0.0000000000000000000 ) ) ;
#2119 = ORIENTED_EDGE ( 'NONE', *, *, #255, .T. ) ;
#2120 = EDGE_CURVE ( 'NONE', #2094, #944, #1225, .T. ) ;
#2121 = CARTESIAN_POINT ( 'NONE',  ( 4.899999999999999467, -10.17500000000000071, 0.8928203230279999625 ) ) ;
#2122 = CARTESIAN_POINT ( 'NONE',  ( -15.40000000000000036, 7.000000000000000000, 3.600000000000000089 ) ) ;
#2123 = ORIENTED_EDGE ( 'NONE', *, *, #2682, .F. ) ;
#2124 = EDGE_CURVE ( 'NONE', #533, #2261, #1511, .T. ) ;
#2125 = LINE ( 'NONE', #3592, #2062 ) ;
#2126 = DIRECTION ( 'NONE',  ( -1.301042606982999948E-15, 2.888894916581000040E-31, -1.000000000000000000 ) ) ;
#2127 = LINE ( 'NONE', #2953, #404 ) ;
#2128 = ORIENTED_EDGE ( 'NONE', *, *, #3780, .F. ) ;
#2129 = LINE ( 'NONE', #3945, #2575 ) ;
#2130 = VECTOR ( 'NONE', #1220, 1000.000000000000000 ) ;
#2131 = DIRECTION ( 'NONE',  ( -2.220446049250000002E-16, -1.000000000000000000, 0.0000000000000000000 ) ) ;
#2132 = LINE ( 'NONE', #3665, #412 ) ;
#2133 = ORIENTED_EDGE ( 'NONE', *, *, #1203, .F. ) ;
#2134 = VECTOR ( 'NONE', #3046, 1000.000000000000000 ) ;
#2135 = DIRECTION ( 'NONE',  ( -2.220446049250000002E-16, -1.000000000000000000, 0.0000000000000000000 ) ) ;
#2136 = FACE_OUTER_BOUND ( 'NONE', #1412, .T. ) ;
#2137 = LINE ( 'NONE', #3974, #2391 ) ;
#2138 = ORIENTED_EDGE ( 'NONE', *, *, #720, .F. ) ;
#2139 = VERTEX_POINT ( 'NONE', #1863 ) ;
#2140 = PLANE ( 'NONE',  #3246 ) ;
#2141 = EDGE_CURVE ( 'NONE', #308, #3666, #320, .T. ) ;
#2142 = CARTESIAN_POINT ( 'NONE',  ( 0.0000000000000000000, -11.25999999999999979, 0.2999999999999999889 ) ) ;
#2143 = VECTOR ( 'NONE', #1425, 1000.000000000000000 ) ;
#2144 = ADVANCED_FACE ( 'NONE', ( #3930 ), #3955, .T. ) ;
#2145 = ORIENTED_EDGE ( 'NONE', *, *, #895, .T. ) ;
#2146 =( GEOMETRIC_REPRESENTATION_CONTEXT ( 3 ) GLOBAL_UNCERTAINTY_ASSIGNED_CONTEXT ( ( #1834 ) ) GLOBAL_UNIT_ASSIGNED_CONTEXT ( ( #3505, #1904, #3461 ) ) REPRESENTATION_CONTEXT ( 'NONE', 'WORKASPACE' ) );
#2147 = CIRCLE ( 'NONE', #3436, 12.50999999999999979 ) ;
#2148 = DIRECTION ( 'NONE',  ( 2.220446049250000002E-16, 1.000000000000000000, 0.0000000000000000000 ) ) ;
#2149 = EDGE_CURVE ( 'NONE', #69, #2311, #3689, .T. ) ;
#2150 = ADVANCED_FACE ( 'NONE', ( #3627 ), #942, .T. ) ;
#2151 = CARTESIAN_POINT ( 'NONE',  ( 4.700000000000000178, -4.825000000000000178, -1.301042606982999948E-15 ) ) ;
#2152 = VECTOR ( 'NONE', #517, 1000.000000000000000 ) ;
#2153 = VERTEX_POINT ( 'NONE', #2196 ) ;
#2154 = FACE_OUTER_BOUND ( 'NONE', #122, .T. ) ;
#2155 = VECTOR ( 'NONE', #3007, 1000.000000000000000 ) ;
#2156 = PLANE ( 'NONE',  #1176 ) ;
#2157 = DIRECTION ( 'NONE',  ( 1.000000000000000000, -2.220446049250000002E-16, -1.734723475977000168E-15 ) ) ;
#2158 = ORIENTED_EDGE ( 'NONE', *, *, #430, .F. ) ;
#2159 = AXIS2_PLACEMENT_3D ( 'NONE', #1171, #3717, #3082 ) ;
#2160 = DIRECTION ( 'NONE',  ( -2.220446049250000002E-16, -1.000000000000000000, 0.0000000000000000000 ) ) ;
#2161 =( GEOMETRIC_REPRESENTATION_CONTEXT ( 3 ) GLOBAL_UNCERTAINTY_ASSIGNED_CONTEXT ( ( #924 ) ) GLOBAL_UNIT_ASSIGNED_CONTEXT ( ( #2538, #3156, #3410 ) ) REPRESENTATION_CONTEXT ( 'NONE', 'WORKASPACE' ) );
#2162 = DIRECTION ( 'NONE',  ( 1.000000000000000000, -2.220446049250000002E-16, 0.0000000000000000000 ) ) ;
#2163 = ORIENTED_EDGE ( 'NONE', *, *, #1983, .F. ) ;
#2164 = LINE ( 'NONE', #575, #3174 ) ;
#2165 = DIRECTION ( 'NONE',  ( -1.734723475977000168E-15, 3.851859888774000082E-31, -1.000000000000000000 ) ) ;
#2166 = DIRECTION ( 'NONE',  ( 0.0000000000000000000, 0.0000000000000000000, -1.000000000000000000 ) ) ;
#2167 = ORIENTED_EDGE ( 'NONE', *, *, #1579, .T. ) ;
#2168 = LINE ( 'NONE', #3401, #1421 ) ;
#2169 = ORIENTED_EDGE ( 'NONE', *, *, #2015, .T. ) ;
#2170 = EDGE_CURVE ( 'NONE', #201, #172, #1569, .T. ) ;
#2171 = CARTESIAN_POINT ( 'NONE',  ( -5.009999999999999787, -11.25999999999999979, 1.337016095274000005 ) ) ;
#2172 = EDGE_CURVE ( 'NONE', #2706, #2052, #1308, .T. ) ;
#2173 = PLANE ( 'NONE',  #2270 ) ;
#2174 = ORIENTED_EDGE ( 'NONE', *, *, #1576, .F. ) ;
#2175 = EDGE_CURVE ( 'NONE', #272, #1428, #3427, .T. ) ;
#2176 = CARTESIAN_POINT ( 'NONE',  ( 5.000000000000000000, -10.17500000000000071, 0.0000000000000000000 ) ) ;
#2177 =( NAMED_UNIT ( * ) SI_UNIT ( $, .STERADIAN. ) SOLID_ANGLE_UNIT ( ) );
#2178 = CARTESIAN_POINT ( 'NONE',  ( 5.299999999999999822, -4.825000000000000178, -3.000000000000000000 ) ) ;
#2179 = ORIENTED_EDGE ( 'NONE', *, *, #995, .T. ) ;
#2180 = CARTESIAN_POINT ( 'NONE',  ( 3.552713678800999489E-15, 7.000000000000000000, 6.500000000000000000 ) ) ;
#2181 = CARTESIAN_POINT ( 'NONE',  ( -1.600000000000000089, -10.17500000000000071, 2.000000000000000000 ) ) ;
#2182 = CARTESIAN_POINT ( 'NONE',  ( 0.2999999999999999889, -10.17500000000000071, 0.0000000000000000000 ) ) ;
#2183 = ORIENTED_EDGE ( 'NONE', *, *, #3150, .F. ) ;
#2184 = LINE ( 'NONE', #1260, #1295 ) ;
#2185 = CARTESIAN_POINT ( 'NONE',  ( -5.299999999999999822, -4.825000000000000178, -3.000000000000000000 ) ) ;
#2186 = DIRECTION ( 'NONE',  ( -2.220446049250000002E-16, -1.000000000000000000, 0.0000000000000000000 ) ) ;
#2187 = ORIENTED_EDGE ( 'NONE', *, *, #1035, .T. ) ;
#2188 = FACE_OUTER_BOUND ( 'NONE', #360, .T. ) ;
#2189 = EDGE_CURVE ( 'NONE', #1976, #819, #1884, .T. ) ;
#2190 = CARTESIAN_POINT ( 'NONE',  ( 5.000000000000000000, -11.25999999999999979, 11.70000000000000107 ) ) ;
#2191 = ORIENTED_EDGE ( 'NONE', *, *, #356, .F. ) ;
#2192 = EDGE_CURVE ( 'NONE', #321, #444, #104, .T. ) ;
#2193 = CARTESIAN_POINT ( 'NONE',  ( 0.0000000000000000000, -9.825000000000001066, 12.80000000000000071 ) ) ;
#2194 = AXIS2_PLACEMENT_3D ( 'NONE', #3552, #3877, #2344 ) ;
#2195 = EDGE_CURVE ( 'NONE', #2935, #758, #2844, .T. ) ;
#2196 = CARTESIAN_POINT ( 'NONE',  ( 4.700000000000000178, -5.174999999999999822, -3.000000000000000000 ) ) ;
#2197 = ORIENTED_EDGE ( 'NONE', *, *, #3703, .F. ) ;
#2198 = ORIENTED_EDGE ( 'NONE', *, *, #2438, .T. ) ;
#2199 = VECTOR ( 'NONE', #3358, 1000.000000000000000 ) ;
#2200 = DIRECTION ( 'NONE',  ( 2.220446049250000002E-16, 1.000000000000000000, 0.0000000000000000000 ) ) ;
#2201 = CARTESIAN_POINT ( 'NONE',  ( 2.799999999999999822, -9.825000000000001066, -3.000000000000000000 ) ) ;
#2202 = ORIENTED_EDGE ( 'NONE', *, *, #3648, .T. ) ;
#2203 = FACE_OUTER_BOUND ( 'NONE', #2050, .T. ) ;
#2204 = CARTESIAN_POINT ( 'NONE',  ( 0.0000000000000000000, -9.825000000000001066, 12.80000000000000071 ) ) ;
#2205 = ORIENTED_EDGE ( 'NONE', *, *, #1695, .F. ) ;
#2206 = CARTESIAN_POINT ( 'NONE',  ( -4.700000000000000178, -10.17500000000000071, -3.000000000000000000 ) ) ;
#2207 = VECTOR ( 'NONE', #2076, 1000.000000000000000 ) ;
#2208 = CIRCLE ( 'NONE', #1815, 12.50000000000000000 ) ;
#2209 = PLANE ( 'NONE',  #221 ) ;
#2210 = CARTESIAN_POINT ( 'NONE',  ( 4.700000000000000178, -4.825000000000000178, -1.301042606982999948E-15 ) ) ;
#2211 = ORIENTED_EDGE ( 'NONE', *, *, #194, .T. ) ;
#2212 = VECTOR ( 'NONE', #1477, 1000.000000000000000 ) ;
#2213 = EDGE_CURVE ( 'NONE', #3338, #2408, #2795, .T. ) ;
#2214 = CARTESIAN_POINT ( 'NONE',  ( 0.0000000000000000000, 0.0000000000000000000, 0.0000000000000000000 ) ) ;
#2215 = CARTESIAN_POINT ( 'NONE',  ( 3.700000000000000178, -9.825000000000001066, -8.881784197000999888E-16 ) ) ;
#2216 = CIRCLE ( 'NONE', #482, 3.000000000000000000 ) ;
#2217 = VERTEX_POINT ( 'NONE', #2518 ) ;
#2218 = EDGE_CURVE ( 'NONE', #317, #172, #1271, .T. ) ;
#2219 = VECTOR ( 'NONE', #3347, 1000.000000000000000 ) ;
#2220 = CARTESIAN_POINT ( 'NONE',  ( 5.009999999999999787, -3.700000000000000178, 11.70999999999999908 ) ) ;
#2221 = EDGE_CURVE ( 'NONE', #3125, #1587, #1644, .T. ) ;
#2222 = CARTESIAN_POINT ( 'NONE',  ( -2.200000000000000178, -5.174999999999999822, 4.884981308350999589E-15 ) ) ;
#2223 = LINE ( 'NONE', #2852, #2713 ) ;
#2224 = ORIENTED_EDGE ( 'NONE', *, *, #3546, .T. ) ;
#2225 = PLANE ( 'NONE',  #77 ) ;
#2226 = FACE_OUTER_BOUND ( 'NONE', #1019, .T. ) ;
#2227 = LINE ( 'NONE', #930, #3368 ) ;
#2228 = ORIENTED_EDGE ( 'NONE', *, *, #1787, .T. ) ;
#2229 = CARTESIAN_POINT ( 'NONE',  ( 0.5000000000000000000, 1.776356839399999804E-15, 0.5000000000000000000 ) ) ;
#2230 = FACE_BOUND ( 'NONE', #1981, .T. ) ;
#2231 = DIRECTION ( 'NONE',  ( -2.220446049250000002E-16, -1.000000000000000000, 0.0000000000000000000 ) ) ;
#2232 = VERTEX_POINT ( 'NONE', #2498 ) ;
#2233 = EDGE_LOOP ( 'NONE', ( #132, #493, #1921, #3631 ) ) ;
#2234 = VERTEX_POINT ( 'NONE', #3788 ) ;
#2235 = SURFACE_SIDE_STYLE ('',( #2829 ) ) ;
#2236 = LINE ( 'NONE', #2201, #3370 ) ;
#2237 = ADVANCED_FACE ( 'NONE', ( #1588 ), #2808, .F. ) ;
#2238 = ORIENTED_EDGE ( 'NONE', *, *, #1687, .T. ) ;
#2239 = LINE ( 'NONE', #1650, #788 ) ;
#2240 = ADVANCED_FACE ( 'NONE', ( #1287 ), #1344, .F. ) ;
#2241 = ORIENTED_EDGE ( 'NONE', *, *, #2776, .F. ) ;
#2242 = ORIENTED_EDGE ( 'NONE', *, *, #2326, .F. ) ;
#2243 = LINE ( 'NONE', #2206, #1544 ) ;
#2244 = CARTESIAN_POINT ( 'NONE',  ( 3.700000000000000178, -4.825000000000000178, -8.881784197000999888E-16 ) ) ;
#2245 = EDGE_LOOP ( 'NONE', ( #3652, #2547, #2863, #2874 ) ) ;
#2246 = APPLICATION_PROTOCOL_DEFINITION ( 'draft international standard', 'automotive_design', 1998, #405 ) ;
#2247 = CARTESIAN_POINT ( 'NONE',  ( 5.009999999999999787, -3.700000000000000178, 1.337016095274000005 ) ) ;
#2248 = ORIENTED_EDGE ( 'NONE', *, *, #1576, .T. ) ;
#2249 = ORIENTED_EDGE ( 'NONE', *, *, #61, .T. ) ;
#2250 = CARTESIAN_POINT ( 'NONE',  ( 2.799999999999999822, -4.825000000000000178, 2.000000000000000000 ) ) ;
#2251 = SURFACE_STYLE_USAGE ( .BOTH. , #2235 ) ;
#2252 = CARTESIAN_POINT ( 'NONE',  ( 1.776356839399999804E-15, 1.776356839399999804E-15, 12.80000000000000071 ) ) ;
#2253 = VECTOR ( 'NONE', #709, 1000.000000000000000 ) ;
#2254 = VERTEX_POINT ( 'NONE', #1044 ) ;
#2255 = FACE_OUTER_BOUND ( 'NONE', #2983, .T. ) ;
#2256 = ORIENTED_EDGE ( 'NONE', *, *, #2519, .T. ) ;
#2257 = ADVANCED_FACE ( 'NONE', ( #387 ), #1603, .F. ) ;
#2258 = DIRECTION ( 'NONE',  ( 2.220446049250000002E-16, 1.000000000000000000, 0.0000000000000000000 ) ) ;
#2259 = PRESENTATION_LAYER_ASSIGNMENT (  '', '', ( #2521 ) ) ;
#2260 = CARTESIAN_POINT ( 'NONE',  ( 1.600000000000000089, -10.17500000000000071, 0.3927400285159999838 ) ) ;
#2261 = VERTEX_POINT ( 'NONE', #1141 ) ;
#2262 = ORIENTED_EDGE ( 'NONE', *, *, #2798, .T. ) ;
#2263 = CIRCLE ( 'NONE', #532, 3.000000000000000000 ) ;
#2264 = EDGE_CURVE ( 'NONE', #504, #3457, #1099, .T. ) ;
#2265 = LINE ( 'NONE', #1654, #1503 ) ;
#2266 = EDGE_CURVE ( 'NONE', #2999, #976, #443, .T. ) ;
#2267 = DIRECTION ( 'NONE',  ( 0.0000000000000000000, 0.0000000000000000000, -1.000000000000000000 ) ) ;
#2268 = VERTEX_POINT ( 'NONE', #1404 ) ;
#2269 = CIRCLE ( 'NONE', #2327, 12.50999999999999979 ) ;
#2270 = AXIS2_PLACEMENT_3D ( 'NONE', #3072, #2790, #3090 ) ;
#2271 = CARTESIAN_POINT ( 'NONE',  ( -3.700000000000000178, -4.825000000000000178, 3.000000000000000000 ) ) ;
#2272 = ORIENTED_EDGE ( 'NONE', *, *, #969, .T. ) ;
#2273 = CARTESIAN_POINT ( 'NONE',  ( -5.299999999999999822, -9.825000000000001066, 0.2000000000000000111 ) ) ;
#2274 = DIRECTION ( 'NONE',  ( -2.220446049250000002E-16, -1.000000000000000000, 0.0000000000000000000 ) ) ;
#2275 = AXIS2_PLACEMENT_3D ( 'NONE', #562, #266, #218 ) ;
#2276 = DIRECTION ( 'NONE',  ( -2.220446049250000002E-16, -1.000000000000000000, 0.0000000000000000000 ) ) ;
#2277 = ORIENTED_EDGE ( 'NONE', *, *, #1621, .T. ) ;
#2278 = VECTOR ( 'NONE', #638, 1000.000000000000000 ) ;
#2279 =( LENGTH_UNIT ( ) NAMED_UNIT ( * ) SI_UNIT ( .MILLI., .METRE. ) );
#2280 = CIRCLE ( 'NONE', #3639, 12.50999999999999979 ) ;
#2281 = EDGE_LOOP ( 'NONE', ( #965, #712, #2145, #2421 ) ) ;
#2282 = EDGE_LOOP ( 'NONE', ( #2027, #2198, #764, #1121 ) ) ;
#2283 = DIRECTION ( 'NONE',  ( -1.000000000000000000, 2.220446049250000002E-16, 0.0000000000000000000 ) ) ;
#2284 = DIRECTION ( 'NONE',  ( -2.220446049250000002E-16, -1.000000000000000000, 0.0000000000000000000 ) ) ;
#2285 = DIRECTION ( 'NONE',  ( 1.000000000000000000, -2.220446049250000002E-16, -5.782411586589000679E-16 ) ) ;
#2286 = VERTEX_POINT ( 'NONE', #2880 ) ;
#2287 = PRESENTATION_STYLE_ASSIGNMENT (( #2936 ) ) ;
#2288 = EDGE_CURVE ( 'NONE', #191, #321, #162, .T. ) ;
#2289 = VERTEX_POINT ( 'NONE', #1388 ) ;
#2290 = CARTESIAN_POINT ( 'NONE',  ( 5.000000000000000000, 0.0000000000000000000, 11.70000000000000107 ) ) ;
#2291 = DIRECTION ( 'NONE',  ( 0.0000000000000000000, 0.0000000000000000000, -1.000000000000000000 ) ) ;
#2292 = CARTESIAN_POINT ( 'NONE',  ( -5.000000000000000000, 1.776356839399999804E-15, 11.70000000000000107 ) ) ;
#2293 = LINE ( 'NONE', #1744, #3816 ) ;
#2294 = ORIENTED_EDGE ( 'NONE', *, *, #1523, .F. ) ;
#2295 = LINE ( 'NONE', #2624, #462 ) ;
#2296 = PLANE ( 'NONE',  #1760 ) ;
#2297 = VERTEX_POINT ( 'NONE', #1445 ) ;
#2298 = EDGE_LOOP ( 'NONE', ( #701, #3953, #546, #2834 ) ) ;
#2299 = DIRECTION ( 'NONE',  ( 2.220446049250000002E-16, 1.000000000000000000, 0.0000000000000000000 ) ) ;
#2300 =( LENGTH_UNIT ( ) NAMED_UNIT ( * ) SI_UNIT ( .MILLI., .METRE. ) );
#2301 = DIRECTION ( 'NONE',  ( -1.000000000000000000, 2.220446049250000002E-16, 4.336808689942000480E-16 ) ) ;
#2302 = ORIENTED_EDGE ( 'NONE', *, *, #287, .F. ) ;
#2303 = EDGE_CURVE ( 'NONE', #3894, #583, #3200, .T. ) ;
#2304 = PLANE ( 'NONE',  #2003 ) ;
#2305 = ORIENTED_EDGE ( 'NONE', *, *, #2509, .T. ) ;
#2306 = LINE ( 'NONE', #3596, #342 ) ;
#2307 = EDGE_CURVE ( 'NONE', #1835, #69, #1736, .T. ) ;
#2308 = CARTESIAN_POINT ( 'NONE',  ( 1.600000000000000089, -5.174999999999999822, -4.440892098500999885E-16 ) ) ;
#2309 = LINE ( 'NONE', #234, #1172 ) ;
#2310 = ADVANCED_FACE ( 'NONE', ( #3559 ), #2304, .F. ) ;
#2311 = VERTEX_POINT ( 'NONE', #2957 ) ;
#2312 = CARTESIAN_POINT ( 'NONE',  ( -0.2999999999999999889, -10.17500000000000071, -3.000000000000000000 ) ) ;
#2313 = CARTESIAN_POINT ( 'NONE',  ( 0.0000000000000000000, -11.25999999999999979, 3.500000000000000000 ) ) ;
#2314 = FACE_OUTER_BOUND ( 'NONE', #3773, .T. ) ;
#2315 = VECTOR ( 'NONE', #3574, 1000.000000000000000 ) ;
#2316 = ORIENTED_EDGE ( 'NONE', *, *, #3871, .T. ) ;
#2317 = UNCERTAINTY_MEASURE_WITH_UNIT (LENGTH_MEASURE( 1.000000000000000082E-05 ), #771, 'distance_accuracy_value', 'NONE');
#2318 = DIRECTION ( 'NONE',  ( -1.000000000000000000, 2.220446049250000002E-16, 2.960594732334000186E-15 ) ) ;
#2319 = VECTOR ( 'NONE', #362, 1000.000000000000000 ) ;
#2320 = CARTESIAN_POINT ( 'NONE',  ( 0.5000000000000000000, -9.825000000000001066, 4.440892098500999885E-16 ) ) ;
#2321 = DIRECTION ( 'NONE',  ( -5.782411586589000679E-16, 0.0000000000000000000, -1.000000000000000000 ) ) ;
#2322 = ORIENTED_EDGE ( 'NONE', *, *, #255, .F. ) ;
#2323 = VECTOR ( 'NONE', #327, 1000.000000000000000 ) ;
#2324 = DIRECTION ( 'NONE',  ( -4.244852976114999962E-16, 9.425467020462999493E-32, -1.000000000000000000 ) ) ;
#2325 = ORIENTED_EDGE ( 'NONE', *, *, #1887, .F. ) ;
#2326 = EDGE_CURVE ( 'NONE', #1530, #1288, #2269, .T. ) ;
#2327 = AXIS2_PLACEMENT_3D ( 'NONE', #3277, #3848, #2595 ) ;
#2328 = ORIENTED_EDGE ( 'NONE', *, *, #3447, .F. ) ;
#2329 = DIRECTION ( 'NONE',  ( 0.0000000000000000000, 0.0000000000000000000, -1.000000000000000000 ) ) ;
#2330 = CARTESIAN_POINT ( 'NONE',  ( 0.5000000000000000000, -10.17500000000000071, 0.2999960000010000183 ) ) ;
#2331 = CARTESIAN_POINT ( 'NONE',  ( 0.0000000000000000000, -10.17500000000000071, 12.80000000000000071 ) ) ;
#2332 = AXIS2_PLACEMENT_3D ( 'NONE', #3322, #2982, #2382 ) ;
#2333 = ADVANCED_FACE ( 'NONE', ( #3829 ), #1677, .T. ) ;
#2334 = EDGE_LOOP ( 'NONE', ( #3032, #1903, #343, #1601 ) ) ;
#2335 = CARTESIAN_POINT ( 'NONE',  ( 5.000000000000000000, -9.825000000000001066, 0.0000000000000000000 ) ) ;
#2336 = ADVANCED_FACE ( 'NONE', ( #2921 ), #809, .T. ) ;
#2337 = VECTOR ( 'NONE', #760, 1000.000000000000000 ) ;
#2338 = CARTESIAN_POINT ( 'NONE',  ( 0.2999999999999999889, -9.825000000000001066, 0.0000000000000000000 ) ) ;
#2339 = CARTESIAN_POINT ( 'NONE',  ( 0.5000000000000000000, 0.8000000000000000444, 1.000000000000000000 ) ) ;
#2340 = EDGE_LOOP ( 'NONE', ( #1839, #1070, #2202, #385, #3611, #3923, #2947, #795 ) ) ;
#2341 = VECTOR ( 'NONE', #2813, 1000.000000000000000 ) ;
#2342 = EDGE_CURVE ( 'NONE', #911, #256, #3645, .T. ) ;
#2343 = ORIENTED_EDGE ( 'NONE', *, *, #1419, .F. ) ;
#2344 = DIRECTION ( 'NONE',  ( 1.000000000000000000, -2.220446049250000002E-16, 0.0000000000000000000 ) ) ;
#2345 = VECTOR ( 'NONE', #1485, 1000.000000000000000 ) ;
#2346 = CARTESIAN_POINT ( 'NONE',  ( -2.799999999999999822, -10.17500000000000071, -3.000000000000000000 ) ) ;
#2347 = CARTESIAN_POINT ( 'NONE',  ( -1.600000000000000089, -9.825000000000001066, 2.000000000000000000 ) ) ;
#2348 = ORIENTED_EDGE ( 'NONE', *, *, #3354, .F. ) ;
#2349 = DIRECTION ( 'NONE',  ( 0.0000000000000000000, 0.0000000000000000000, 1.000000000000000000 ) ) ;
#2350 = ORIENTED_EDGE ( 'NONE', *, *, #1860, .F. ) ;
#2351 = ORIENTED_EDGE ( 'NONE', *, *, #2994, .T. ) ;
#2352 = DIRECTION ( 'NONE',  ( 2.220446049250000002E-16, 1.000000000000000000, 0.0000000000000000000 ) ) ;
#2353 = DIRECTION ( 'NONE',  ( 2.220446049250000002E-16, 1.000000000000000000, 0.0000000000000000000 ) ) ;
#2354 = EDGE_LOOP ( 'NONE', ( #1865, #719, #263, #468, #1657, #1215 ) ) ;
#2355 = LINE ( 'NONE', #3267, #3435 ) ;
#2356 = DIRECTION ( 'NONE',  ( 1.000000000000000000, -2.220446049250000002E-16, 0.0000000000000000000 ) ) ;
#2357 = EDGE_CURVE ( 'NONE', #1746, #2925, #2078, .T. ) ;
#2358 = ADVANCED_FACE ( 'NONE', ( #909 ), #2688, .T. ) ;
#2359 = ORIENTED_EDGE ( 'NONE', *, *, #632, .F. ) ;
#2360 = EDGE_LOOP ( 'NONE', ( #3327, #2712, #3164 ) ) ;
#2361 = PLANE ( 'NONE',  #1507 ) ;
#2362 = EDGE_CURVE ( 'NONE', #2860, #3568, #411, .T. ) ;
#2363 = DIRECTION ( 'NONE',  ( -1.000000000000000000, 2.220446049250000002E-16, 0.0000000000000000000 ) ) ;
#2364 = LINE ( 'NONE', #2933, #1438 ) ;
#2365 = EDGE_LOOP ( 'NONE', ( #1435, #3280, #1448, #811 ) ) ;
#2366 = DIRECTION ( 'NONE',  ( 1.000000000000000000, -2.220446049250000002E-16, -8.673617379883999973E-16 ) ) ;
#2367 = DIRECTION ( 'NONE',  ( -2.220446049250000002E-16, -1.000000000000000000, 0.0000000000000000000 ) ) ;
#2368 = EDGE_LOOP ( 'NONE', ( #1484, #1764, #1186, #2735 ) ) ;
#2369 = CARTESIAN_POINT ( 'NONE',  ( 2.799999999999999822, -9.825000000000001066, 0.6073751800519999744 ) ) ;
#2370 = FACE_OUTER_BOUND ( 'NONE', #3681, .T. ) ;
#2371 = ORIENTED_EDGE ( 'NONE', *, *, #318, .F. ) ;
#2372 = DIRECTION ( 'NONE',  ( -2.023844055306000157E-15, 4.493836536903999907E-31, -1.000000000000000000 ) ) ;
#2373 = ORIENTED_EDGE ( 'NONE', *, *, #3023, .F. ) ;
#2374 = LINE ( 'NONE', #2121, #2968 ) ;
#2375 = LINE ( 'NONE', #471, #808 ) ;
#2376 = ORIENTED_EDGE ( 'NONE', *, *, #1331, .F. ) ;
#2377 = EDGE_LOOP ( 'NONE', ( #1134, #3018, #2920, #29 ) ) ;
#2378 = APPLICATION_CONTEXT ( 'automotive_design' ) ;
#2379 = CARTESIAN_POINT ( 'NONE',  ( 5.009999999999999787, -3.700000000000000178, 11.70999999999999908 ) ) ;
#2380 = VECTOR ( 'NONE', #2931, 1000.000000000000000 ) ;
#2381 = FACE_OUTER_BOUND ( 'NONE', #1560, .T. ) ;
#2382 = DIRECTION ( 'NONE',  ( 0.0000000000000000000, 0.0000000000000000000, -1.000000000000000000 ) ) ;
#2383 = VECTOR ( 'NONE', #884, 1000.000000000000000 ) ;
#2384 = ORIENTED_EDGE ( 'NONE', *, *, #452, .F. ) ;
#2385 = EDGE_CURVE ( 'NONE', #2902, #3700, #3690, .T. ) ;
#2386 = DIRECTION ( 'NONE',  ( -2.220446049250000002E-16, -1.000000000000000000, 0.0000000000000000000 ) ) ;
#2387 = EDGE_CURVE ( 'NONE', #2016, #636, #1221, .T. ) ;
#2388 = DIRECTION ( 'NONE',  ( -2.220446049250000002E-16, -1.000000000000000000, 0.0000000000000000000 ) ) ;
#2389 = ORIENTED_EDGE ( 'NONE', *, *, #3520, .F. ) ;
#2390 = ORIENTED_EDGE ( 'NONE', *, *, #951, .T. ) ;
#2391 = VECTOR ( 'NONE', #613, 1000.000000000000000 ) ;
#2392 = LINE ( 'NONE', #3390, #418 ) ;
#2393 = PLANE ( 'NONE',  #2731 ) ;
#2394 = DIRECTION ( 'NONE',  ( -2.220446049250000002E-16, -1.000000000000000000, 0.0000000000000000000 ) ) ;
#2395 = VECTOR ( 'NONE', #2672, 1000.000000000000000 ) ;
#2396 = EDGE_LOOP ( 'NONE', ( #1739, #1916, #3837, #1297 ) ) ;
#2397 = PLANE ( 'NONE',  #1370 ) ;
#2398 = ORIENTED_EDGE ( 'NONE', *, *, #1613, .T. ) ;
#2399 = FACE_OUTER_BOUND ( 'NONE', #2644, .T. ) ;
#2400 = LINE ( 'NONE', #1851, #3382 ) ;
#2401 = VECTOR ( 'NONE', #3569, 1000.000000000000000 ) ;
#2402 = VECTOR ( 'NONE', #1245, 1000.000000000000000 ) ;
#2403 = ORIENTED_EDGE ( 'NONE', *, *, #915, .T. ) ;
#2404 = ORIENTED_EDGE ( 'NONE', *, *, #473, .F. ) ;
#2405 = AXIS2_PLACEMENT_3D ( 'NONE', #1673, #1039, #422 ) ;
#2406 = LINE ( 'NONE', #2427, #3422 ) ;
#2407 = VECTOR ( 'NONE', #130, 1000.000000000000000 ) ;
#2408 = VERTEX_POINT ( 'NONE', #2064 ) ;
#2409 = CARTESIAN_POINT ( 'NONE',  ( 5.000000000000000000, -9.825000000000001066, 0.0000000000000000000 ) ) ;
#2410 = VECTOR ( 'NONE', #2750, 1000.000000000000000 ) ;
#2411 = EDGE_CURVE ( 'NONE', #1356, #187, #2110, .T. ) ;
#2412 = DIRECTION ( 'NONE',  ( 2.220446049250000002E-16, 1.000000000000000000, 0.0000000000000000000 ) ) ;
#2413 = AXIS2_PLACEMENT_3D ( 'NONE', #1367, #2940, #2600 ) ;
#2414 = VERTEX_POINT ( 'NONE', #3366 ) ;
#2415 = ADVANCED_FACE ( 'NONE', ( #3925 ), #3683, .F. ) ;
#2416 = ORIENTED_EDGE ( 'NONE', *, *, #1502, .T. ) ;
#2417 = DIRECTION ( 'NONE',  ( -1.000000000000000000, 2.220446049250000002E-16, 0.0000000000000000000 ) ) ;
#2418 = CARTESIAN_POINT ( 'NONE',  ( 4.899999999999999467, -3.700000000000000178, 1.289565603332000210 ) ) ;
#2419 = EDGE_CURVE ( 'NONE', #1173, #3917, #799, .T. ) ;
#2420 = FILL_AREA_STYLE_COLOUR ( '', #467 ) ;
#2421 = ORIENTED_EDGE ( 'NONE', *, *, #700, .F. ) ;
#2422 = DIRECTION ( 'NONE',  ( 0.0000000000000000000, 0.0000000000000000000, 1.000000000000000000 ) ) ;
#2423 = ORIENTED_EDGE ( 'NONE', *, *, #1714, .T. ) ;
#2424 = LINE ( 'NONE', #1256, #3318 ) ;
#2425 = VERTEX_POINT ( 'NONE', #1184 ) ;
#2426 = ORIENTED_EDGE ( 'NONE', *, *, #753, .F. ) ;
#2427 = CARTESIAN_POINT ( 'NONE',  ( 2.200000000000000178, -4.825000000000000178, 0.0000000000000000000 ) ) ;
#2428 = SURFACE_SIDE_STYLE ('',( #957 ) ) ;
#2429 = PLANE ( 'NONE',  #2657 ) ;
#2430 = CARTESIAN_POINT ( 'NONE',  ( -1.600000000000000089, -4.825000000000000178, 0.3927400285159999838 ) ) ;
#2431 = FACE_OUTER_BOUND ( 'NONE', #3060, .T. ) ;
#2432 = VERTEX_POINT ( 'NONE', #1801 ) ;
#2433 = ADVANCED_FACE ( 'NONE', ( #293 ), #2156, .F. ) ;
#2434 = LINE ( 'NONE', #3649, #3243 ) ;
#2435 = DIRECTION ( 'NONE',  ( -2.220446049250000002E-16, -1.000000000000000000, 0.0000000000000000000 ) ) ;
#2436 = CARTESIAN_POINT ( 'NONE',  ( 0.0000000000000000000, -11.70000000000000107, 0.2999999999999999889 ) ) ;
#2437 = VERTEX_POINT ( 'NONE', #1504 ) ;
#2438 = EDGE_CURVE ( 'NONE', #178, #2860, #1539, .T. ) ;
#2439 = ORIENTED_EDGE ( 'NONE', *, *, #1076, .T. ) ;
#2440 = CARTESIAN_POINT ( 'NONE',  ( 5.000000000000000000, -20.00000000000000000, 1.343560762609999903 ) ) ;
#2441 = ADVANCED_FACE ( 'NONE', ( #2431 ), #3071, .F. ) ;
#2442 = CARTESIAN_POINT ( 'NONE',  ( -5.299999999999999822, -10.17500000000000071, -3.000000000000000000 ) ) ;
#2443 = CARTESIAN_POINT ( 'NONE',  ( -0.5000000000000000000, 0.8000000000000000444, 1.000000000000000000 ) ) ;
#2444 = UNCERTAINTY_MEASURE_WITH_UNIT (LENGTH_MEASURE( 1.000000000000000082E-05 ), #265, 'distance_accuracy_value', 'NONE');
#2445 = ORIENTED_EDGE ( 'NONE', *, *, #378, .F. ) ;
#2446 = CARTESIAN_POINT ( 'NONE',  ( -5.299999999999999822, -9.825000000000001066, 0.2000000000000000111 ) ) ;
#2447 = LINE ( 'NONE', #3680, #2458 ) ;
#2448 = DIRECTION ( 'NONE',  ( -2.220446049250000002E-16, -1.000000000000000000, 0.0000000000000000000 ) ) ;
#2449 = VECTOR ( 'NONE', #445, 1000.000000000000000 ) ;
#2450 = CARTESIAN_POINT ( 'NONE',  ( -1.600000000000000089, -9.825000000000001066, 0.3927400285159999838 ) ) ;
#2451 = EDGE_LOOP ( 'NONE', ( #3079, #2123, #1146, #1462 ) ) ;
#2452 = AXIS2_PLACEMENT_3D ( 'NONE', #1894, #2466, #3127 ) ;
#2453 = LINE ( 'NONE', #3346, #1885 ) ;
#2454 = LINE ( 'NONE', #3688, #2219 ) ;
#2455 = DIRECTION ( 'NONE',  ( -1.000000000000000000, 2.220446049250000002E-16, 4.336808689942000480E-16 ) ) ;
#2456 = EDGE_CURVE ( 'NONE', #1466, #85, #3171, .T. ) ;
#2457 = EDGE_LOOP ( 'NONE', ( #3728, #864, #3629, #2891 ) ) ;
#2458 = VECTOR ( 'NONE', #2767, 1000.000000000000000 ) ;
#2459 = FACE_OUTER_BOUND ( 'NONE', #1932, .T. ) ;
#2460 = LINE ( 'NONE', #3674, #3891 ) ;
#2461 = CARTESIAN_POINT ( 'NONE',  ( -5.000000000000000000, -3.700000000000000178, 11.70000000000000107 ) ) ;
#2462 = AXIS2_PLACEMENT_3D ( 'NONE', #3309, #507, #1128 ) ;
#2463 = ADVANCED_FACE ( 'NONE', ( #3300 ), #2985, .F. ) ;
#2464 = EDGE_LOOP ( 'NONE', ( #2390, #3806, #2938, #1547 ) ) ;
#2465 = ADVANCED_FACE ( 'NONE', ( #710 ), #986, .F. ) ;
#2466 = DIRECTION ( 'NONE',  ( 2.220446049250000002E-16, 1.000000000000000000, 0.0000000000000000000 ) ) ;
#2467 = VECTOR ( 'NONE', #2539, 1000.000000000000000 ) ;
#2468 = DIRECTION ( 'NONE',  ( 0.0000000000000000000, 0.0000000000000000000, 1.000000000000000000 ) ) ;
#2469 = ADVANCED_FACE ( 'NONE', ( #2512 ), #1585, .T. ) ;
#2470 = CARTESIAN_POINT ( 'NONE',  ( -3.700000000000000178, -10.17500000000000071, 7.327471962526000035E-15 ) ) ;
#2471 = VECTOR ( 'NONE', #148, 1000.000000000000000 ) ;
#2472 = VECTOR ( 'NONE', #2952, 1000.000000000000000 ) ;
#2473 = ORIENTED_EDGE ( 'NONE', *, *, #3169, .T. ) ;
#2474 = DIRECTION ( 'NONE',  ( -0.5000000000001899592, 0.0000000000000000000, 0.8660254037843289066 ) ) ;
#2475 = AXIS2_PLACEMENT_3D ( 'NONE', #1712, #2630, #1094 ) ;
#2476 = DIRECTION ( 'NONE',  ( 2.220446049250000002E-16, 1.000000000000000000, 0.0000000000000000000 ) ) ;
#2477 = LINE ( 'NONE', #1540, #3691 ) ;
#2478 = ORIENTED_EDGE ( 'NONE', *, *, #3472, .T. ) ;
#2479 = DIRECTION ( 'NONE',  ( -8.673617379883999973E-16, 0.0000000000000000000, -1.000000000000000000 ) ) ;
#2480 = AXIS2_PLACEMENT_3D ( 'NONE', #677, #53, #390 ) ;
#2481 = DIRECTION ( 'NONE',  ( -1.734723475977000168E-15, 3.851859888774000082E-31, -1.000000000000000000 ) ) ;
#2482 = EDGE_LOOP ( 'NONE', ( #282, #1329, #2695, #91 ) ) ;
#2483 = DIRECTION ( 'NONE',  ( 0.0000000000000000000, 0.0000000000000000000, -1.000000000000000000 ) ) ;
#2484 = DIRECTION ( 'NONE',  ( -1.000000000000000000, 2.220446049250000002E-16, 1.776356839400000001E-15 ) ) ;
#2485 = FACE_OUTER_BOUND ( 'NONE', #2354, .T. ) ;
#2486 = VERTEX_POINT ( 'NONE', #691 ) ;
#2487 = FACE_OUTER_BOUND ( 'NONE', #1335, .T. ) ;
#2488 = ORIENTED_EDGE ( 'NONE', *, *, #3169, .F. ) ;
#2489 = ADVANCED_FACE ( 'NONE', ( #646 ), #2209, .F. ) ;
#2490 = CARTESIAN_POINT ( 'NONE',  ( 2.799999999999999822, -4.825000000000000178, -3.000000000000000000 ) ) ;
#2491 = ORIENTED_EDGE ( 'NONE', *, *, #36, .T. ) ;
#2492 = PLANE ( 'NONE',  #917 ) ;
#2493 = ADVANCED_FACE ( 'NONE', ( #1267, #3134, #2554, #1299, #2819, #1006, #3785, #3726, #2230, #3152, #400 ), #972, .T. ) ;
#2494 = DIRECTION ( 'NONE',  ( 2.220446049250000002E-16, 1.000000000000000000, 0.0000000000000000000 ) ) ;
#2495 = EDGE_LOOP ( 'NONE', ( #3119, #3739, #1707, #1338 ) ) ;
#2496 = DIRECTION ( 'NONE',  ( -2.220446049250000002E-16, -1.000000000000000000, 0.0000000000000000000 ) ) ;
#2497 = FILL_AREA_STYLE ('',( #3746 ) ) ;
#2498 = CARTESIAN_POINT ( 'NONE',  ( 1.600000000000000089, -5.174999999999999822, 0.3927400285159999838 ) ) ;
#2499 = ORIENTED_EDGE ( 'NONE', *, *, #1307, .F. ) ;
#2500 = VERTEX_POINT ( 'NONE', #1177 ) ;
#2501 = CARTESIAN_POINT ( 'NONE',  ( 5.009999999999999787, -11.25999999999999979, 3.500000000000000000 ) ) ;
#2502 = LINE ( 'NONE', #1289, #46 ) ;
#2503 = DIRECTION ( 'NONE',  ( 0.0000000000000000000, 0.0000000000000000000, -1.000000000000000000 ) ) ;
#2504 = ORIENTED_EDGE ( 'NONE', *, *, #1132, .T. ) ;
#2505 = FACE_OUTER_BOUND ( 'NONE', #2368, .T. ) ;
#2506 = DIRECTION ( 'NONE',  ( 1.000000000000000000, -2.220446049250000002E-16, 0.0000000000000000000 ) ) ;
#2507 = CARTESIAN_POINT ( 'NONE',  ( 5.009999999999999787, -3.700000000000000178, 1.337016095274000005 ) ) ;
#2508 = DIRECTION ( 'NONE',  ( 0.0000000000000000000, 0.0000000000000000000, -1.000000000000000000 ) ) ;
#2509 = EDGE_CURVE ( 'NONE', #2052, #3286, #1369, .T. ) ;
#2510 = ORIENTED_EDGE ( 'NONE', *, *, #2616, .F. ) ;
#2511 = DIRECTION ( 'NONE',  ( -1.000000000000000000, 2.220446049250000002E-16, 2.960594732334000186E-15 ) ) ;
#2512 = FACE_OUTER_BOUND ( 'NONE', #3191, .T. ) ;
#2513 = DIRECTION ( 'NONE',  ( 0.0000000000000000000, 0.0000000000000000000, 1.000000000000000000 ) ) ;
#2514 = EDGE_CURVE ( 'NONE', #911, #1886, #3661, .T. ) ;
#2515 = ORIENTED_EDGE ( 'NONE', *, *, #3252, .F. ) ;
#2516 = EDGE_CURVE ( 'NONE', #1345, #1036, #2749, .T. ) ;
#2517 = VECTOR ( 'NONE', #2569, 1000.000000000000000 ) ;
#2518 = CARTESIAN_POINT ( 'NONE',  ( -5.000000000000000000, -11.25999999999999979, 1.343560762609999903 ) ) ;
#2519 = EDGE_CURVE ( 'NONE', #178, #3635, #2725, .T. ) ;
#2520 = ORIENTED_EDGE ( 'NONE', *, *, #3074, .T. ) ;
#2521 = STYLED_ITEM ( 'NONE', ( #436 ), #773 ) ;
#2522 = DIRECTION ( 'NONE',  ( 1.000000000000000000, -2.220446049250000002E-16, 0.0000000000000000000 ) ) ;
#2523 = ORIENTED_EDGE ( 'NONE', *, *, #452, .T. ) ;
#2524 = PLANE ( 'NONE',  #2452 ) ;
#2525 = DIRECTION ( 'NONE',  ( 2.220446049250000002E-16, 1.000000000000000000, 0.0000000000000000000 ) ) ;
#2526 = CARTESIAN_POINT ( 'NONE',  ( 4.899999999999999467, -5.174999999999999822, 1.289565603332000210 ) ) ;
#2527 = AXIS2_PLACEMENT_3D ( 'NONE', #1167, #2394, #3 ) ;
#2528 = LINE ( 'NONE', #43, #2649 ) ;
#2529 = ORIENTED_EDGE ( 'NONE', *, *, #1548, .T. ) ;
#2530 = VECTOR ( 'NONE', #2324, 1000.000000000000000 ) ;
#2531 = CARTESIAN_POINT ( 'NONE',  ( -2.200000000000000178, -4.825000000000000178, -3.000000000000000000 ) ) ;
#2532 = VECTOR ( 'NONE', #1809, 1000.000000000000000 ) ;
#2533 = AXIS2_PLACEMENT_3D ( 'NONE', #347, #3721, #1818 ) ;
#2534 = DIRECTION ( 'NONE',  ( 1.000000000000000000, 0.0000000000000000000, -2.960594732334000186E-15 ) ) ;
#2535 = ORIENTED_EDGE ( 'NONE', *, *, #1710, .T. ) ;
#2536 = AXIS2_PLACEMENT_3D ( 'NONE', #478, #3613, #193 ) ;
#2537 = ADVANCED_FACE ( 'NONE', ( #3359 ), #1816, .F. ) ;
#2538 =( LENGTH_UNIT ( ) NAMED_UNIT ( * ) SI_UNIT ( .MILLI., .METRE. ) );
#2539 = DIRECTION ( 'NONE',  ( 5.782411586589000679E-16, -1.283953296257999954E-31, 1.000000000000000000 ) ) ;
#2540 = EDGE_CURVE ( 'NONE', #2105, #2268, #1337, .T. ) ;
#2541 = VECTOR ( 'NONE', #618, 1000.000000000000000 ) ;
#2542 = LINE ( 'NONE', #2290, #657 ) ;
#2543 = COLOUR_RGB ( '',0.7921568627450980005, 0.8196078431372548767, 0.9333333333333333481 ) ;
#2544 = ADVANCED_FACE ( 'NONE', ( #1320 ), #2549, .F. ) ;
#2545 = CARTESIAN_POINT ( 'NONE',  ( -1.600000000000000089, -4.825000000000000178, 3.035766082958999841E-15 ) ) ;
#2546 = FACE_OUTER_BOUND ( 'NONE', #1966, .T. ) ;
#2547 = ORIENTED_EDGE ( 'NONE', *, *, #521, .F. ) ;
#2548 = CARTESIAN_POINT ( 'NONE',  ( 1.776356839399999804E-15, -3.700000000000000178, 12.80000000000000071 ) ) ;
#2549 = PLANE ( 'NONE',  #32 ) ;
#2550 = PLANE ( 'NONE',  #1572 ) ;
#2551 = ORIENTED_EDGE ( 'NONE', *, *, #2307, .T. ) ;
#2552 = EDGE_LOOP ( 'NONE', ( #3344, #1779, #3207, #1133 ) ) ;
#2553 = CARTESIAN_POINT ( 'NONE',  ( -0.2999999999999999889, -5.174999999999999822, 8.673617379883999973E-16 ) ) ;
#2554 = FACE_BOUND ( 'NONE', #2298, .T. ) ;
#2555 = DIRECTION ( 'NONE',  ( -1.000000000000000000, 2.220446049250000002E-16, 0.0000000000000000000 ) ) ;
#2556 = EDGE_LOOP ( 'NONE', ( #1125, #2618, #1596, #214 ) ) ;
#2557 = CARTESIAN_POINT ( 'NONE',  ( 1.600000000000000089, -3.700000000000000178, 0.3927400285159999838 ) ) ;
#2558 = EDGE_CURVE ( 'NONE', #1210, #3550, #1352, .T. ) ;
#2559 = CARTESIAN_POINT ( 'NONE',  ( -6.500000000000000000, 9.000000000000000000, 7.000000000000000000 ) ) ;
#2560 = DIRECTION ( 'NONE',  ( -1.000000000000000000, 2.220446049249999755E-16, 0.0000000000000000000 ) ) ;
#2561 = LINE ( 'NONE', #738, #3769 ) ;
#2562 = EDGE_CURVE ( 'NONE', #438, #2254, #3417, .T. ) ;
#2563 = VERTEX_POINT ( 'NONE', #1581 ) ;
#2564 = FACE_OUTER_BOUND ( 'NONE', #2993, .T. ) ;
#2565 = EDGE_CURVE ( 'NONE', #2046, #3109, #1294, .T. ) ;
#2566 = CARTESIAN_POINT ( 'NONE',  ( -4.700000000000000178, -9.825000000000001066, 9.103828801925999642E-15 ) ) ;
#2567 = EDGE_CURVE ( 'NONE', #1395, #1859, #704, .T. ) ;
#2568 = EDGE_LOOP ( 'NONE', ( #2473, #500, #3817, #1697 ) ) ;
#2569 = DIRECTION ( 'NONE',  ( 4.336808689942000480E-16, -9.629649721935999724E-32, 1.000000000000000000 ) ) ;
#2570 = CARTESIAN_POINT ( 'NONE',  ( -4.899999999999999467, -9.825000000000001066, 0.8928203230279999625 ) ) ;
#2571 = CARTESIAN_POINT ( 'NONE',  ( -5.009999999999999787, -11.25999999999999979, 11.70999999999999908 ) ) ;
#2572 = EDGE_LOOP ( 'NONE', ( #75, #1031, #1826, #3393 ) ) ;
#2573 = CARTESIAN_POINT ( 'NONE',  ( -2.799999999999999822, -4.825000000000000178, -3.000000000000000000 ) ) ;
#2574 = VERTEX_POINT ( 'NONE', #376 ) ;
#2575 = VECTOR ( 'NONE', #1182, 1000.000000000000000 ) ;
#2576 = CARTESIAN_POINT ( 'NONE',  ( -0.2999999999999999889, -10.17500000000000071, 8.881784197000999888E-16 ) ) ;
#2577 = FACE_OUTER_BOUND ( 'NONE', #3492, .T. ) ;
#2578 = CYLINDRICAL_SURFACE ( 'NONE', #2780, 12.50000000000000000 ) ;
#2579 = VECTOR ( 'NONE', #3547, 1000.000000000000000 ) ;
#2580 = VERTEX_POINT ( 'NONE', #1912 ) ;
#2581 = LINE ( 'NONE', #3794, #1734 ) ;
#2582 = ADVANCED_FACE ( 'NONE', ( #1594 ), #71, .T. ) ;
#2583 = ADVANCED_FACE ( 'NONE', ( #3761 ), #1001, .F. ) ;
#2584 = EDGE_LOOP ( 'NONE', ( #2024, #1733, #829, #1691 ) ) ;
#2585 = VERTEX_POINT ( 'NONE', #1974 ) ;
#2586 = FACE_OUTER_BOUND ( 'NONE', #1533, .T. ) ;
#2587 = AXIS2_PLACEMENT_3D ( 'NONE', #1606, #3190, #3162 ) ;
#2588 = DIRECTION ( 'NONE',  ( -2.220446049250000002E-16, -1.000000000000000000, 0.0000000000000000000 ) ) ;
#2589 = EDGE_CURVE ( 'NONE', #1170, #328, #3209, .T. ) ;
#2590 = CARTESIAN_POINT ( 'NONE',  ( -2.200000000000000178, -10.17500000000000071, 4.884981308350999589E-15 ) ) ;
#2591 = VECTOR ( 'NONE', #1943, 1000.000000000000000 ) ;
#2592 = ORIENTED_EDGE ( 'NONE', *, *, #129, .F. ) ;
#2593 = VECTOR ( 'NONE', #827, 1000.000000000000000 ) ;
#2594 = VECTOR ( 'NONE', #2660, 1000.000000000000000 ) ;
#2595 = DIRECTION ( 'NONE',  ( 0.0000000000000000000, 0.0000000000000000000, -1.000000000000000000 ) ) ;
#2596 = VECTOR ( 'NONE', #3694, 1000.000000000000000 ) ;
#2597 = CARTESIAN_POINT ( 'NONE',  ( -5.000000000000000000, -20.00000000000000000, 1.343560762609999903 ) ) ;
#2598 = ORIENTED_EDGE ( 'NONE', *, *, #1187, .T. ) ;
#2599 = CARTESIAN_POINT ( 'NONE',  ( 0.0000000000000000000, -11.25999999999999979, 12.80000000000000071 ) ) ;
#2600 = DIRECTION ( 'NONE',  ( 1.000000000000000000, -2.220446049250000002E-16, 0.0000000000000000000 ) ) ;
#2601 = CIRCLE ( 'NONE', #3180, 12.50999999999999979 ) ;
#2602 = DIRECTION ( 'NONE',  ( -2.220446049250000002E-16, -1.000000000000000000, 0.0000000000000000000 ) ) ;
#2603 = ORIENTED_EDGE ( 'NONE', *, *, #3224, .T. ) ;
#2604 = VECTOR ( 'NONE', #1090, 1000.000000000000000 ) ;
#2605 = LINE ( 'NONE', #3838, #2772 ) ;
#2606 = LINE ( 'NONE', #1393, #3105 ) ;
#2607 = DIRECTION ( 'NONE',  ( 2.220446049250000002E-16, 1.000000000000000000, 0.0000000000000000000 ) ) ;
#2608 = AXIS2_PLACEMENT_3D ( 'NONE', #1829, #1545, #892 ) ;
#2609 = EDGE_LOOP ( 'NONE', ( #820, #1989, #2241, #3578, #208, #1157, #3561, #2535, #278, #3262 ) ) ;
#2610 = ORIENTED_EDGE ( 'NONE', *, *, #105, .T. ) ;
#2611 = EDGE_CURVE ( 'NONE', #1587, #1210, #2355, .T. ) ;
#2612 = CARTESIAN_POINT ( 'NONE',  ( 2.799999999999999822, -5.174999999999999822, -3.000000000000000000 ) ) ;
#2613 = DIRECTION ( 'NONE',  ( 1.000000000000000000, -2.220446049250000002E-16, 0.0000000000000000000 ) ) ;
#2614 = DIRECTION ( 'NONE',  ( -1.000000000000000000, 2.220446049250000002E-16, 1.734723475977000168E-15 ) ) ;
#2615 = ORIENTED_EDGE ( 'NONE', *, *, #1381, .F. ) ;
#2616 = EDGE_CURVE ( 'NONE', #524, #1993, #3514, .T. ) ;
#2617 = EDGE_CURVE ( 'NONE', #1589, #2026, #224, .T. ) ;
#2618 = ORIENTED_EDGE ( 'NONE', *, *, #62, .T. ) ;
#2619 = DIRECTION ( 'NONE',  ( 0.0000000000000000000, 0.0000000000000000000, 1.000000000000000000 ) ) ;
#2620 = DIRECTION ( 'NONE',  ( -4.065758146821000066E-16, 9.027796614314999467E-32, -1.000000000000000000 ) ) ;
#2621 = DIRECTION ( 'NONE',  ( 2.168404344971000191E-15, -4.814824860968000300E-31, 1.000000000000000000 ) ) ;
#2622 = DIRECTION ( 'NONE',  ( -2.220446049250000002E-16, -1.000000000000000000, 0.0000000000000000000 ) ) ;
#2623 = ORIENTED_EDGE ( 'NONE', *, *, #969, .F. ) ;
#2624 = CARTESIAN_POINT ( 'NONE',  ( -5.009999999999999787, -11.25999999999999979, 11.70999999999999908 ) ) ;
#2625 = LINE ( 'NONE', #2313, #1436 ) ;
#2626 = PLANE ( 'NONE',  #3636 ) ;
#2627 = ORIENTED_EDGE ( 'NONE', *, *, #1354, .T. ) ;
#2628 = ORIENTED_EDGE ( 'NONE', *, *, #3332, .F. ) ;
#2629 = DIRECTION ( 'NONE',  ( -1.000000000000000000, 2.220446049250000002E-16, 1.734723475977000168E-15 ) ) ;
#2630 = DIRECTION ( 'NONE',  ( 2.220446049250000002E-16, 1.000000000000000000, 0.0000000000000000000 ) ) ;
#2631 = EDGE_CURVE ( 'NONE', #1571, #3734, #453, .T. ) ;
#2632 = CARTESIAN_POINT ( 'NONE',  ( 0.0000000000000000000, -11.25999999999999979, 12.80000000000000071 ) ) ;
#2633 = EDGE_LOOP ( 'NONE', ( #1223, #3374, #2898, #3875, #3931, #1578, #2869, #989 ) ) ;
#2634 = EDGE_CURVE ( 'NONE', #201, #2100, #2910, .T. ) ;
#2635 = ORIENTED_EDGE ( 'NONE', *, *, #2839, .F. ) ;
#2636 = EDGE_CURVE ( 'NONE', #1571, #2037, #2606, .T. ) ;
#2637 = LINE ( 'NONE', #465, #2794 ) ;
#2638 = EDGE_CURVE ( 'NONE', #666, #670, #2625, .T. ) ;
#2639 = LINE ( 'NONE', #852, #2650 ) ;
#2640 = ORIENTED_EDGE ( 'NONE', *, *, #1016, .F. ) ;
#2641 =( NAMED_UNIT ( * ) SI_UNIT ( $, .STERADIAN. ) SOLID_ANGLE_UNIT ( ) );
#2642 = CARTESIAN_POINT ( 'NONE',  ( 5.000000000000000000, 0.0000000000000000000, 0.0000000000000000000 ) ) ;
#2643 = VECTOR ( 'NONE', #3172, 1000.000000000000000 ) ;
#2644 = EDGE_LOOP ( 'NONE', ( #834, #555, #1751, #1246 ) ) ;
#2645 = AXIS2_PLACEMENT_3D ( 'NONE', #2801, #56, #1032 ) ;
#2646 = FILL_AREA_STYLE_COLOUR ( '', #750 ) ;
#2647 = CARTESIAN_POINT ( 'NONE',  ( 0.2999999999999999889, -4.825000000000000178, -3.000000000000000000 ) ) ;
#2648 = EDGE_LOOP ( 'NONE', ( #1783, #3599, #1683, #2962, #3154, #2610, #2404, #2971, #464, #1517, #2693, #1343 ) ) ;
#2649 = VECTOR ( 'NONE', #686, 1000.000000000000000 ) ;
#2650 = VECTOR ( 'NONE', #206, 1000.000000000000000 ) ;
#2651 = ORIENTED_EDGE ( 'NONE', *, *, #194, .F. ) ;
#2652 = EDGE_CURVE ( 'NONE', #1140, #1664, #3548, .T. ) ;
#2653 = CIRCLE ( 'NONE', #1180, 12.50000000000000178 ) ;
#2654 = ORIENTED_EDGE ( 'NONE', *, *, #2116, .F. ) ;
#2655 = DIRECTION ( 'NONE',  ( 5.963111948670000258E-16, -1.324076836766000003E-31, 1.000000000000000000 ) ) ;
#2656 = AXIS2_PLACEMENT_3D ( 'NONE', #3352, #3335, #259 ) ;
#2657 = AXIS2_PLACEMENT_3D ( 'NONE', #538, #2060, #3662 ) ;
#2658 = ORIENTED_EDGE ( 'NONE', *, *, #2385, .T. ) ;
#2659 = EDGE_CURVE ( 'NONE', #2841, #2289, #1115, .T. ) ;
#2660 = DIRECTION ( 'NONE',  ( -1.000000000000000000, 2.220446049250000002E-16, 0.0000000000000000000 ) ) ;
#2661 = ORIENTED_EDGE ( 'NONE', *, *, #3770, .T. ) ;
#2662 = VECTOR ( 'NONE', #1573, 1000.000000000000000 ) ;
#2663 = DIRECTION ( 'NONE',  ( -2.220446049250000002E-16, -1.000000000000000000, 0.0000000000000000000 ) ) ;
#2664 = ORIENTED_EDGE ( 'NONE', *, *, #2022, .T. ) ;
#2665 = VECTOR ( 'NONE', #437, 1000.000000000000000 ) ;
#2666 = CARTESIAN_POINT ( 'NONE',  ( 0.0000000000000000000, -11.25999999999999979, 12.80000000000000071 ) ) ;
#2667 = AXIS2_PLACEMENT_3D ( 'NONE', #3308, #551, #1767 ) ;
#2668 = LINE ( 'NONE', #176, #1056 ) ;
#2669 = CARTESIAN_POINT ( 'NONE',  ( -4.700000000000000178, -4.825000000000000178, -3.000000000000000000 ) ) ;
#2670 = DIRECTION ( 'NONE',  ( 1.000000000000000000, -2.220446049250000002E-16, -4.336808689942000480E-16 ) ) ;
#2671 = PRODUCT_DEFINITION_FORMATION_WITH_SPECIFIED_SOURCE ( 'ANY', '', #1064, .NOT_KNOWN. ) ;
#2672 = DIRECTION ( 'NONE',  ( 0.0000000000000000000, 0.0000000000000000000, -1.000000000000000000 ) ) ;
#2673 = PLANE ( 'NONE',  #2004 ) ;
#2674 = EDGE_LOOP ( 'NONE', ( #447, #2384, #2359, #488 ) ) ;
#2675 = ORIENTED_EDGE ( 'NONE', *, *, #926, .F. ) ;
#2676 = PLANE ( 'NONE',  #2979 ) ;
#2677 = FACE_OUTER_BOUND ( 'NONE', #680, .T. ) ;
#2678 = ORIENTED_EDGE ( 'NONE', *, *, #1715, .T. ) ;
#2679 = DIRECTION ( 'NONE',  ( 2.220446049250000002E-16, 1.000000000000000000, 0.0000000000000000000 ) ) ;
#2680 = EDGE_LOOP ( 'NONE', ( #3238, #371, #2302, #1766 ) ) ;
#2681 = CARTESIAN_POINT ( 'NONE',  ( 5.329070518201000674E-15, 15.00000000000000000, 9.500000000000000000 ) ) ;
#2682 = EDGE_CURVE ( 'NONE', #1612, #2425, #1549, .T. ) ;
#2683 = ORIENTED_EDGE ( 'NONE', *, *, #3130, .F. ) ;
#2684 = EDGE_CURVE ( 'NONE', #2841, #3384, #3914, .T. ) ;
#2685 = CARTESIAN_POINT ( 'NONE',  ( 1.776356839399999804E-15, -3.700000000000000178, 3.500000000000000000 ) ) ;
#2686 = DIRECTION ( 'NONE',  ( 0.5000000000001899592, -1.110223024625422041E-16, 0.8660254037843289066 ) ) ;
#2687 = DIRECTION ( 'NONE',  ( -2.023844055306000157E-15, 4.493836536903999907E-31, -1.000000000000000000 ) ) ;
#2688 = PLANE ( 'NONE',  #472 ) ;
#2689 = PLANE ( 'NONE',  #90 ) ;
#2690 = CARTESIAN_POINT ( 'NONE',  ( 5.000000000000000000, -11.25999999999999979, 1.343560762609999903 ) ) ;
#2691 = LINE ( 'NONE', #2418, #426 ) ;
#2692 = DIRECTION ( 'NONE',  ( 0.0000000000000000000, 0.0000000000000000000, 1.000000000000000000 ) ) ;
#2693 = ORIENTED_EDGE ( 'NONE', *, *, #1208, .T. ) ;
#2694 = DIRECTION ( 'NONE',  ( 2.220446049250000002E-16, 1.000000000000000000, 0.0000000000000000000 ) ) ;
#2695 = ORIENTED_EDGE ( 'NONE', *, *, #3465, .T. ) ;
#2696 = PLANE ( 'NONE',  #2656 ) ;
#2697 = DIRECTION ( 'NONE',  ( 2.220446049250000002E-16, 1.000000000000000000, 0.0000000000000000000 ) ) ;
#2698 = ORIENTED_EDGE ( 'NONE', *, *, #2015, .F. ) ;
#2699 = ORIENTED_EDGE ( 'NONE', *, *, #2616, .T. ) ;
#2700 = LINE ( 'NONE', #2748, #3483 ) ;
#2701 = ADVANCED_FACE ( 'NONE', ( #2459 ), #2102, .F. ) ;
#2702 = DIRECTION ( 'NONE',  ( -2.220446049250000297E-15, 4.930380657631000609E-31, 1.000000000000000000 ) ) ;
#2703 = EDGE_CURVE ( 'NONE', #3707, #2925, #3081, .T. ) ;
#2704 = CARTESIAN_POINT ( 'NONE',  ( -1.600000000000000089, -9.825000000000001066, 3.035766082958999841E-15 ) ) ;
#2705 = MECHANICAL_DESIGN_GEOMETRIC_PRESENTATION_REPRESENTATION (  '', ( #2521 ), #981 ) ;
#2706 = VERTEX_POINT ( 'NONE', #3061 ) ;
#2707 = FACE_OUTER_BOUND ( 'NONE', #199, .T. ) ;
#2708 = EDGE_CURVE ( 'NONE', #435, #3677, #2374, .T. ) ;
#2709 = CARTESIAN_POINT ( 'NONE',  ( 5.000000000000000000, -9.825000000000001066, 0.0000000000000000000 ) ) ;
#2710 = DIRECTION ( 'NONE',  ( -1.734723475977000168E-15, 3.851859888774000082E-31, -1.000000000000000000 ) ) ;
#2711 = ORIENTED_EDGE ( 'NONE', *, *, #338, .F. ) ;
#2712 = ORIENTED_EDGE ( 'NONE', *, *, #2659, .T. ) ;
#2713 = VECTOR ( 'NONE', #3512, 1000.000000000000000 ) ;
#2714 = CARTESIAN_POINT ( 'NONE',  ( -5.000000000000000000, 1.776356839399999804E-15, 11.70000000000000107 ) ) ;
#2715 = DIRECTION ( 'NONE',  ( 1.000000000000000000, 0.0000000000000000000, 2.220446049250000297E-15 ) ) ;
#2716 = AXIS2_PLACEMENT_3D ( 'NONE', #3743, #383, #1599 ) ;
#2717 = CARTESIAN_POINT ( 'NONE',  ( -0.5000000000000000000, -9.825000000000001066, 8.881784197000999888E-16 ) ) ;
#2718 = ORIENTED_EDGE ( 'NONE', *, *, #103, .F. ) ;
#2719 = FACE_OUTER_BOUND ( 'NONE', #954, .T. ) ;
#2720 = VECTOR ( 'NONE', #1850, 1000.000000000000000 ) ;
#2721 = VECTOR ( 'NONE', #3646, 1000.000000000000000 ) ;
#2722 = VERTEX_POINT ( 'NONE', #1773 ) ;
#2723 = VECTOR ( 'NONE', #2620, 1000.000000000000000 ) ;
#2724 = DIRECTION ( 'NONE',  ( 2.220446049250000002E-16, 1.000000000000000000, 0.0000000000000000000 ) ) ;
#2725 = LINE ( 'NONE', #904, #359 ) ;
#2726 = VECTOR ( 'NONE', #2165, 1000.000000000000000 ) ;
#2727 = LINE ( 'NONE', #841, #2010 ) ;
#2728 = ADVANCED_FACE ( 'NONE', ( #322 ), #2696, .F. ) ;
#2729 = ORIENTED_EDGE ( 'NONE', *, *, #3253, .F. ) ;
#2730 = DIRECTION ( 'NONE',  ( 1.646488427099000057E-15, -3.655938723089000227E-31, 1.000000000000000000 ) ) ;
#2731 = AXIS2_PLACEMENT_3D ( 'NONE', #3626, #2114, #873 ) ;
#2732 = CARTESIAN_POINT ( 'NONE',  ( 3.552713678800999489E-15, 7.000000000000000000, 6.500000000000000000 ) ) ;
#2733 = DIRECTION ( 'NONE',  ( 0.0000000000000000000, 0.0000000000000000000, -1.000000000000000000 ) ) ;
#2734 = ADVANCED_FACE ( 'NONE', ( #2743 ), #3977, .F. ) ;
#2735 = ORIENTED_EDGE ( 'NONE', *, *, #1108, .T. ) ;
#2736 = EDGE_CURVE ( 'NONE', #3412, #3419, #2164, .T. ) ;
#2737 = ORIENTED_EDGE ( 'NONE', *, *, #2385, .F. ) ;
#2738 = PLANE ( 'NONE',  #2849 ) ;
#2739 = CARTESIAN_POINT ( 'NONE',  ( -5.000000000000000000, -3.700000000000000178, 0.0000000000000000000 ) ) ;
#2740 = ADVANCED_FACE ( 'NONE', ( #2399 ), #3633, .T. ) ;
#2741 = ORIENTED_EDGE ( 'NONE', *, *, #890, .T. ) ;
#2742 = ORIENTED_EDGE ( 'NONE', *, *, #2682, .T. ) ;
#2743 = FACE_OUTER_BOUND ( 'NONE', #2245, .T. ) ;
#2744 = CARTESIAN_POINT ( 'NONE',  ( 2.799999999999999822, -3.700000000000000178, 0.6073751800519999744 ) ) ;
#2745 = CARTESIAN_POINT ( 'NONE',  ( 5.000000000000000000, 7.000000000000000000, 0.0000000000000000000 ) ) ;
#2746 = ORIENTED_EDGE ( 'NONE', *, *, #1619, .T. ) ;
#2747 = ORIENTED_EDGE ( 'NONE', *, *, #1035, .F. ) ;
#2748 = CARTESIAN_POINT ( 'NONE',  ( 0.2999999999999999889, -9.825000000000001066, -3.000000000000000000 ) ) ;
#2749 = LINE ( 'NONE', #1556, #477 ) ;
#2750 = DIRECTION ( 'NONE',  ( 2.220446049250000002E-16, 1.000000000000000000, 0.0000000000000000000 ) ) ;
#2751 = DIRECTION ( 'NONE',  ( -2.220446049250000002E-16, -1.000000000000000000, 0.0000000000000000000 ) ) ;
#2752 = ORIENTED_EDGE ( 'NONE', *, *, #1579, .F. ) ;
#2753 = CARTESIAN_POINT ( 'NONE',  ( -4.899999999999999467, -10.17500000000000071, 0.8928203230279999625 ) ) ;
#2754 = ADVANCED_FACE ( 'NONE', ( #3188 ), #3449, .F. ) ;
#2755 = CARTESIAN_POINT ( 'NONE',  ( 0.0000000000000000000, -11.25999999999999979, 12.80000000000000071 ) ) ;
#2756 = CARTESIAN_POINT ( 'NONE',  ( -4.899999999999999467, -4.825000000000000178, 0.8928203230279999625 ) ) ;
#2757 = ORIENTED_EDGE ( 'NONE', *, *, #2562, .F. ) ;
#2758 = EDGE_CURVE ( 'NONE', #3603, #2846, #3701, .T. ) ;
#2759 = CARTESIAN_POINT ( 'NONE',  ( 2.799999999999999822, -3.700000000000000178, 0.6073751800519999744 ) ) ;
#2760 = PLANE ( 'NONE',  #3616 ) ;
#2761 = EDGE_CURVE ( 'NONE', #3286, #976, #1313, .T. ) ;
#2762 = ORIENTED_EDGE ( 'NONE', *, *, #2998, .T. ) ;
#2763 = FACE_OUTER_BOUND ( 'NONE', #631, .T. ) ;
#2764 = ORIENTED_EDGE ( 'NONE', *, *, #3723, .T. ) ;
#2765 = CARTESIAN_POINT ( 'NONE',  ( 0.2999999999999999889, -4.825000000000000178, 0.0000000000000000000 ) ) ;
#2766 = CARTESIAN_POINT ( 'NONE',  ( 1.716653721634000096, 15.00000000000000000, 9.400000000000000355 ) ) ;
#2767 = DIRECTION ( 'NONE',  ( -2.220446049250000002E-16, -1.000000000000000000, 0.0000000000000000000 ) ) ;
#2768 = ORIENTED_EDGE ( 'NONE', *, *, #5, .F. ) ;
#2769 = PLANE ( 'NONE',  #3804 ) ;
#2770 = DIRECTION ( 'NONE',  ( 0.0000000000000000000, 0.0000000000000000000, -1.000000000000000000 ) ) ;
#2771 = VERTEX_POINT ( 'NONE', #962 ) ;
#2772 = VECTOR ( 'NONE', #3488, 1000.000000000000000 ) ;
#2773 = LINE ( 'NONE', #50, #2013 ) ;
#2774 = CARTESIAN_POINT ( 'NONE',  ( 0.7681145747869999596, 7.000000000000000000, 3.600000000000000089 ) ) ;
#2775 = CARTESIAN_POINT ( 'NONE',  ( 0.5000000000000000000, -9.825000000000001066, 4.336808689941999987E-16 ) ) ;
#2776 = EDGE_CURVE ( 'NONE', #3917, #2286, #1631, .T. ) ;
#2777 = VERTEX_POINT ( 'NONE', #737 ) ;
#2778 = LINE ( 'NONE', #2181, #2278 ) ;
#2779 = FACE_OUTER_BOUND ( 'NONE', #901, .T. ) ;
#2780 = AXIS2_PLACEMENT_3D ( 'NONE', #739, #3810, #2503 ) ;
#2781 = VERTEX_POINT ( 'NONE', #2501 ) ;
#2782 = DIRECTION ( 'NONE',  ( -2.220446049250000002E-16, -1.000000000000000000, 0.0000000000000000000 ) ) ;
#2783 = AXIS2_PLACEMENT_3D ( 'NONE', #2900, #2001, #3241 ) ;
#2784 = AXIS2_PLACEMENT_3D ( 'NONE', #2632, #2877, #2555 ) ;
#2785 = CARTESIAN_POINT ( 'NONE',  ( 2.200000000000000178, -4.825000000000000178, -3.000000000000000000 ) ) ;
#2786 = ORIENTED_EDGE ( 'NONE', *, *, #1384, .F. ) ;
#2787 = LINE ( 'NONE', #971, #1353 ) ;
#2788 = VECTOR ( 'NONE', #2932, 1000.000000000000000 ) ;
#2789 = DIRECTION ( 'NONE',  ( 5.782411586589000679E-16, -1.283953296257999954E-31, 1.000000000000000000 ) ) ;
#2790 = DIRECTION ( 'NONE',  ( -1.000000000000000000, 2.220446049250000002E-16, 4.244852976114999962E-16 ) ) ;
#2791 = ORIENTED_EDGE ( 'NONE', *, *, #3589, .T. ) ;
#2792 = AXIS2_PLACEMENT_3D ( 'NONE', #3983, #1217, #2148 ) ;
#2793 = FACE_OUTER_BOUND ( 'NONE', #3936, .T. ) ;
#2794 = VECTOR ( 'NONE', #3890, 1000.000000000000000 ) ;
#2795 = LINE ( 'NONE', #2557, #1365 ) ;
#2796 = ORIENTED_EDGE ( 'NONE', *, *, #2419, .T. ) ;
#2797 = DIRECTION ( 'NONE',  ( 2.220446049250000002E-16, 1.000000000000000000, 0.0000000000000000000 ) ) ;
#2798 = EDGE_CURVE ( 'NONE', #1608, #889, #3380, .T. ) ;
#2799 = FACE_OUTER_BOUND ( 'NONE', #1808, .T. ) ;
#2800 = VERTEX_POINT ( 'NONE', #716 ) ;
#2801 = CARTESIAN_POINT ( 'NONE',  ( 1.776356839399999804E-15, 1.776356839399999804E-15, 6.500000000000000000 ) ) ;
#2802 = EDGE_CURVE ( 'NONE', #3010, #113, #1027, .T. ) ;
#2803 = EDGE_CURVE ( 'NONE', #3194, #1276, #1629, .T. ) ;
#2804 = LINE ( 'NONE', #2785, #1936 ) ;
#2805 = ORIENTED_EDGE ( 'NONE', *, *, #2189, .F. ) ;
#2806 = DIRECTION ( 'NONE',  ( 1.000000000000000000, -2.220446049250000002E-16, -2.168404344971000191E-15 ) ) ;
#2807 = ORIENTED_EDGE ( 'NONE', *, *, #1374, .F. ) ;
#2808 = PLANE ( 'NONE',  #150 ) ;
#2809 = ORIENTED_EDGE ( 'NONE', *, *, #731, .T. ) ;
#2810 = LINE ( 'NONE', #433, #3182 ) ;
#2811 = DIRECTION ( 'NONE',  ( 0.0000000000000000000, 0.0000000000000000000, 1.000000000000000000 ) ) ;
#2812 = ORIENTED_EDGE ( 'NONE', *, *, #2937, .F. ) ;
#2813 = DIRECTION ( 'NONE',  ( -1.000000000000000000, 2.220446049250000002E-16, -2.220446049250000297E-15 ) ) ;
#2814 = DIRECTION ( 'NONE',  ( -5.963111948670000258E-16, 0.0000000000000000000, -1.000000000000000000 ) ) ;
#2815 = ORIENTED_EDGE ( 'NONE', *, *, #1867, .F. ) ;
#2816 = EDGE_CURVE ( 'NONE', #1530, #916, #3791, .T. ) ;
#2817 = DIRECTION ( 'NONE',  ( -1.000000000000000000, 2.220446049250000002E-16, 2.168404344971000191E-15 ) ) ;
#2818 = EDGE_CURVE ( 'NONE', #3677, #3962, #1084, .T. ) ;
#2819 = FACE_BOUND ( 'NONE', #2334, .T. ) ;
#2820 = LINE ( 'NONE', #2210, #2079 ) ;
#2821 = ORIENTED_EDGE ( 'NONE', *, *, #2172, .T. ) ;
#2822 = EDGE_CURVE ( 'NONE', #297, #3148, #184, .T. ) ;
#2823 = CLOSED_SHELL ( 'NONE', ( #3573, #543, #2582, #3218, #667, #1234, #2333, #3867, #1844, #3408, #3024, #1332, #2336, #645, #2469, #1010, #3797, #3893, #1743, #1688, #3124, #3938, #899, #3676, #2463, #1, #1838, #1646, #2144, #2150, #2740, #773, #2493, #1817, #549, #1350, #3621, #2734, #574, #1598, #3669, #2865, #3126, #3655, #2310, #2415, #3276, #3951, #285, #3471, #469, #843, #823, #3425, #845, #1040, #1079, #2537, #3973, #992, #757, #334, #396, #2358, #2754, #2009, #373, #205, #2583, #2039, #330, #628, #2489, #490, #1155, #1303, #3946, #1473, #428, #1770, #1658, #2701, #157, #2091, #626, #1153, #3077, #1967, #377, #3053, #1058, #1029, #1082, #2728, #3849, #3525, #423, #2240, #3227, #601, #1283, #1735, #2544, #1422, #3275, #2237, #3971, #2257, #1100, #236, #2441, #1909, #2433, #3361, #728, #3725, #1542, #1986, #3070, #84, #1401, #3201, #3615, #1456, #1895, #2465 ) ) ;
#2824 = DIRECTION ( 'NONE',  ( 0.0000000000000000000, 0.0000000000000000000, 1.000000000000000000 ) ) ;
#2825 = ORIENTED_EDGE ( 'NONE', *, *, #1793, .F. ) ;
#2826 = FACE_OUTER_BOUND ( 'NONE', #2939, .T. ) ;
#2827 = VECTOR ( 'NONE', #277, 1000.000000000000000 ) ;
#2828 = CARTESIAN_POINT ( 'NONE',  ( 5.009999999999999787, -3.700000000000000178, 1.337016095274000005 ) ) ;
#2829 = SURFACE_STYLE_FILL_AREA ( #3189 ) ;
#2830 = DIRECTION ( 'NONE',  ( 2.220446049250000002E-16, 1.000000000000000000, 0.0000000000000000000 ) ) ;
#2831 = AXIS2_PLACEMENT_3D ( 'NONE', #1442, #2670, #3903 ) ;
#2832 = VERTEX_POINT ( 'NONE', #790 ) ;
#2833 = CIRCLE ( 'NONE', #1362, 12.50999999999999979 ) ;
#2834 = ORIENTED_EDGE ( 'NONE', *, *, #1262, .F. ) ;
#2835 = EDGE_LOOP ( 'NONE', ( #312, #1443, #3334, #1235 ) ) ;
#2836 = COLOUR_RGB ( '',0.3333333333333333148, 0.3333333333333333148, 1.000000000000000000 ) ;
#2837 = VECTOR ( 'NONE', #1586, 1000.000000000000000 ) ;
#2838 = AXIS2_PLACEMENT_3D ( 'NONE', #1705, #239, #3873 ) ;
#2839 = EDGE_CURVE ( 'NONE', #3356, #435, #203, .T. ) ;
#2840 = DIRECTION ( 'NONE',  ( -1.734723475977000168E-15, 0.0000000000000000000, -1.000000000000000000 ) ) ;
#2841 = VERTEX_POINT ( 'NONE', #3244 ) ;
#2842 = VECTOR ( 'NONE', #2850, 1000.000000000000000 ) ;
#2843 = EDGE_CURVE ( 'NONE', #714, #2959, #2086, .T. ) ;
#2844 = LINE ( 'NONE', #3771, #1495 ) ;
#2845 = VECTOR ( 'NONE', #188, 1000.000000000000000 ) ;
#2846 = VERTEX_POINT ( 'NONE', #3510 ) ;
#2847 = EDGE_CURVE ( 'NONE', #238, #2437, #3887, .T. ) ;
#2848 = ORIENTED_EDGE ( 'NONE', *, *, #74, .T. ) ;
#2849 = AXIS2_PLACEMENT_3D ( 'NONE', #3601, #1846, #2 ) ;
#2850 = DIRECTION ( 'NONE',  ( 0.0000000000000000000, 0.0000000000000000000, 1.000000000000000000 ) ) ;
#2851 = PLANE ( 'NONE',  #1577 ) ;
#2852 = CARTESIAN_POINT ( 'NONE',  ( 4.700000000000000178, -5.174999999999999822, -1.332267629549999902E-15 ) ) ;
#2853 = EDGE_LOOP ( 'NONE', ( #3424, #273, #425, #2167 ) ) ;
#2854 = PLANE ( 'NONE',  #233 ) ;
#2855 = ORIENTED_EDGE ( 'NONE', *, *, #2514, .F. ) ;
#2856 = ORIENTED_EDGE ( 'NONE', *, *, #3016, .F. ) ;
#2857 = LINE ( 'NONE', #2893, #2315 ) ;
#2858 = DIRECTION ( 'NONE',  ( -2.220446049250000002E-16, -1.000000000000000000, 0.0000000000000000000 ) ) ;
#2859 = PLANE ( 'NONE',  #2784 ) ;
#2860 = VERTEX_POINT ( 'NONE', #1700 ) ;
#2861 = PRESENTATION_STYLE_ASSIGNMENT (( #1643 ) ) ;
#2862 = DIRECTION ( 'NONE',  ( -2.220446049250000002E-16, -1.000000000000000000, 0.0000000000000000000 ) ) ;
#2863 = ORIENTED_EDGE ( 'NONE', *, *, #554, .F. ) ;
#2864 = DIRECTION ( 'NONE',  ( 0.0000000000000000000, 0.0000000000000000000, -1.000000000000000000 ) ) ;
#2865 = ADVANCED_FACE ( 'NONE', ( #3583 ), #2884, .F. ) ;
#2866 = EDGE_CURVE ( 'NONE', #3311, #2055, #1882, .T. ) ;
#2867 = DIRECTION ( 'NONE',  ( 1.734723475977000168E-15, -3.851859888774000082E-31, 1.000000000000000000 ) ) ;
#2868 = DIRECTION ( 'NONE',  ( -1.000000000000000000, 2.220446049250000002E-16, 0.0000000000000000000 ) ) ;
#2869 = ORIENTED_EDGE ( 'NONE', *, *, #3336, .T. ) ;
#2870 = EDGE_CURVE ( 'NONE', #2425, #297, #1985, .T. ) ;
#2871 = CARTESIAN_POINT ( 'NONE',  ( 0.5000000000000000000, -10.17500000000000071, 4.336808689941999987E-16 ) ) ;
#2872 = CARTESIAN_POINT ( 'NONE',  ( 5.000000000000000000, -4.825000000000000178, 0.0000000000000000000 ) ) ;
#2873 = ORIENTED_EDGE ( 'NONE', *, *, #3097, .F. ) ;
#2874 = ORIENTED_EDGE ( 'NONE', *, *, #1964, .T. ) ;
#2875 = CARTESIAN_POINT ( 'NONE',  ( -1.600000000000000089, -5.174999999999999822, 3.108624468949999707E-15 ) ) ;
#2876 = DIRECTION ( 'NONE',  ( 2.220446049250000002E-16, 1.000000000000000000, 0.0000000000000000000 ) ) ;
#2877 = DIRECTION ( 'NONE',  ( -2.220446049250000002E-16, -1.000000000000000000, 0.0000000000000000000 ) ) ;
#2878 = VERTEX_POINT ( 'NONE', #2028 ) ;
#2879 = ADVANCED_BREP_SHAPE_REPRESENTATION ( '310FB0AC-6725-4FB1-B0A2-A251E5FBF761', ( #3659, #3388 ), #1447 ) ;
#2880 = CARTESIAN_POINT ( 'NONE',  ( 0.7681145747869999596, 7.000000000000000000, 9.400000000000000355 ) ) ;
#2881 = VERTEX_POINT ( 'NONE', #142 ) ;
#2882 = DIRECTION ( 'NONE',  ( -2.220446049250000002E-16, -1.000000000000000000, 0.0000000000000000000 ) ) ;
#2883 = VECTOR ( 'NONE', #1645, 1000.000000000000000 ) ;
#2884 = PLANE ( 'NONE',  #747 ) ;
#2885 = CARTESIAN_POINT ( 'NONE',  ( -1.600000000000000089, -10.17500000000000071, 3.035766082958999841E-15 ) ) ;
#2886 = LINE ( 'NONE', #762, #735 ) ;
#2887 = EDGE_CURVE ( 'NONE', #44, #520, #3808, .T. ) ;
#2888 = ORIENTED_EDGE ( 'NONE', *, *, #676, .T. ) ;
#2889 = DIRECTION ( 'NONE',  ( -4.065758146821000066E-16, 9.027796614314999467E-32, -1.000000000000000000 ) ) ;
#2890 = DIRECTION ( 'NONE',  ( -0.5000000000001899592, 0.0000000000000000000, 0.8660254037843289066 ) ) ;
#2891 = ORIENTED_EDGE ( 'NONE', *, *, #1086, .T. ) ;
#2892 = ORIENTED_EDGE ( 'NONE', *, *, #1915, .F. ) ;
#2893 = CARTESIAN_POINT ( 'NONE',  ( -0.2999999999999999889, -5.174999999999999822, 8.881784197000999888E-16 ) ) ;
#2894 = VECTOR ( 'NONE', #2811, 1000.000000000000000 ) ;
#2895 = CARTESIAN_POINT ( 'NONE',  ( -0.2999999999999999889, -4.825000000000000178, -3.000000000000000000 ) ) ;
#2896 = DIRECTION ( 'NONE',  ( -2.220446049250000002E-16, -1.000000000000000000, 0.0000000000000000000 ) ) ;
#2897 = VECTOR ( 'NONE', #544, 1000.000000000000000 ) ;
#2898 = ORIENTED_EDGE ( 'NONE', *, *, #3750, .T. ) ;
#2899 = VECTOR ( 'NONE', #2679, 1000.000000000000000 ) ;
#2900 = CARTESIAN_POINT ( 'NONE',  ( -5.009999999999999787, -3.700000000000000178, 11.70999999999999908 ) ) ;
#2901 = VECTOR ( 'NONE', #3535, 1000.000000000000000 ) ;
#2902 = VERTEX_POINT ( 'NONE', #167 ) ;
#2903 = DIRECTION ( 'NONE',  ( 0.0000000000000000000, 0.0000000000000000000, 1.000000000000000000 ) ) ;
#2904 = LINE ( 'NONE', #2292, #1891 ) ;
#2905 = CARTESIAN_POINT ( 'NONE',  ( 5.009999999999999787, -11.25999999999999979, 8.500000000000000000 ) ) ;
#2906 = ORIENTED_EDGE ( 'NONE', *, *, #2116, .T. ) ;
#2907 = PRESENTATION_LAYER_ASSIGNMENT (  '', '', ( #166 ) ) ;
#2908 = SURFACE_SIDE_STYLE ('',( #1684 ) ) ;
#2909 = EDGE_CURVE ( 'NONE', #3342, #1976, #3204, .T. ) ;
#2910 = LINE ( 'NONE', #1375, #414 ) ;
#2911 = DIRECTION ( 'NONE',  ( 1.000000000000000000, -2.220446049250000002E-16, 0.0000000000000000000 ) ) ;
#2912 = AXIS2_PLACEMENT_3D ( 'NONE', #253, #569, #913 ) ;
#2913 = ORIENTED_EDGE ( 'NONE', *, *, #1625, .T. ) ;
#2914 = ORIENTED_EDGE ( 'NONE', *, *, #3792, .T. ) ;
#2915 = FACE_OUTER_BOUND ( 'NONE', #610, .T. ) ;
#2916 = EDGE_CURVE ( 'NONE', #3700, #2846, #2434, .T. ) ;
#2917 = CARTESIAN_POINT ( 'NONE',  ( -0.5000000000000000000, -10.17500000000000071, 0.2999960000010000183 ) ) ;
#2918 = EDGE_CURVE ( 'NONE', #3894, #3010, #940, .T. ) ;
#2919 = CARTESIAN_POINT ( 'NONE',  ( 5.000000000000000000, -11.25999999999999979, 3.500000000000000000 ) ) ;
#2920 = ORIENTED_EDGE ( 'NONE', *, *, #1063, .T. ) ;
#2921 = FACE_OUTER_BOUND ( 'NONE', #3850, .T. ) ;
#2922 = ORIENTED_EDGE ( 'NONE', *, *, #702, .T. ) ;
#2923 = CARTESIAN_POINT ( 'NONE',  ( -0.5000000000000000000, -5.174999999999999822, 8.881784197000999888E-16 ) ) ;
#2924 = CARTESIAN_POINT ( 'NONE',  ( -4.700000000000000178, -9.825000000000001066, 8.881784197000999888E-15 ) ) ;
#2925 = VERTEX_POINT ( 'NONE', #2690 ) ;
#2926 = FILL_AREA_STYLE_COLOUR ( '', #1418 ) ;
#2927 = DIRECTION ( 'NONE',  ( 0.0000000000000000000, 0.0000000000000000000, -1.000000000000000000 ) ) ;
#2928 = LINE ( 'NONE', #3590, #2845 ) ;
#2929 = VERTEX_POINT ( 'NONE', #2113 ) ;
#2930 = VERTEX_POINT ( 'NONE', #1741 ) ;
#2931 = DIRECTION ( 'NONE',  ( -2.220446049250000002E-16, -1.000000000000000000, 0.0000000000000000000 ) ) ;
#2932 = DIRECTION ( 'NONE',  ( -1.734723475977000168E-15, 3.851859888774000082E-31, -1.000000000000000000 ) ) ;
#2933 = CARTESIAN_POINT ( 'NONE',  ( 3.700000000000000178, -3.700000000000000178, 0.8496820125990000028 ) ) ;
#2934 = EDGE_CURVE ( 'NONE', #2414, #2105, #912, .T. ) ;
#2935 = VERTEX_POINT ( 'NONE', #3057 ) ;
#2936 = SURFACE_STYLE_USAGE ( .BOTH. , #1065 ) ;
#2937 = EDGE_CURVE ( 'NONE', #1466, #2234, #2453, .T. ) ;
#2938 = ORIENTED_EDGE ( 'NONE', *, *, #1417, .F. ) ;
#2939 = EDGE_LOOP ( 'NONE', ( #3517, #1831, #817, #597 ) ) ;
#2940 = DIRECTION ( 'NONE',  ( 2.220446049250000002E-16, 1.000000000000000000, 0.0000000000000000000 ) ) ;
#2941 = CARTESIAN_POINT ( 'NONE',  ( -15.40000000000000036, 5.329070518201000674E-15, 3.600000000000000089 ) ) ;
#2942 = VERTEX_POINT ( 'NONE', #1805 ) ;
#2943 = LINE ( 'NONE', #209, #2594 ) ;
#2944 = ORIENTED_EDGE ( 'NONE', *, *, #2909, .F. ) ;
#2945 = FACE_OUTER_BOUND ( 'NONE', #2396, .T. ) ;
#2946 = AXIS2_PLACEMENT_3D ( 'NONE', #406, #1312, #3185 ) ;
#2947 = ORIENTED_EDGE ( 'NONE', *, *, #3357, .T. ) ;
#2948 = VERTEX_POINT ( 'NONE', #1828 ) ;
#2949 = CARTESIAN_POINT ( 'NONE',  ( 5.000000000000000000, -4.825000000000000178, 0.0000000000000000000 ) ) ;
#2950 = VECTOR ( 'NONE', #1609, 1000.000000000000000 ) ;
#2951 = PLANE ( 'NONE',  #1251 ) ;
#2952 = DIRECTION ( 'NONE',  ( 1.734723475977000168E-15, -3.851859888774000082E-31, 1.000000000000000000 ) ) ;
#2953 = CARTESIAN_POINT ( 'NONE',  ( 5.009999999999999787, -11.25999999999999979, 1.337016095274000005 ) ) ;
#2954 = ORIENTED_EDGE ( 'NONE', *, *, #2998, .F. ) ;
#2955 = VECTOR ( 'NONE', #177, 1000.000000000000000 ) ;
#2956 = EDGE_CURVE ( 'NONE', #2234, #2585, #3600, .T. ) ;
#2957 = CARTESIAN_POINT ( 'NONE',  ( -5.009999999999999787, -3.700000000000000178, 8.500000000000000000 ) ) ;
#2958 = CARTESIAN_POINT ( 'NONE',  ( -0.2999999999999999889, -4.825000000000000178, -3.000000000000000000 ) ) ;
#2959 = VERTEX_POINT ( 'NONE', #550 ) ;
#2960 = AXIS2_PLACEMENT_3D ( 'NONE', #2755, #2388, #887 ) ;
#2961 = AXIS2_PLACEMENT_3D ( 'NONE', #692, #630, #2534 ) ;
#2962 = ORIENTED_EDGE ( 'NONE', *, *, #1887, .T. ) ;
#2963 = EDGE_CURVE ( 'NONE', #787, #3827, #1468, .T. ) ;
#2964 = DIRECTION ( 'NONE',  ( 0.0000000000000000000, 0.0000000000000000000, -1.000000000000000000 ) ) ;
#2965 = CARTESIAN_POINT ( 'NONE',  ( -4.899999999999999467, -9.825000000000001066, 1.289565603332000210 ) ) ;
#2966 = CARTESIAN_POINT ( 'NONE',  ( 2.799999999999999822, -10.17500000000000071, -3.000000000000000000 ) ) ;
#2967 = EDGE_CURVE ( 'NONE', #2486, #3582, #2392, .T. ) ;
#2968 = VECTOR ( 'NONE', #7, 1000.000000000000114 ) ;
#2969 = VECTOR ( 'NONE', #861, 1000.000000000000000 ) ;
#2970 = DIRECTION ( 'NONE',  ( 2.960594732334000186E-15, -6.573840876842000055E-31, 1.000000000000000000 ) ) ;
#2971 = ORIENTED_EDGE ( 'NONE', *, *, #42, .T. ) ;
#2972 = VECTOR ( 'NONE', #116, 1000.000000000000000 ) ;
#2973 = DIRECTION ( 'NONE',  ( -5.204170427929999243E-16, 1.155557966631999945E-31, -1.000000000000000000 ) ) ;
#2974 = PLANE ( 'NONE',  #874 ) ;
#2975 = ORIENTED_EDGE ( 'NONE', *, *, #1108, .F. ) ;
#2976 = VECTOR ( 'NONE', #1432, 1000.000000000000000 ) ;
#2977 = VERTEX_POINT ( 'NONE', #1845 ) ;
#2978 = CARTESIAN_POINT ( 'NONE',  ( -2.799999999999999822, -9.825000000000001066, -3.000000000000000000 ) ) ;
#2979 = AXIS2_PLACEMENT_3D ( 'NONE', #1719, #3282, #3205 ) ;
#2980 = SURFACE_STYLE_FILL_AREA ( #1118 ) ;
#2981 = LINE ( 'NONE', #3293, #2472 ) ;
#2982 = DIRECTION ( 'NONE',  ( 2.220446049250000002E-16, 1.000000000000000000, 0.0000000000000000000 ) ) ;
#2983 = EDGE_LOOP ( 'NONE', ( #1541, #3487, #2138, #1804 ) ) ;
#2984 = PLANE ( 'NONE',  #3021 ) ;
#2985 = PLANE ( 'NONE',  #3304 ) ;
#2986 = CARTESIAN_POINT ( 'NONE',  ( -5.000000000000000000, -18.50000000000000000, 3.500000000000000000 ) ) ;
#2987 = EDGE_LOOP ( 'NONE', ( #1148, #1972, #2711, #2066 ) ) ;
#2988 = ORIENTED_EDGE ( 'NONE', *, *, #2758, .F. ) ;
#2989 = PLANE ( 'NONE',  #2608 ) ;
#2990 = LINE ( 'NONE', #792, #353 ) ;
#2991 = EDGE_CURVE ( 'NONE', #2563, #2100, #1061, .T. ) ;
#2992 = DIRECTION ( 'NONE',  ( 1.000000000000000000, 0.0000000000000000000, 0.0000000000000000000 ) ) ;
#2993 = EDGE_LOOP ( 'NONE', ( #3355, #1583, #1871, #3043 ) ) ;
#2994 = EDGE_CURVE ( 'NONE', #1192, #1506, #3823, .T. ) ;
#2995 = DIRECTION ( 'NONE',  ( -2.220446049250000002E-16, -1.000000000000000000, 0.0000000000000000000 ) ) ;
#2996 = DIRECTION ( 'NONE',  ( 1.000000000000000000, -2.220446049250000002E-16, 0.0000000000000000000 ) ) ;
#2997 = ORIENTED_EDGE ( 'NONE', *, *, #3151, .F. ) ;
#2998 = EDGE_CURVE ( 'NONE', #2574, #1210, #3196, .T. ) ;
#2999 = VERTEX_POINT ( 'NONE', #3213 ) ;
#3000 = CARTESIAN_POINT ( 'NONE',  ( 1.600000000000000089, -10.17500000000000071, -4.440892098500999885E-16 ) ) ;
#3001 = DIRECTION ( 'NONE',  ( -1.000000000000000000, 2.891205793294678326E-16, 0.0000000000000000000 ) ) ;
#3002 = CARTESIAN_POINT ( 'NONE',  ( -3.700000000000000178, -3.700000000000000178, 0.8496820125990000028 ) ) ;
#3003 = CARTESIAN_POINT ( 'NONE',  ( 1.600000000000000089, -10.17500000000000071, -4.440892098500999885E-16 ) ) ;
#3004 = DIRECTION ( 'NONE',  ( 2.220446049250000002E-16, 1.000000000000000000, 0.0000000000000000000 ) ) ;
#3005 = FACE_OUTER_BOUND ( 'NONE', #395, .T. ) ;
#3006 = ORIENTED_EDGE ( 'NONE', *, *, #974, .F. ) ;
#3007 = DIRECTION ( 'NONE',  ( -2.220446049250000002E-16, -1.000000000000000000, 0.0000000000000000000 ) ) ;
#3008 = FACE_OUTER_BOUND ( 'NONE', #2233, .T. ) ;
#3009 = CARTESIAN_POINT ( 'NONE',  ( -2.200000000000000178, -4.825000000000000178, -3.000000000000000000 ) ) ;
#3010 = VERTEX_POINT ( 'NONE', #1383 ) ;
#3011 = DIRECTION ( 'NONE',  ( -2.220446049250000002E-16, -1.000000000000000000, 0.0000000000000000000 ) ) ;
#3012 = ORIENTED_EDGE ( 'NONE', *, *, #1842, .T. ) ;
#3013 = FILL_AREA_STYLE ('',( #880 ) ) ;
#3014 = CARTESIAN_POINT ( 'NONE',  ( 1.716653721634000096, 0.0000000000000000000, 9.400000000000000355 ) ) ;
#3015 = EDGE_CURVE ( 'NONE', #1092, #1366, #2601, .T. ) ;
#3016 = EDGE_CURVE ( 'NONE', #1036, #3894, #2265, .T. ) ;
#3017 = ORIENTED_EDGE ( 'NONE', *, *, #2638, .T. ) ;
#3018 = ORIENTED_EDGE ( 'NONE', *, *, #3774, .F. ) ;
#3019 = FACE_OUTER_BOUND ( 'NONE', #3147, .T. ) ;
#3020 = DIRECTION ( 'NONE',  ( -2.220446049250000002E-16, -1.000000000000000000, 0.0000000000000000000 ) ) ;
#3021 = AXIS2_PLACEMENT_3D ( 'NONE', #3682, #3966, #1522 ) ;
#3022 = LINE ( 'NONE', #905, #2410 ) ;
#3023 = EDGE_CURVE ( 'NONE', #1356, #438, #1960, .T. ) ;
#3024 = ADVANCED_FACE ( 'NONE', ( #1359 ), #1543, .T. ) ;
#3025 = DIRECTION ( 'NONE',  ( -2.220446049250000002E-16, -1.000000000000000000, 0.0000000000000000000 ) ) ;
#3026 = AXIS2_PLACEMENT_3D ( 'NONE', #3872, #3895, #2694 ) ;
#3027 = EDGE_LOOP ( 'NONE', ( #1660, #2873, #2067, #782 ) ) ;
#3028 = CARTESIAN_POINT ( 'NONE',  ( -0.7681145747869999596, 7.000000000000000000, 3.600000000000000089 ) ) ;
#3029 = DIRECTION ( 'NONE',  ( -2.220446049250000002E-16, -1.000000000000000000, 0.0000000000000000000 ) ) ;
#3030 = CARTESIAN_POINT ( 'NONE',  ( -2.799999999999999822, -4.825000000000000178, -3.000000000000000000 ) ) ;
#3031 = ORIENTED_EDGE ( 'NONE', *, *, #1915, .T. ) ;
#3032 = ORIENTED_EDGE ( 'NONE', *, *, #3897, .F. ) ;
#3033 = STYLED_ITEM ( 'NONE', ( #1922 ), #2150 ) ;
#3034 = DIRECTION ( 'NONE',  ( 0.0000000000000000000, 0.0000000000000000000, 1.000000000000000000 ) ) ;
#3035 = AXIS2_PLACEMENT_3D ( 'NONE', #2732, #935, #585 ) ;
#3036 = CIRCLE ( 'NONE', #1496, 3.000000000000000000 ) ;
#3037 = ORIENTED_EDGE ( 'NONE', *, *, #1286, .F. ) ;
#3038 = FACE_OUTER_BOUND ( 'NONE', #3448, .T. ) ;
#3039 = VERTEX_POINT ( 'NONE', #751 ) ;
#3040 =( NAMED_UNIT ( * ) PLANE_ANGLE_UNIT ( ) SI_UNIT ( $, .RADIAN. ) );
#3041 = CARTESIAN_POINT ( 'NONE',  ( 5.299999999999999822, -5.174999999999999822, -3.000000000000000000 ) ) ;
#3042 = VECTOR ( 'NONE', #3378, 1000.000000000000000 ) ;
#3043 = ORIENTED_EDGE ( 'NONE', *, *, #2514, .T. ) ;
#3044 = AXIS2_PLACEMENT_3D ( 'NONE', #2176, #3116, #2613 ) ;
#3045 = EDGE_CURVE ( 'NONE', #1092, #2930, #2773, .T. ) ;
#3046 = DIRECTION ( 'NONE',  ( 1.000000000000000000, -2.220446049250000002E-16, 3.180326372624000269E-15 ) ) ;
#3047 = VECTOR ( 'NONE', #818, 1000.000000000000000 ) ;
#3048 = CARTESIAN_POINT ( 'NONE',  ( -0.2999999999999999889, -4.825000000000000178, -3.000000000000000000 ) ) ;
#3049 = ORIENTED_EDGE ( 'NONE', *, *, #3332, .T. ) ;
#3050 = EDGE_CURVE ( 'NONE', #754, #3962, #24, .T. ) ;
#3051 = DIRECTION ( 'NONE',  ( 1.000000000000000000, -2.220446049250000002E-16, 0.0000000000000000000 ) ) ;
#3052 = MECHANICAL_DESIGN_GEOMETRIC_PRESENTATION_REPRESENTATION (  '', ( #3566 ), #2161 ) ;
#3053 = ADVANCED_FACE ( 'NONE', ( #1075 ), #1270, .F. ) ;
#3054 = CARTESIAN_POINT ( 'NONE',  ( 8.881784197000999888E-16, -5.174999999999999822, 12.80000000000000071 ) ) ;
#3055 = DIRECTION ( 'NONE',  ( 2.220446049250000002E-16, 1.000000000000000000, 0.0000000000000000000 ) ) ;
#3056 = ORIENTED_EDGE ( 'NONE', *, *, #3822, .T. ) ;
#3057 = CARTESIAN_POINT ( 'NONE',  ( -3.700000000000000178, -4.825000000000000178, 7.372574772901001011E-15 ) ) ;
#3058 =( LENGTH_UNIT ( ) NAMED_UNIT ( * ) SI_UNIT ( .MILLI., .METRE. ) );
#3059 = CARTESIAN_POINT ( 'NONE',  ( 0.5000000000000000000, -4.825000000000000178, 4.440892098500999885E-16 ) ) ;
#3060 = EDGE_LOOP ( 'NONE', ( #3557, #1933, #1947, #1689 ) ) ;
#3061 = CARTESIAN_POINT ( 'NONE',  ( -5.009999999999999787, -3.700000000000000178, 3.500000000000000000 ) ) ;
#3062 = CYLINDRICAL_SURFACE ( 'NONE', #2159, 12.50000000000000000 ) ;
#3063 = DIRECTION ( 'NONE',  ( 2.220446049250000002E-16, 1.000000000000000000, 0.0000000000000000000 ) ) ;
#3064 = ORIENTED_EDGE ( 'NONE', *, *, #3565, .T. ) ;
#3065 = CARTESIAN_POINT ( 'NONE',  ( -4.899999999999999467, -3.700000000000000178, 1.289565603332000210 ) ) ;
#3066 = DIRECTION ( 'NONE',  ( 0.0000000000000000000, 0.0000000000000000000, 1.000000000000000000 ) ) ;
#3067 = CARTESIAN_POINT ( 'NONE',  ( 4.700000000000000178, -9.825000000000001066, -3.000000000000000000 ) ) ;
#3068 = ORIENTED_EDGE ( 'NONE', *, *, #3776, .T. ) ;
#3069 = DIRECTION ( 'NONE',  ( 2.220446049250000002E-16, 1.000000000000000000, 0.0000000000000000000 ) ) ;
#3070 = ADVANCED_FACE ( 'NONE', ( #2793 ), #3519, .F. ) ;
#3071 = PLANE ( 'NONE',  #292 ) ;
#3072 = CARTESIAN_POINT ( 'NONE',  ( 4.899999999999999467, -4.825000000000000178, 3.000000000000000000 ) ) ;
#3073 = ORIENTED_EDGE ( 'NONE', *, *, #448, .F. ) ;
#3074 = EDGE_CURVE ( 'NONE', #2016, #3865, #354, .T. ) ;
#3075 = DIRECTION ( 'NONE',  ( 2.220446049250000002E-16, 1.000000000000000000, 0.0000000000000000000 ) ) ;
#3076 = FACE_OUTER_BOUND ( 'NONE', #1309, .T. ) ;
#3077 = ADVANCED_FACE ( 'NONE', ( #134 ), #1249, .F. ) ;
#3078 = DIRECTION ( 'NONE',  ( 1.734723475977000168E-15, -3.851859888774000082E-31, 1.000000000000000000 ) ) ;
#3079 = ORIENTED_EDGE ( 'NONE', *, *, #770, .T. ) ;
#3080 = DIRECTION ( 'NONE',  ( 2.220446049250000002E-16, 1.000000000000000000, 0.0000000000000000000 ) ) ;
#3081 = LINE ( 'NONE', #2440, #2596 ) ;
#3082 = DIRECTION ( 'NONE',  ( 0.0000000000000000000, 0.0000000000000000000, -1.000000000000000000 ) ) ;
#3083 = DIRECTION ( 'NONE',  ( 1.000000000000000000, -2.220446049250000002E-16, 0.0000000000000000000 ) ) ;
#3084 = ORIENTED_EDGE ( 'NONE', *, *, #200, .T. ) ;
#3085 = CARTESIAN_POINT ( 'NONE',  ( -5.000000000000000000, -11.25999999999999979, 0.0000000000000000000 ) ) ;
#3086 = ORIENTED_EDGE ( 'NONE', *, *, #1286, .T. ) ;
#3087 = FACE_OUTER_BOUND ( 'NONE', #442, .T. ) ;
#3088 = VECTOR ( 'NONE', #1584, 1000.000000000000000 ) ;
#3089 = AXIS2_PLACEMENT_3D ( 'NONE', #2666, #284, #1494 ) ;
#3090 = DIRECTION ( 'NONE',  ( 2.220446049250000002E-16, 1.000000000000000000, 0.0000000000000000000 ) ) ;
#3091 = ORIENTED_EDGE ( 'NONE', *, *, #2956, .T. ) ;
#3092 = EDGE_CURVE ( 'NONE', #2948, #1993, #156, .T. ) ;
#3093 = DIRECTION ( 'NONE',  ( 1.000000000000000000, -2.220446049250000002E-16, 0.0000000000000000000 ) ) ;
#3094 = APPLICATION_PROTOCOL_DEFINITION ( 'draft international standard', 'automotive_design', 1998, #2378 ) ;
#3095 = ORIENTED_EDGE ( 'NONE', *, *, #1016, .T. ) ;
#3096 = AXIS2_PLACEMENT_3D ( 'NONE', #1988, #466, #1105 ) ;
#3097 = EDGE_CURVE ( 'NONE', #2031, #1395, #3843, .T. ) ;
#3098 = DIRECTION ( 'NONE',  ( 0.0000000000000000000, 0.0000000000000000000, -1.000000000000000000 ) ) ;
#3099 = EDGE_CURVE ( 'NONE', #3462, #3306, #1883, .T. ) ;
#3100 = CARTESIAN_POINT ( 'NONE',  ( 0.2999999999999999889, -9.825000000000001066, 0.0000000000000000000 ) ) ;
#3101 = FACE_OUTER_BOUND ( 'NONE', #2360, .T. ) ;
#3102 = VECTOR ( 'NONE', #3748, 1000.000000000000000 ) ;
#3103 = ORIENTED_EDGE ( 'NONE', *, *, #3381, .F. ) ;
#3104 = CARTESIAN_POINT ( 'NONE',  ( 1.776356839399999804E-15, -3.700000000000000178, 8.500000000000000000 ) ) ;
#3105 = VECTOR ( 'NONE', #2927, 1000.000000000000000 ) ;
#3106 = VECTOR ( 'NONE', #545, 1000.000000000000000 ) ;
#3107 = LINE ( 'NONE', #311, #3377 ) ;
#3108 = VECTOR ( 'NONE', #3736, 1000.000000000000000 ) ;
#3109 = VERTEX_POINT ( 'NONE', #244 ) ;
#3110 = CARTESIAN_POINT ( 'NONE',  ( 5.299999999999999822, -4.825000000000000178, -3.000000000000000000 ) ) ;
#3111 = AXIS2_PLACEMENT_3D ( 'NONE', #1868, #408, #3098 ) ;
#3112 = CARTESIAN_POINT ( 'NONE',  ( 5.000000000000000000, -18.50000000000000000, 8.500000000000000000 ) ) ;
#3113 = DIRECTION ( 'NONE',  ( -2.220446049250000002E-16, -1.000000000000000000, 0.0000000000000000000 ) ) ;
#3114 = ORIENTED_EDGE ( 'NONE', *, *, #1211, .F. ) ;
#3115 = VECTOR ( 'NONE', #920, 1000.000000000000000 ) ;
#3116 = DIRECTION ( 'NONE',  ( 2.220446049250000002E-16, 1.000000000000000000, 0.0000000000000000000 ) ) ;
#3117 = AXIS2_PLACEMENT_3D ( 'NONE', #3853, #3563, #486 ) ;
#3118 = DIRECTION ( 'NONE',  ( 1.000000000000000000, -2.220446049250000002E-16, 0.0000000000000000000 ) ) ;
#3119 = ORIENTED_EDGE ( 'NONE', *, *, #2708, .T. ) ;
#3120 = ORIENTED_EDGE ( 'NONE', *, *, #2149, .T. ) ;
#3121 = DIRECTION ( 'NONE',  ( 2.220446049250000002E-16, 1.000000000000000000, 0.0000000000000000000 ) ) ;
#3122 = DIRECTION ( 'NONE',  ( -4.336808689942000480E-16, 0.0000000000000000000, -1.000000000000000000 ) ) ;
#3123 = CARTESIAN_POINT ( 'NONE',  ( 5.000000000000000000, -4.825000000000000178, 0.0000000000000000000 ) ) ;
#3124 = ADVANCED_FACE ( 'NONE', ( #3920 ), #1728, .F. ) ;
#3125 = VERTEX_POINT ( 'NONE', #1997 ) ;
#3126 = ADVANCED_FACE ( 'NONE', ( #2381 ), #2951, .F. ) ;
#3127 = DIRECTION ( 'NONE',  ( 1.000000000000000000, -2.220446049250000002E-16, 0.0000000000000000000 ) ) ;
#3128 = CARTESIAN_POINT ( 'NONE',  ( -2.200000000000000178, -5.174999999999999822, -3.000000000000000000 ) ) ;
#3129 = LINE ( 'NONE', #1595, #3506 ) ;
#3130 = EDGE_CURVE ( 'NONE', #1608, #187, #516, .T. ) ;
#3131 = DIRECTION ( 'NONE',  ( 1.000000000000000000, -2.220446049250000002E-16, -5.963111948670000258E-16 ) ) ;
#3132 = ORIENTED_EDGE ( 'NONE', *, *, #1765, .T. ) ;
#3133 = PLANE ( 'NONE',  #1607 ) ;
#3134 = FACE_BOUND ( 'NONE', #1004, .T. ) ;
#3135 = DIRECTION ( 'NONE',  ( 0.0000000000000000000, 0.0000000000000000000, -1.000000000000000000 ) ) ;
#3136 = VERTEX_POINT ( 'NONE', #805 ) ;
#3137 = DIRECTION ( 'NONE',  ( 2.220446049250000002E-16, 1.000000000000000000, 0.0000000000000000000 ) ) ;
#3138 = EDGE_LOOP ( 'NONE', ( #2128, #2119, #2272, #907 ) ) ;
#3139 = CARTESIAN_POINT ( 'NONE',  ( 0.5000000000000000000, 0.8000000000000000444, 0.5000000000000000000 ) ) ;
#3140 = LINE ( 'NONE', #717, #1382 ) ;
#3141 = DIRECTION ( 'NONE',  ( 1.000000000000000000, -2.220446049250000002E-16, 0.0000000000000000000 ) ) ;
#3142 = EDGE_LOOP ( 'NONE', ( #3672, #3103, #2675, #3831 ) ) ;
#3143 = PLANE ( 'NONE',  #281 ) ;
#3144 = EDGE_CURVE ( 'NONE', #22, #1976, #3504, .T. ) ;
#3145 = DIRECTION ( 'NONE',  ( -2.220446049250000002E-16, -1.000000000000000000, 0.0000000000000000000 ) ) ;
#3146 = EDGE_CURVE ( 'NONE', #3686, #272, #784, .T. ) ;
#3147 = EDGE_LOOP ( 'NONE', ( #1958, #3158, #333, #3858, #2825, #1052, #1073, #1458 ) ) ;
#3148 = VERTEX_POINT ( 'NONE', #2917 ) ;
#3149 = CARTESIAN_POINT ( 'NONE',  ( -1.776356839399999804E-15, -20.00000000000000000, 0.2999999999999999889 ) ) ;
#3150 = EDGE_CURVE ( 'NONE', #524, #3338, #1757, .T. ) ;
#3151 = EDGE_CURVE ( 'NONE', #170, #1173, #678, .T. ) ;
#3152 = FACE_BOUND ( 'NONE', #707, .T. ) ;
#3153 = DIRECTION ( 'NONE',  ( 2.220446049250000002E-16, 1.000000000000000000, 0.0000000000000000000 ) ) ;
#3154 = ORIENTED_EDGE ( 'NONE', *, *, #1669, .F. ) ;
#3155 = VECTOR ( 'NONE', #2386, 1000.000000000000000 ) ;
#3156 =( NAMED_UNIT ( * ) PLANE_ANGLE_UNIT ( ) SI_UNIT ( $, .RADIAN. ) );
#3157 = CARTESIAN_POINT ( 'NONE',  ( -2.958039891549999911, 7.000000000000000000, 6.000000000000000000 ) ) ;
#3158 = ORIENTED_EDGE ( 'NONE', *, *, #2061, .T. ) ;
#3159 = CARTESIAN_POINT ( 'NONE',  ( -5.000000000000000000, -3.700000000000000178, 8.500000000000000000 ) ) ;
#3160 = AXIS2_PLACEMENT_3D ( 'NONE', #470, #743, #796 ) ;
#3161 = CARTESIAN_POINT ( 'NONE',  ( 1.716653721634000096, 7.000000000000000000, 3.600000000000000089 ) ) ;
#3162 = DIRECTION ( 'NONE',  ( -1.000000000000000000, 2.220446049250000002E-16, 0.0000000000000000000 ) ) ;
#3163 = VECTOR ( 'NONE', #1559, 1000.000000000000000 ) ;
#3164 = ORIENTED_EDGE ( 'NONE', *, *, #870, .T. ) ;
#3165 = CARTESIAN_POINT ( 'NONE',  ( 5.299999999999999822, -9.825000000000001066, -3.000000000000000000 ) ) ;
#3166 = DIRECTION ( 'NONE',  ( -1.000000000000000000, 2.220446049250000002E-16, 4.065758146821000066E-16 ) ) ;
#3167 = AXIS2_PLACEMENT_3D ( 'NONE', #410, #1648, #2522 ) ;
#3168 = ORIENTED_EDGE ( 'NONE', *, *, #2636, .F. ) ;
#3169 = EDGE_CURVE ( 'NONE', #2100, #317, #860, .T. ) ;
#3170 = ORIENTED_EDGE ( 'NONE', *, *, #3097, .T. ) ;
#3171 = CIRCLE ( 'NONE', #1941, 12.50999999999999979 ) ;
#3172 = DIRECTION ( 'NONE',  ( -1.000000000000000000, 2.220446049250000002E-16, -7.401486830833999598E-16 ) ) ;
#3173 = VECTOR ( 'NONE', #616, 1000.000000000000000 ) ;
#3174 = VECTOR ( 'NONE', #2995, 1000.000000000000000 ) ;
#3175 = VECTOR ( 'NONE', #3641, 1000.000000000000000 ) ;
#3176 = CARTESIAN_POINT ( 'NONE',  ( 4.440892098501000082E-15, 9.000000000000000000, 6.500000000000000000 ) ) ;
#3177 = EDGE_CURVE ( 'NONE', #2232, #1288, #2668, .T. ) ;
#3178 = ORIENTED_EDGE ( 'NONE', *, *, #3183, .T. ) ;
#3179 = EDGE_CURVE ( 'NONE', #2286, #2841, #1183, .T. ) ;
#3180 = AXIS2_PLACEMENT_3D ( 'NONE', #2193, #3075, #335 ) ;
#3181 = CARTESIAN_POINT ( 'NONE',  ( 4.899999999999999467, -9.825000000000001066, 0.8928203230279999625 ) ) ;
#3182 = VECTOR ( 'NONE', #2867, 1000.000000000000000 ) ;
#3183 = EDGE_CURVE ( 'NONE', #113, #1101, #3861, .T. ) ;
#3184 = VERTEX_POINT ( 'NONE', #3901 ) ;
#3185 = DIRECTION ( 'NONE',  ( -1.000000000000000000, 0.0000000000000000000, 0.0000000000000000000 ) ) ;
#3186 = ORIENTED_EDGE ( 'NONE', *, *, #870, .F. ) ;
#3187 = CIRCLE ( 'NONE', #878, 12.50999999999999979 ) ;
#3188 = FACE_OUTER_BOUND ( 'NONE', #3859, .T. ) ;
#3189 = FILL_AREA_STYLE ('',( #655 ) ) ;
#3190 = DIRECTION ( 'NONE',  ( -2.220446049250000002E-16, -1.000000000000000000, 0.0000000000000000000 ) ) ;
#3191 = EDGE_LOOP ( 'NONE', ( #3255, #3279, #2499, #2658 ) ) ;
#3192 = DIRECTION ( 'NONE',  ( -1.000000000000000000, 2.891205793294678326E-16, 0.0000000000000000000 ) ) ;
#3193 = ORIENTED_EDGE ( 'NONE', *, *, #81, .F. ) ;
#3194 = VERTEX_POINT ( 'NONE', #1460 ) ;
#3195 = CARTESIAN_POINT ( 'NONE',  ( -5.000000000000000000, -11.25999999999999979, 11.70000000000000107 ) ) ;
#3196 = LINE ( 'NONE', #649, #943 ) ;
#3197 = DIRECTION ( 'NONE',  ( 0.0000000000000000000, 0.0000000000000000000, -1.000000000000000000 ) ) ;
#3198 = VERTEX_POINT ( 'NONE', #3554 ) ;
#3199 = EDGE_CURVE ( 'NONE', #3457, #693, #3257, .T. ) ;
#3200 = LINE ( 'NONE', #1698, #355 ) ;
#3201 = ADVANCED_FACE ( 'NONE', ( #1137 ), #2361, .F. ) ;
#3202 = EDGE_LOOP ( 'NONE', ( #2322, #1512, #1789, #3012 ) ) ;
#3203 = ORIENTED_EDGE ( 'NONE', *, *, #923, .T. ) ;
#3204 = LINE ( 'NONE', #1189, #547 ) ;
#3205 = DIRECTION ( 'NONE',  ( 1.000000000000000000, 0.0000000000000000000, 0.0000000000000000000 ) ) ;
#3206 = PLANE ( 'NONE',  #855 ) ;
#3207 = ORIENTED_EDGE ( 'NONE', *, *, #890, .F. ) ;
#3208 = FILL_AREA_STYLE ('',( #2926 ) ) ;
#3209 = LINE ( 'NONE', #3250, #611 ) ;
#3210 = ORIENTED_EDGE ( 'NONE', *, *, #2843, .T. ) ;
#3211 = VERTEX_POINT ( 'NONE', #822 ) ;
#3212 = CARTESIAN_POINT ( 'NONE',  ( 5.009999999999999787, -3.700000000000000178, 3.500000000000000000 ) ) ;
#3213 = CARTESIAN_POINT ( 'NONE',  ( 5.000000000000000000, -3.700000000000000178, 3.500000000000000000 ) ) ;
#3214 = CARTESIAN_POINT ( 'NONE',  ( 5.329070518201000674E-15, 15.00000000000000000, 6.500000000000000000 ) ) ;
#3215 = EDGE_LOOP ( 'NONE', ( #1772, #1614, #2747, #2815, #2698, #3193, #1492, #3489 ) ) ;
#3216 =( NAMED_UNIT ( * ) SI_UNIT ( $, .STERADIAN. ) SOLID_ANGLE_UNIT ( ) );
#3217 = ORIENTED_EDGE ( 'NONE', *, *, #3845, .F. ) ;
#3218 = ADVANCED_FACE ( 'NONE', ( #3941 ), #497, .T. ) ;
#3219 = CARTESIAN_POINT ( 'NONE',  ( 5.000000000000000000, -3.700000000000000178, 1.343560762609999903 ) ) ;
#3220 = VECTOR ( 'NONE', #1995, 1000.000000000000000 ) ;
#3221 = DIRECTION ( 'NONE',  ( 2.220446049250000002E-16, 1.000000000000000000, 0.0000000000000000000 ) ) ;
#3222 = DIRECTION ( 'NONE',  ( -8.673617379883999973E-16, 1.925929944387000041E-31, -1.000000000000000000 ) ) ;
#3223 = CIRCLE ( 'NONE', #1164, 12.50999999999999979 ) ;
#3224 = EDGE_CURVE ( 'NONE', #2722, #2311, #3022, .T. ) ;
#3225 = ORIENTED_EDGE ( 'NONE', *, *, #3406, .T. ) ;
#3226 = DIRECTION ( 'NONE',  ( 0.0000000000000000000, 0.0000000000000000000, -1.000000000000000000 ) ) ;
#3227 = ADVANCED_FACE ( 'NONE', ( #326 ), #1535, .F. ) ;
#3228 = DIRECTION ( 'NONE',  ( 0.5000000000001899592, -1.110223024625422041E-16, -0.8660254037843289066 ) ) ;
#3229 = CARTESIAN_POINT ( 'NONE',  ( -3.700000000000000178, -4.825000000000000178, 0.8496820125990000028 ) ) ;
#3230 = ORIENTED_EDGE ( 'NONE', *, *, #74, .F. ) ;
#3231 = ORIENTED_EDGE ( 'NONE', *, *, #2816, .T. ) ;
#3232 = PLANE ( 'NONE',  #3932 ) ;
#3233 = VECTOR ( 'NONE', #3411, 1000.000000000000000 ) ;
#3234 = DIRECTION ( 'NONE',  ( 1.000000000000000000, 0.0000000000000000000, 2.220446049250000297E-15 ) ) ;
#3235 = CARTESIAN_POINT ( 'NONE',  ( 0.5000000000000000000, 0.8000000000000000444, 1.500000000000000000 ) ) ;
#3236 =( GEOMETRIC_REPRESENTATION_CONTEXT ( 3 ) GLOBAL_UNCERTAINTY_ASSIGNED_CONTEXT ( ( #2444 ) ) GLOBAL_UNIT_ASSIGNED_CONTEXT ( ( #265, #1795, #1836 ) ) REPRESENTATION_CONTEXT ( 'NONE', 'WORKASPACE' ) );
#3237 = VECTOR ( 'NONE', #2494, 1000.000000000000000 ) ;
#3238 = ORIENTED_EDGE ( 'NONE', *, *, #2540, .T. ) ;
#3239 =( GEOMETRIC_REPRESENTATION_CONTEXT ( 3 ) GLOBAL_UNCERTAINTY_ASSIGNED_CONTEXT ( ( #242 ) ) GLOBAL_UNIT_ASSIGNED_CONTEXT ( ( #898, #3040, #305 ) ) REPRESENTATION_CONTEXT ( 'NONE', 'WORKASPACE' ) );
#3240 = CIRCLE ( 'NONE', #3881, 12.50999999999999979 ) ;
#3241 = DIRECTION ( 'NONE',  ( 0.0000000000000000000, 0.0000000000000000000, 1.000000000000000000 ) ) ;
#3242 = ORIENTED_EDGE ( 'NONE', *, *, #3541, .F. ) ;
#3243 = VECTOR ( 'NONE', #526, 1000.000000000000000 ) ;
#3244 = CARTESIAN_POINT ( 'NONE',  ( 3.552713678800999489E-15, 7.000000000000000000, 9.500000000000000000 ) ) ;
#3245 = DIRECTION ( 'NONE',  ( 1.000000000000000000, -2.220446049250000002E-16, -4.336808689942000480E-16 ) ) ;
#3246 = AXIS2_PLACEMENT_3D ( 'NONE', #3978, #2697, #2996 ) ;
#3247 = DIRECTION ( 'NONE',  ( -1.000000000000000000, 0.0000000000000000000, 8.673617379883999973E-16 ) ) ;
#3248 = ORIENTED_EDGE ( 'NONE', *, *, #706, .T. ) ;
#3249 = CARTESIAN_POINT ( 'NONE',  ( -5.009999999999999787, -3.700000000000000178, 11.70999999999999908 ) ) ;
#3250 = CARTESIAN_POINT ( 'NONE',  ( -5.299999999999999822, -4.825000000000000178, -3.000000000000000000 ) ) ;
#3251 = LINE ( 'NONE', #1686, #363 ) ;
#3252 = EDGE_CURVE ( 'NONE', #3603, #2902, #1557, .T. ) ;
#3253 = EDGE_CURVE ( 'NONE', #3533, #1406, #3400, .T. ) ;
#3254 = ORIENTED_EDGE ( 'NONE', *, *, #1405, .T. ) ;
#3255 = ORIENTED_EDGE ( 'NONE', *, *, #3523, .F. ) ;
#3256 = CARTESIAN_POINT ( 'NONE',  ( -3.700000000000000178, -9.825000000000001066, 3.000000000000000000 ) ) ;
#3257 = LINE ( 'NONE', #1414, #1315 ) ;
#3258 = EDGE_CURVE ( 'NONE', #3582, #201, #684, .T. ) ;
#3259 = LINE ( 'NONE', #100, #540 ) ;
#3260 = ORIENTED_EDGE ( 'NONE', *, *, #3130, .T. ) ;
#3261 = DIRECTION ( 'NONE',  ( -1.000000000000000000, 2.220446049250000002E-16, 2.168404344971000191E-15 ) ) ;
#3262 = ORIENTED_EDGE ( 'NONE', *, *, #3495, .F. ) ;
#3263 = CARTESIAN_POINT ( 'NONE',  ( 3.552713678800999489E-15, 7.000000000000000000, 6.500000000000000000 ) ) ;
#3264 = PLANE ( 'NONE',  #1258 ) ;
#3265 = DIRECTION ( 'NONE',  ( 0.0000000000000000000, 0.0000000000000000000, -1.000000000000000000 ) ) ;
#3266 = LINE ( 'NONE', #3333, #1552 ) ;
#3267 = CARTESIAN_POINT ( 'NONE',  ( 4.899999999999999467, -5.174999999999999822, 0.8928203230279999625 ) ) ;
#3268 = CARTESIAN_POINT ( 'NONE',  ( -0.2999999999999999889, -4.825000000000000178, 8.881784197000999888E-16 ) ) ;
#3269 = ORIENTED_EDGE ( 'NONE', *, *, #3723, .F. ) ;
#3270 = EDGE_CURVE ( 'NONE', #3286, #2437, #1975, .T. ) ;
#3271 = DIRECTION ( 'NONE',  ( 0.0000000000000000000, 0.0000000000000000000, -1.000000000000000000 ) ) ;
#3272 = FACE_OUTER_BOUND ( 'NONE', #439, .T. ) ;
#3273 = DIRECTION ( 'NONE',  ( 1.000000000000000000, 0.0000000000000000000, 2.891205793295000083E-15 ) ) ;
#3274 = ORIENTED_EDGE ( 'NONE', *, *, #674, .F. ) ;
#3275 = ADVANCED_FACE ( 'NONE', ( #3815 ), #2550, .T. ) ;
#3276 = ADVANCED_FACE ( 'NONE', ( #2226 ), #2854, .F. ) ;
#3277 = CARTESIAN_POINT ( 'NONE',  ( 8.881784197000999888E-16, -4.825000000000000178, 12.80000000000000071 ) ) ;
#3278 = CARTESIAN_POINT ( 'NONE',  ( 0.5000000000000000000, -4.825000000000000178, 1.000000000000000000 ) ) ;
#3279 = ORIENTED_EDGE ( 'NONE', *, *, #2776, .T. ) ;
#3280 = ORIENTED_EDGE ( 'NONE', *, *, #974, .T. ) ;
#3281 = DIRECTION ( 'NONE',  ( -1.000000000000000000, 2.220446049250000002E-16, 5.204170427929999243E-16 ) ) ;
#3282 = DIRECTION ( 'NONE',  ( 0.0000000000000000000, 0.0000000000000000000, 1.000000000000000000 ) ) ;
#3283 = DIRECTION ( 'NONE',  ( 1.000000000000000000, -2.220446049250000002E-16, -1.646488427099000057E-15 ) ) ;
#3284 = ORIENTED_EDGE ( 'NONE', *, *, #519, .F. ) ;
#3285 = LINE ( 'NONE', #1169, #2899 ) ;
#3286 = VERTEX_POINT ( 'NONE', #2507 ) ;
#3287 = DIRECTION ( 'NONE',  ( -0.8660254037843290176, 1.922962686384730098E-16, -0.5000000000001900702 ) ) ;
#3288 = VECTOR ( 'NONE', #2299, 1000.000000000000000 ) ;
#3289 = ORIENTED_EDGE ( 'NONE', *, *, #2411, .F. ) ;
#3290 = LINE ( 'NONE', #2685, #2134 ) ;
#3291 = CIRCLE ( 'NONE', #3544, 0.5000000000000000000 ) ;
#3292 = DIRECTION ( 'NONE',  ( 1.000000000000000000, -2.220446049250000002E-16, -5.782411586589000679E-16 ) ) ;
#3293 = CARTESIAN_POINT ( 'NONE',  ( -2.799999999999999822, -4.825000000000000178, -3.000000000000000000 ) ) ;
#3294 = DIRECTION ( 'NONE',  ( 1.000000000000000000, 0.0000000000000000000, 0.0000000000000000000 ) ) ;
#3295 = EDGE_LOOP ( 'NONE', ( #2325, #3323, #3403, #1322 ) ) ;
#3296 = CIRCLE ( 'NONE', #2332, 12.50999999999999979 ) ;
#3297 = LINE ( 'NONE', #542, #3155 ) ;
#3298 = VECTOR ( 'NONE', #68, 1000.000000000000000 ) ;
#3299 = EDGE_CURVE ( 'NONE', #520, #3707, #3737, .T. ) ;
#3300 = FACE_OUTER_BOUND ( 'NONE', #2365, .T. ) ;
#3301 = CARTESIAN_POINT ( 'NONE',  ( -2.799999999999999822, -9.825000000000001066, -3.000000000000000000 ) ) ;
#3302 = ORIENTED_EDGE ( 'NONE', *, *, #151, .T. ) ;
#3303 = EDGE_CURVE ( 'NONE', #256, #961, #722, .T. ) ;
#3304 = AXIS2_PLACEMENT_3D ( 'NONE', #249, #1464, #63 ) ;
#3305 = VECTOR ( 'NONE', #609, 1000.000000000000000 ) ;
#3306 = VERTEX_POINT ( 'NONE', #1278 ) ;
#3307 = CARTESIAN_POINT ( 'NONE',  ( 0.5000000000000000000, -4.825000000000000178, 4.336808689941999987E-16 ) ) ;
#3308 = CARTESIAN_POINT ( 'NONE',  ( 5.000000000000000000, -9.825000000000001066, 0.0000000000000000000 ) ) ;
#3309 = CARTESIAN_POINT ( 'NONE',  ( -5.000000000000000000, 1.776356839399999804E-15, 0.0000000000000000000 ) ) ;
#3310 = VECTOR ( 'NONE', #1896, 1000.000000000000000 ) ;
#3311 = VERTEX_POINT ( 'NONE', #2526 ) ;
#3312 = DIRECTION ( 'NONE',  ( 2.220446049250000002E-16, 1.000000000000000000, 0.0000000000000000000 ) ) ;
#3313 = ORIENTED_EDGE ( 'NONE', *, *, #1621, .F. ) ;
#3314 = AXIS2_PLACEMENT_3D ( 'NONE', #2085, #3321, #3001 ) ;
#3315 = DIRECTION ( 'NONE',  ( -6.505213034912999980E-16, 0.0000000000000000000, -1.000000000000000000 ) ) ;
#3316 = LINE ( 'NONE', #3268, #1254 ) ;
#3317 = ORIENTED_EDGE ( 'NONE', *, *, #2170, .T. ) ;
#3318 = VECTOR ( 'NONE', #3656, 1000.000000000000000 ) ;
#3319 = DIRECTION ( 'NONE',  ( -1.000000000000000000, 2.220446049250000002E-16, 0.0000000000000000000 ) ) ;
#3320 = VECTOR ( 'NONE', #1680, 1000.000000000000000 ) ;
#3321 = DIRECTION ( 'NONE',  ( -2.220446049250000002E-16, -1.000000000000000000, 0.0000000000000000000 ) ) ;
#3322 = CARTESIAN_POINT ( 'NONE',  ( 0.0000000000000000000, -10.17500000000000071, 12.80000000000000071 ) ) ;
#3323 = ORIENTED_EDGE ( 'NONE', *, *, #3354, .T. ) ;
#3324 = CARTESIAN_POINT ( 'NONE',  ( -3.700000000000000178, -10.17500000000000071, 7.372574772901001011E-15 ) ) ;
#3325 = DIRECTION ( 'NONE',  ( 2.220446049250000002E-16, 1.000000000000000000, 0.0000000000000000000 ) ) ;
#3326 = CARTESIAN_POINT ( 'NONE',  ( -4.700000000000000178, -9.825000000000001066, 8.881784197000999888E-15 ) ) ;
#3327 = ORIENTED_EDGE ( 'NONE', *, *, #3179, .T. ) ;
#3328 = EDGE_CURVE ( 'NONE', #2037, #1140, #1635, .T. ) ;
#3329 = LINE ( 'NONE', #274, #1124 ) ;
#3330 = CARTESIAN_POINT ( 'NONE',  ( 4.899999999999999467, -4.825000000000000178, 1.289565603332000210 ) ) ;
#3331 = ORIENTED_EDGE ( 'NONE', *, *, #3183, .F. ) ;
#3332 = EDGE_CURVE ( 'NONE', #178, #3782, #1889, .T. ) ;
#3333 = CARTESIAN_POINT ( 'NONE',  ( -5.299999999999999822, -4.825000000000000178, -3.000000000000000000 ) ) ;
#3334 = ORIENTED_EDGE ( 'NONE', *, *, #2589, .F. ) ;
#3335 = DIRECTION ( 'NONE',  ( -1.000000000000000000, 2.220446049250000002E-16, 2.023844055306000157E-15 ) ) ;
#3336 = EDGE_CURVE ( 'NONE', #1514, #1455, #3129, .T. ) ;
#3337 = DIRECTION ( 'NONE',  ( 8.673617379883999973E-16, -1.925929944387000041E-31, 1.000000000000000000 ) ) ;
#3338 = VERTEX_POINT ( 'NONE', #2260 ) ;
#3339 = ORIENTED_EDGE ( 'NONE', *, *, #3454, .F. ) ;
#3340 = DIRECTION ( 'NONE',  ( -1.000000000000000000, 2.220446049250000002E-16, -7.401486830833999598E-16 ) ) ;
#3341 = CARTESIAN_POINT ( 'NONE',  ( 5.009999999999999787, -3.700000000000000178, 1.337016095274000005 ) ) ;
#3342 = VERTEX_POINT ( 'NONE', #3490 ) ;
#3343 = CARTESIAN_POINT ( 'NONE',  ( 4.899999999999999467, -9.825000000000001066, 1.289565603332000210 ) ) ;
#3344 = ORIENTED_EDGE ( 'NONE', *, *, #1934, .F. ) ;
#3345 = ORIENTED_EDGE ( 'NONE', *, *, #3074, .F. ) ;
#3346 = CARTESIAN_POINT ( 'NONE',  ( 0.5000000000000000000, -4.825000000000000178, 1.000000000000000000 ) ) ;
#3347 = DIRECTION ( 'NONE',  ( -1.000000000000000000, 2.220446049250000002E-16, 2.168404344971000191E-15 ) ) ;
#3348 = DIRECTION ( 'NONE',  ( 1.000000000000000000, 0.0000000000000000000, 0.0000000000000000000 ) ) ;
#3349 = EDGE_CURVE ( 'NONE', #1769, #1276, #1611, .T. ) ;
#3350 = ORIENTED_EDGE ( 'NONE', *, *, #3406, .F. ) ;
#3351 = LINE ( 'NONE', #509, #3624 ) ;
#3352 = CARTESIAN_POINT ( 'NONE',  ( -2.200000000000000178, -4.825000000000000178, 4.884981308350999589E-15 ) ) ;
#3353 = CARTESIAN_POINT ( 'NONE',  ( -0.5000000000000000000, -5.174999999999999822, 8.881784197000999888E-16 ) ) ;
#3354 = EDGE_CURVE ( 'NONE', #1302, #2781, #1457, .T. ) ;
#3355 = ORIENTED_EDGE ( 'NONE', *, *, #230, .T. ) ;
#3356 = VERTEX_POINT ( 'NONE', #531 ) ;
#3357 = EDGE_CURVE ( 'NONE', #3198, #2800, #3316, .T. ) ;
#3358 = DIRECTION ( 'NONE',  ( -1.000000000000000000, 2.220446049250000002E-16, -7.401486830833999598E-16 ) ) ;
#3359 = FACE_OUTER_BOUND ( 'NONE', #1792, .T. ) ;
#3360 = AXIS2_PLACEMENT_3D ( 'NONE', #1242, #1615, #98 ) ;
#3361 = ADVANCED_FACE ( 'NONE', ( #558 ), #2974, .F. ) ;
#3362 = FACE_OUTER_BOUND ( 'NONE', #2464, .T. ) ;
#3363 = AXIS2_PLACEMENT_3D ( 'NONE', #2335, #3312, #2118 ) ;
#3364 = ORIENTED_EDGE ( 'NONE', *, *, #2589, .T. ) ;
#3365 = PLANE ( 'NONE',  #1800 ) ;
#3366 = CARTESIAN_POINT ( 'NONE',  ( 2.200000000000000178, -9.825000000000001066, -3.000000000000000000 ) ) ;
#3367 = DIRECTION ( 'NONE',  ( -1.000000000000000000, 2.220446049250000002E-16, 0.0000000000000000000 ) ) ;
#3368 = VECTOR ( 'NONE', #58, 1000.000000000000000 ) ;
#3369 = ORIENTED_EDGE ( 'NONE', *, *, #3476, .T. ) ;
#3370 = VECTOR ( 'NONE', #2868, 1000.000000000000000 ) ;
#3371 = DIRECTION ( 'NONE',  ( 0.0000000000000000000, 0.0000000000000000000, -1.000000000000000000 ) ) ;
#3372 = CARTESIAN_POINT ( 'NONE',  ( -5.000000000000000000, 1.776356839399999804E-15, 11.70000000000000107 ) ) ;
#3373 = VECTOR ( 'NONE', #2366, 1000.000000000000000 ) ;
#3374 = ORIENTED_EDGE ( 'NONE', *, *, #496, .T. ) ;
#3375 = LINE ( 'NONE', #1229, #28 ) ;
#3376 = DIRECTION ( 'NONE',  ( 2.220446049250000002E-16, 1.000000000000000000, 0.0000000000000000000 ) ) ;
#3377 = VECTOR ( 'NONE', #3706, 1000.000000000000000 ) ;
#3378 = DIRECTION ( 'NONE',  ( -2.220446049250000002E-16, -1.000000000000000000, 0.0000000000000000000 ) ) ;
#3379 = ORIENTED_EDGE ( 'NONE', *, *, #3824, .T. ) ;
#3380 = CIRCLE ( 'NONE', #3111, 12.50999999999999979 ) ;
#3381 = EDGE_CURVE ( 'NONE', #146, #2153, #240, .T. ) ;
#3382 = VECTOR ( 'NONE', #3935, 1000.000000000000000 ) ;
#3383 = FACE_OUTER_BOUND ( 'NONE', #357, .T. ) ;
#3384 = VERTEX_POINT ( 'NONE', #2681 ) ;
#3385 = CARTESIAN_POINT ( 'NONE',  ( 5.000000000000000000, -3.700000000000000178, 11.70000000000000107 ) ) ;
#3386 = VECTOR ( 'NONE', #168, 1000.000000000000114 ) ;
#3387 = FACE_OUTER_BOUND ( 'NONE', #2987, .T. ) ;
#3388 = AXIS2_PLACEMENT_3D ( 'NONE', #2214, #2824, #1602 ) ;
#3389 = ORIENTED_EDGE ( 'NONE', *, *, #2703, .F. ) ;
#3390 = CARTESIAN_POINT ( 'NONE',  ( 4.700000000000000178, -9.825000000000001066, -3.000000000000000000 ) ) ;
#3391 = LINE ( 'NONE', #3954, #3509 ) ;
#3392 = LINE ( 'NONE', #3651, #3233 ) ;
#3393 = ORIENTED_EDGE ( 'NONE', *, *, #79, .T. ) ;
#3394 = SURFACE_STYLE_FILL_AREA ( #3013 ) ;
#3395 = CARTESIAN_POINT ( 'NONE',  ( 0.5000000000000000000, -3.700000000000000178, 0.2999960000010000183 ) ) ;
#3396 = DIRECTION ( 'NONE',  ( 0.0000000000000000000, 0.0000000000000000000, 1.000000000000000000 ) ) ;
#3397 = ORIENTED_EDGE ( 'NONE', *, *, #403, .F. ) ;
#3398 = LINE ( 'NONE', #3065, #207 ) ;
#3399 = CARTESIAN_POINT ( 'NONE',  ( -4.700000000000000178, -9.825000000000001066, -3.000000000000000000 ) ) ;
#3400 = LINE ( 'NONE', #1913, #161 ) ;
#3401 = CARTESIAN_POINT ( 'NONE',  ( 1.600000000000000089, -9.825000000000001066, -4.440892098500999885E-16 ) ) ;
#3402 = EDGE_CURVE ( 'NONE', #1276, #4, #99, .T. ) ;
#3403 = ORIENTED_EDGE ( 'NONE', *, *, #446, .T. ) ;
#3404 = CARTESIAN_POINT ( 'NONE',  ( 5.000000000000000000, -3.700000000000000178, 11.70000000000000107 ) ) ;
#3405 = CARTESIAN_POINT ( 'NONE',  ( 0.0000000000000000000, -11.25999999999999979, 12.80000000000000071 ) ) ;
#3406 = EDGE_CURVE ( 'NONE', #514, #2094, #1725, .T. ) ;
#3407 = ORIENTED_EDGE ( 'NONE', *, *, #3099, .T. ) ;
#3408 = ADVANCED_FACE ( 'NONE', ( #3874, #780, #492 ), #2296, .T. ) ;
#3409 = CARTESIAN_POINT ( 'NONE',  ( 1.600000000000000089, -4.825000000000000178, -4.440892098500999885E-16 ) ) ;
#3410 =( NAMED_UNIT ( * ) SI_UNIT ( $, .STERADIAN. ) SOLID_ANGLE_UNIT ( ) );
#3411 = DIRECTION ( 'NONE',  ( -2.220446049250000002E-16, -1.000000000000000000, 0.0000000000000000000 ) ) ;
#3412 = VERTEX_POINT ( 'NONE', #1376 ) ;
#3413 = CARTESIAN_POINT ( 'NONE',  ( 5.009999999999999787, -3.700000000000000178, 8.500000000000000000 ) ) ;
#3414 = LINE ( 'NONE', #1756, #599 ) ;
#3415 = VERTEX_POINT ( 'NONE', #3915 ) ;
#3416 = DIRECTION ( 'NONE',  ( -1.000000000000000000, 2.220446049250000002E-16, 1.776356839400000001E-15 ) ) ;
#3417 = LINE ( 'NONE', #2566, #3310 ) ;
#3418 = DIRECTION ( 'NONE',  ( 1.000000000000000000, -2.220446049250000002E-16, 0.0000000000000000000 ) ) ;
#3419 = VERTEX_POINT ( 'NONE', #3531 ) ;
#3420 = FACE_OUTER_BOUND ( 'NONE', #1994, .T. ) ;
#3421 = VECTOR ( 'NONE', #2730, 1000.000000000000000 ) ;
#3422 = VECTOR ( 'NONE', #3340, 1000.000000000000000 ) ;
#3423 = DIRECTION ( 'NONE',  ( 2.220446049250000002E-16, 1.000000000000000000, 0.0000000000000000000 ) ) ;
#3424 = ORIENTED_EDGE ( 'NONE', *, *, #3594, .T. ) ;
#3425 = ADVANCED_FACE ( 'NONE', ( #2945 ), #2014, .F. ) ;
#3426 = DIRECTION ( 'NONE',  ( -2.023844055306000157E-15, 4.493836536903999907E-31, -1.000000000000000000 ) ) ;
#3427 = LINE ( 'NONE', #713, #3102 ) ;
#3428 = EDGE_CURVE ( 'NONE', #1769, #3211, #3251, .T. ) ;
#3429 = VERTEX_POINT ( 'NONE', #3229 ) ;
#3430 = VECTOR ( 'NONE', #3078, 1000.000000000000000 ) ;
#3431 = FACE_OUTER_BOUND ( 'NONE', #1628, .T. ) ;
#3432 = LINE ( 'NONE', #1013, #604 ) ;
#3433 = ORIENTED_EDGE ( 'NONE', *, *, #8, .F. ) ;
#3434 = CARTESIAN_POINT ( 'NONE',  ( -0.5000000000000000000, 0.8000000000000000444, 0.5000000000000000000 ) ) ;
#3435 = VECTOR ( 'NONE', #3228, 1000.000000000000114 ) ;
#3436 = AXIS2_PLACEMENT_3D ( 'NONE', #257, #3630, #2032 ) ;
#3437 = DIRECTION ( 'NONE',  ( 2.220446049250000002E-16, 1.000000000000000000, 0.0000000000000000000 ) ) ;
#3438 = AXIS2_PLACEMENT_3D ( 'NONE', #2895, #668, #2479 ) ;
#3439 = EDGE_LOOP ( 'NONE', ( #183, #1389, #2856, #2238 ) ) ;
#3440 = CARTESIAN_POINT ( 'NONE',  ( 5.000000000000000000, -11.25999999999999979, 11.70000000000000107 ) ) ;
#3441 = VECTOR ( 'NONE', #1666, 1000.000000000000000 ) ;
#3442 = CARTESIAN_POINT ( 'NONE',  ( -5.299999999999999822, -4.825000000000000178, -3.000000000000000000 ) ) ;
#3443 = VERTEX_POINT ( 'NONE', #3857 ) ;
#3444 = VECTOR ( 'NONE', #3909, 1000.000000000000000 ) ;
#3445 = CARTESIAN_POINT ( 'NONE',  ( -5.009999999999999787, -3.700000000000000178, 11.70999999999999908 ) ) ;
#3446 = EDGE_LOOP ( 'NONE', ( #2117, #662, #241, #2678, #2551, #3120, #413, #2426 ) ) ;
#3447 = EDGE_CURVE ( 'NONE', #321, #435, #1411, .T. ) ;
#3448 = EDGE_LOOP ( 'NONE', ( #2809, #1201, #39, #2914 ) ) ;
#3449 = PLANE ( 'NONE',  #3759 ) ;
#3450 = PLANE ( 'NONE',  #1106 ) ;
#3451 = EDGE_CURVE ( 'NONE', #191, #3356, #2375, .T. ) ;
#3452 = EDGE_LOOP ( 'NONE', ( #394, #3886, #1955, #2762 ) ) ;
#3453 = CARTESIAN_POINT ( 'NONE',  ( -3.700000000000000178, -4.825000000000000178, 7.327471962526000035E-15 ) ) ;
#3454 = EDGE_CURVE ( 'NONE', #1055, #2929, #3898, .T. ) ;
#3455 = CARTESIAN_POINT ( 'NONE',  ( -1.776356839399999804E-15, -20.00000000000000000, 12.80000000000000071 ) ) ;
#3456 = CARTESIAN_POINT ( 'NONE',  ( 4.700000000000000178, -9.825000000000001066, -3.000000000000000000 ) ) ;
#3457 = VERTEX_POINT ( 'NONE', #171 ) ;
#3458 = LINE ( 'NONE', #2531, #3088 ) ;
#3459 = CARTESIAN_POINT ( 'NONE',  ( 8.881784197000999888E-16, -4.825000000000000178, -3.000000000000000000 ) ) ;
#3460 = ORIENTED_EDGE ( 'NONE', *, *, #3747, .T. ) ;
#3461 =( NAMED_UNIT ( * ) SI_UNIT ( $, .STERADIAN. ) SOLID_ANGLE_UNIT ( ) );
#3462 = VERTEX_POINT ( 'NONE', #2077 ) ;
#3463 = CARTESIAN_POINT ( 'NONE',  ( 1.600000000000000089, -4.825000000000000178, -4.440892098500999885E-16 ) ) ;
#3464 = PLANE ( 'NONE',  #2480 ) ;
#3465 = EDGE_CURVE ( 'NONE', #3841, #2046, #798, .T. ) ;
#3466 = DIRECTION ( 'NONE',  ( 2.220446049250000002E-16, 1.000000000000000000, 0.0000000000000000000 ) ) ;
#3467 = ORIENTED_EDGE ( 'NONE', *, *, #1331, .T. ) ;
#3468 = DIRECTION ( 'NONE',  ( 8.673617379883999973E-16, -1.925929944387000041E-31, 1.000000000000000000 ) ) ;
#3469 = CARTESIAN_POINT ( 'NONE',  ( 5.299999999999999822, -5.174999999999999822, 0.2000000000000000111 ) ) ;
#3470 = DIRECTION ( 'NONE',  ( 1.000000000000000000, 0.0000000000000000000, 0.0000000000000000000 ) ) ;
#3471 = ADVANCED_FACE ( 'NONE', ( #2314 ), #2626, .F. ) ;
#3472 = EDGE_CURVE ( 'NONE', #777, #3184, #2928, .T. ) ;
#3473 = ORIENTED_EDGE ( 'NONE', *, *, #2991, .T. ) ;
#3474 = VERTEX_POINT ( 'NONE', #3353 ) ;
#3475 = CARTESIAN_POINT ( 'NONE',  ( 3.700000000000000178, -10.17500000000000071, 0.8496820125990000028 ) ) ;
#3476 = EDGE_CURVE ( 'NONE', #2930, #3783, #2778, .T. ) ;
#3477 = LINE ( 'NONE', #729, #1311 ) ;
#3478 = ORIENTED_EDGE ( 'NONE', *, *, #3428, .F. ) ;
#3479 = VECTOR ( 'NONE', #1799, 1000.000000000000000 ) ;
#3480 = DIRECTION ( 'NONE',  ( 0.0000000000000000000, 0.0000000000000000000, -1.000000000000000000 ) ) ;
#3481 = ORIENTED_EDGE ( 'NONE', *, *, #2567, .F. ) ;
#3482 = LINE ( 'NONE', #389, #2883 ) ;
#3483 = VECTOR ( 'NONE', #3982, 1000.000000000000000 ) ;
#3484 =( NAMED_UNIT ( * ) SI_UNIT ( $, .STERADIAN. ) SOLID_ANGLE_UNIT ( ) );
#3485 = DIRECTION ( 'NONE',  ( -2.220446049250000002E-16, -1.000000000000000000, 0.0000000000000000000 ) ) ;
#3486 = AXIS2_PLACEMENT_3D ( 'NONE', #3880, #602, #563 ) ;
#3487 = ORIENTED_EDGE ( 'NONE', *, *, #3050, .F. ) ;
#3488 = DIRECTION ( 'NONE',  ( -1.000000000000000000, 2.220446049250000002E-16, 5.782411586589000679E-16 ) ) ;
#3489 = ORIENTED_EDGE ( 'NONE', *, *, #2611, .F. ) ;
#3490 = CARTESIAN_POINT ( 'NONE',  ( 2.958039891549999911, 15.00000000000000000, 6.000000000000000000 ) ) ;
#3491 = VECTOR ( 'NONE', #3602, 1000.000000000000000 ) ;
#3492 = EDGE_LOOP ( 'NONE', ( #2423, #3588, #3715, #1377 ) ) ;
#3493 = VERTEX_POINT ( 'NONE', #3413 ) ;
#3494 = AXIS2_PLACEMENT_3D ( 'NONE', #3885, #1123, #2349 ) ;
#3495 = EDGE_CURVE ( 'NONE', #3384, #3109, #2216, .T. ) ;
#3496 = CARTESIAN_POINT ( 'NONE',  ( 0.2999999999999999889, -4.825000000000000178, -3.000000000000000000 ) ) ;
#3497 = CIRCLE ( 'NONE', #1879, 12.50000000000000178 ) ;
#3498 = DIRECTION ( 'NONE',  ( 4.336808689942000480E-16, -9.629649721935999724E-32, 1.000000000000000000 ) ) ;
#3499 = PRESENTATION_LAYER_ASSIGNMENT (  '', '', ( #1247 ) ) ;
#3500 = VECTOR ( 'NONE', #3396, 1000.000000000000000 ) ;
#3501 = FACE_OUTER_BOUND ( 'NONE', #3768, .T. ) ;
#3502 = ORIENTED_EDGE ( 'NONE', *, *, #3451, .F. ) ;
#3503 = EDGE_CURVE ( 'NONE', #2942, #758, #576, .T. ) ;
#3504 = CIRCLE ( 'NONE', #2536, 3.000000000000000000 ) ;
#3505 =( LENGTH_UNIT ( ) NAMED_UNIT ( * ) SI_UNIT ( .MILLI., .METRE. ) );
#3506 = VECTOR ( 'NONE', #705, 1000.000000000000000 ) ;
#3507 = ORIENTED_EDGE ( 'NONE', *, *, #594, .T. ) ;
#3508 = CARTESIAN_POINT ( 'NONE',  ( 0.0000000000000000000, -9.825000000000001066, 12.80000000000000071 ) ) ;
#3509 = VECTOR ( 'NONE', #2070, 1000.000000000000000 ) ;
#3510 = CARTESIAN_POINT ( 'NONE',  ( 1.716653721634000096, 0.0000000000000000000, 3.600000000000000089 ) ) ;
#3511 = DIRECTION ( 'NONE',  ( -2.220446049250000002E-16, -1.000000000000000000, 0.0000000000000000000 ) ) ;
#3512 = DIRECTION ( 'NONE',  ( -1.000000000000000000, 2.220446049250000002E-16, 4.440892098500999885E-16 ) ) ;
#3513 = ORIENTED_EDGE ( 'NONE', *, *, #1669, .T. ) ;
#3514 = LINE ( 'NONE', #2053, #3825 ) ;
#3515 = DIRECTION ( 'NONE',  ( 2.220446049250000002E-16, 1.000000000000000000, 0.0000000000000000000 ) ) ;
#3516 = ORIENTED_EDGE ( 'NONE', *, *, #1135, .F. ) ;
#3517 = ORIENTED_EDGE ( 'NONE', *, *, #3349, .F. ) ;
#3518 = FACE_OUTER_BOUND ( 'NONE', #842, .T. ) ;
#3519 = PLANE ( 'NONE',  #3044 ) ;
#3520 = EDGE_CURVE ( 'NONE', #1589, #44, #593, .T. ) ;
#3521 = CARTESIAN_POINT ( 'NONE',  ( -3.700000000000000178, -9.825000000000001066, 3.000000000000000000 ) ) ;
#3522 = ORIENTED_EDGE ( 'NONE', *, *, #3594, .F. ) ;
#3523 = EDGE_CURVE ( 'NONE', #3917, #3700, #31, .T. ) ;
#3524 = VERTEX_POINT ( 'NONE', #1515 ) ;
#3525 = ADVANCED_FACE ( 'NONE', ( #963 ), #2140, .T. ) ;
#3526 = EDGE_LOOP ( 'NONE', ( #2906, #2855, #2892, #696 ) ) ;
#3527 = DIRECTION ( 'NONE',  ( 0.0000000000000000000, 0.0000000000000000000, -1.000000000000000000 ) ) ;
#3528 = PLANE ( 'NONE',  #1561 ) ;
#3529 = EDGE_LOOP ( 'NONE', ( #2073, #3803, #748, #872 ) ) ;
#3530 = DIRECTION ( 'NONE',  ( -1.000000000000000000, 2.220446049250000002E-16, 4.065758146821000066E-16 ) ) ;
#3531 = CARTESIAN_POINT ( 'NONE',  ( 0.2999999999999999889, -5.174999999999999822, 0.0000000000000000000 ) ) ;
#3532 = ORIENTED_EDGE ( 'NONE', *, *, #1714, .F. ) ;
#3533 = VERTEX_POINT ( 'NONE', #2442 ) ;
#3534 = FACE_OUTER_BOUND ( 'NONE', #2340, .T. ) ;
#3535 = DIRECTION ( 'NONE',  ( 5.782411586589000679E-16, -1.283953296257999954E-31, 1.000000000000000000 ) ) ;
#3536 = CARTESIAN_POINT ( 'NONE',  ( 5.000000000000000000, 0.0000000000000000000, 11.70000000000000107 ) ) ;
#3537 = VERTEX_POINT ( 'NONE', #1811 ) ;
#3538 = ORIENTED_EDGE ( 'NONE', *, *, #3539, .T. ) ;
#3539 = EDGE_CURVE ( 'NONE', #3896, #524, #1213, .T. ) ;
#3540 = VECTOR ( 'NONE', #2687, 1000.000000000000000 ) ;
#3541 = EDGE_CURVE ( 'NONE', #758, #272, #947, .T. ) ;
#3542 = LINE ( 'NONE', #1104, #3320 ) ;
#3543 = CARTESIAN_POINT ( 'NONE',  ( 4.700000000000000178, -5.174999999999999822, -3.000000000000000000 ) ) ;
#3544 = AXIS2_PLACEMENT_3D ( 'NONE', #3653, #1147, #237 ) ;
#3545 = ORIENTED_EDGE ( 'NONE', *, *, #2034, .F. ) ;
#3546 = EDGE_CURVE ( 'NONE', #1194, #2563, #2424, .T. ) ;
#3547 = DIRECTION ( 'NONE',  ( -1.000000000000000000, 2.220446049250000002E-16, 2.960594732334000186E-15 ) ) ;
#3548 = LINE ( 'NONE', #2338, #2401 ) ;
#3549 = CARTESIAN_POINT ( 'NONE',  ( -0.5000000000000000000, -9.825000000000001066, 8.881784197000999888E-16 ) ) ;
#3550 = VERTEX_POINT ( 'NONE', #3041 ) ;
#3551 = ORIENTED_EDGE ( 'NONE', *, *, #1619, .F. ) ;
#3552 = CARTESIAN_POINT ( 'NONE',  ( 5.000000000000000000, -5.174999999999999822, 0.0000000000000000000 ) ) ;
#3553 = MECHANICAL_DESIGN_GEOMETRIC_PRESENTATION_REPRESENTATION (  '', ( #3033 ), #2146 ) ;
#3554 = CARTESIAN_POINT ( 'NONE',  ( -0.2999999999999999889, -4.825000000000000178, 8.673617379883999973E-16 ) ) ;
#3555 = DIRECTION ( 'NONE',  ( 0.0000000000000000000, 0.0000000000000000000, -1.000000000000000000 ) ) ;
#3556 = CIRCLE ( 'NONE', #3821, 12.50999999999999979 ) ;
#3557 = ORIENTED_EDGE ( 'NONE', *, *, #1327, .F. ) ;
#3558 = VECTOR ( 'NONE', #2186, 1000.000000000000000 ) ;
#3559 = FACE_OUTER_BOUND ( 'NONE', #1649, .T. ) ;
#3560 = AXIS2_PLACEMENT_3D ( 'NONE', #3729, #2876, #3093 ) ;
#3561 = ORIENTED_EDGE ( 'NONE', *, *, #1940, .F. ) ;
#3562 = DIRECTION ( 'NONE',  ( 2.220446049250000002E-16, 1.000000000000000000, 0.0000000000000000000 ) ) ;
#3563 = DIRECTION ( 'NONE',  ( -2.220446049250000002E-16, -1.000000000000000000, 0.0000000000000000000 ) ) ;
#3564 = DIRECTION ( 'NONE',  ( 2.220446049250000002E-16, 1.000000000000000000, 0.0000000000000000000 ) ) ;
#3565 = EDGE_CURVE ( 'NONE', #1466, #3980, #260, .T. ) ;
#3566 = STYLED_ITEM ( 'NONE', ( #2861 ), #2879 ) ;
#3567 = LINE ( 'NONE', #3912, #2532 ) ;
#3568 = VERTEX_POINT ( 'NONE', #3695 ) ;
#3569 = DIRECTION ( 'NONE',  ( -2.220446049250000002E-16, -1.000000000000000000, 0.0000000000000000000 ) ) ;
#3570 = CARTESIAN_POINT ( 'NONE',  ( -5.000000000000000000, 1.776356839399999804E-15, 0.0000000000000000000 ) ) ;
#3571 = EDGE_CURVE ( 'NONE', #1078, #3198, #2400, .T. ) ;
#3572 = ORIENTED_EDGE ( 'NONE', *, *, #174, .F. ) ;
#3573 = ADVANCED_FACE ( 'NONE', ( #306 ), #3062, .T. ) ;
#3574 = DIRECTION ( 'NONE',  ( -1.000000000000000000, 2.220446049250000002E-16, 0.0000000000000000000 ) ) ;
#3575 = PRESENTATION_STYLE_ASSIGNMENT (( #2040 ) ) ;
#3576 = DIRECTION ( 'NONE',  ( -5.782411586589000679E-16, 1.283953296257999954E-31, -1.000000000000000000 ) ) ;
#3577 = PLANE ( 'NONE',  #1740 ) ;
#3578 = ORIENTED_EDGE ( 'NONE', *, *, #2419, .F. ) ;
#3579 = DIRECTION ( 'NONE',  ( 2.220446049250000002E-16, 1.000000000000000000, 0.0000000000000000000 ) ) ;
#3580 = LINE ( 'NONE', #2093, #2721 ) ;
#3581 = ORIENTED_EDGE ( 'NONE', *, *, #1864, .F. ) ;
#3582 = VERTEX_POINT ( 'NONE', #3634 ) ;
#3583 = FACE_OUTER_BOUND ( 'NONE', #3622, .T. ) ;
#3584 = LINE ( 'NONE', #1127, #1387 ) ;
#3585 = FACE_OUTER_BOUND ( 'NONE', #503, .T. ) ;
#3586 = ORIENTED_EDGE ( 'NONE', *, *, #1187, .F. ) ;
#3587 = CARTESIAN_POINT ( 'NONE',  ( -5.009999999999999787, -3.700000000000000178, 3.500000000000000000 ) ) ;
#3588 = ORIENTED_EDGE ( 'NONE', *, *, #594, .F. ) ;
#3589 = EDGE_CURVE ( 'NONE', #2217, #1589, #881, .T. ) ;
#3590 = CARTESIAN_POINT ( 'NONE',  ( -0.5000000000000000000, -9.825000000000001066, 8.881784197000999888E-16 ) ) ;
#3591 = ORIENTED_EDGE ( 'NONE', *, *, #1613, .F. ) ;
#3592 = CARTESIAN_POINT ( 'NONE',  ( 2.799999999999999822, -10.17500000000000071, -3.000000000000000000 ) ) ;
#3593 = CARTESIAN_POINT ( 'NONE',  ( -4.700000000000000178, -4.825000000000000178, 9.103828801925999642E-15 ) ) ;
#3594 = EDGE_CURVE ( 'NONE', #3524, #295, #2460, .T. ) ;
#3595 = LINE ( 'NONE', #3718, #2152 ) ;
#3596 = CARTESIAN_POINT ( 'NONE',  ( 5.299999999999999822, -5.174999999999999822, -3.000000000000000000 ) ) ;
#3597 = EDGE_CURVE ( 'NONE', #819, #769, #1790, .T. ) ;
#3598 = DIRECTION ( 'NONE',  ( 0.0000000000000000000, 0.0000000000000000000, 1.000000000000000000 ) ) ;
#3599 = ORIENTED_EDGE ( 'NONE', *, *, #2703, .T. ) ;
#3600 = LINE ( 'NONE', #3307, #2155 ) ;
#3601 = CARTESIAN_POINT ( 'NONE',  ( 8.099999999999999645, 9.000000000000000000, 6.000000000000000000 ) ) ;
#3602 = DIRECTION ( 'NONE',  ( -2.220446049250000002E-16, -1.000000000000000000, 0.0000000000000000000 ) ) ;
#3603 = VERTEX_POINT ( 'NONE', #3014 ) ;
#3604 = VECTOR ( 'NONE', #1946, 1000.000000000000000 ) ;
#3605 = CARTESIAN_POINT ( 'NONE',  ( -4.899999999999999467, -5.174999999999999822, 1.289565603332000210 ) ) ;
#3606 = ORIENTED_EDGE ( 'NONE', *, *, #2617, .F. ) ;
#3607 = CARTESIAN_POINT ( 'NONE',  ( -0.2999999999999999889, -9.825000000000001066, 8.673617379883999973E-16 ) ) ;
#3608 = DIRECTION ( 'NONE',  ( 1.000000000000000000, -2.220446049250000002E-16, -8.673617379883999973E-16 ) ) ;
#3609 = AXIS2_PLACEMENT_3D ( 'NONE', #2765, #70, #1319 ) ;
#3610 = ORIENTED_EDGE ( 'NONE', *, *, #3541, .T. ) ;
#3611 = ORIENTED_EDGE ( 'NONE', *, *, #1381, .T. ) ;
#3612 = LINE ( 'NONE', #2056, #1232 ) ;
#3613 = DIRECTION ( 'NONE',  ( 2.220446049250000002E-16, 1.000000000000000000, 0.0000000000000000000 ) ) ;
#3614 = CARTESIAN_POINT ( 'NONE',  ( -2.799999999999999822, -9.825000000000001066, 0.6073751800519999744 ) ) ;
#3615 = ADVANCED_FACE ( 'NONE', ( #2719 ), #280, .F. ) ;
#3616 = AXIS2_PLACEMENT_3D ( 'NONE', #2178, #2692, #3348 ) ;
#3617 = CARTESIAN_POINT ( 'NONE',  ( 3.700000000000000178, -9.825000000000001066, 0.8496820125990000028 ) ) ;
#3618 = VECTOR ( 'NONE', #2862, 1000.000000000000000 ) ;
#3619 = CARTESIAN_POINT ( 'NONE',  ( -4.700000000000000178, -9.825000000000001066, -3.000000000000000000 ) ) ;
#3620 = DIRECTION ( 'NONE',  ( -5.204170427929999243E-16, 1.155557966631999945E-31, -1.000000000000000000 ) ) ;
#3621 = ADVANCED_FACE ( 'NONE', ( #1348 ), #358, .F. ) ;
#3622 = EDGE_LOOP ( 'NONE', ( #2640, #3538, #2699, #153 ) ) ;
#3623 = VECTOR ( 'NONE', #1873, 1000.000000000000000 ) ;
#3624 = VECTOR ( 'NONE', #1722, 1000.000000000000000 ) ;
#3625 = ORIENTED_EDGE ( 'NONE', *, *, #1550, .T. ) ;
#3626 = CARTESIAN_POINT ( 'NONE',  ( -3.700000000000000178, -9.825000000000001066, 7.327471962526000035E-15 ) ) ;
#3627 = FACE_OUTER_BOUND ( 'NONE', #548, .T. ) ;
#3628 = VECTOR ( 'NONE', #1924, 1000.000000000000000 ) ;
#3629 = ORIENTED_EDGE ( 'NONE', *, *, #1730, .F. ) ;
#3630 = DIRECTION ( 'NONE',  ( 2.220446049250000002E-16, 1.000000000000000000, 0.0000000000000000000 ) ) ;
#3631 = ORIENTED_EDGE ( 'NONE', *, *, #2909, .T. ) ;
#3632 = AXIS2_PLACEMENT_3D ( 'NONE', #3263, #505, #2291 ) ;
#3633 = PLANE ( 'NONE',  #1498 ) ;
#3634 = CARTESIAN_POINT ( 'NONE',  ( 4.700000000000000178, -9.825000000000001066, -1.301042606982999948E-15 ) ) ;
#3635 = VERTEX_POINT ( 'NONE', #2545 ) ;
#3636 = AXIS2_PLACEMENT_3D ( 'NONE', #3549, #2356, #1706 ) ;
#3637 = ORIENTED_EDGE ( 'NONE', *, *, #578, .T. ) ;
#3638 = CARTESIAN_POINT ( 'NONE',  ( 1.776356839399999804E-15, 1.776356839399999804E-15, 0.2999999999999999889 ) ) ;
#3639 = AXIS2_PLACEMENT_3D ( 'NONE', #1987, #3221, #2006 ) ;
#3640 = DIRECTION ( 'NONE',  ( -2.220446049250000002E-16, -1.000000000000000000, 0.0000000000000000000 ) ) ;
#3641 = DIRECTION ( 'NONE',  ( -1.000000000000000000, 2.220446049250000002E-16, 0.0000000000000000000 ) ) ;
#3642 = ORIENTED_EDGE ( 'NONE', *, *, #3703, .T. ) ;
#3643 = CARTESIAN_POINT ( 'NONE',  ( -0.5000000000000000000, -4.825000000000000178, 8.881784197000999888E-16 ) ) ;
#3644 = EDGE_CURVE ( 'NONE', #1859, #3568, #2810, .T. ) ;
#3645 = LINE ( 'NONE', #3619, #2897 ) ;
#3646 = DIRECTION ( 'NONE',  ( 2.220446049250000002E-16, 1.000000000000000000, 0.0000000000000000000 ) ) ;
#3647 = ORIENTED_EDGE ( 'NONE', *, *, #2802, .F. ) ;
#3648 = EDGE_CURVE ( 'NONE', #2234, #3412, #3140, .T. ) ;
#3649 = CARTESIAN_POINT ( 'NONE',  ( 1.716653721634000096, 15.00000000000000000, 3.600000000000000089 ) ) ;
#3650 = FACE_OUTER_BOUND ( 'NONE', #853, .T. ) ;
#3651 = CARTESIAN_POINT ( 'NONE',  ( -5.299999999999999822, -9.825000000000001066, -3.000000000000000000 ) ) ;
#3652 = ORIENTED_EDGE ( 'NONE', *, *, #318, .T. ) ;
#3653 = CARTESIAN_POINT ( 'NONE',  ( 0.5000000000000000000, 1.776356839399999804E-15, 1.000000000000000000 ) ) ;
#3654 = ORIENTED_EDGE ( 'NONE', *, *, #2175, .F. ) ;
#3655 = ADVANCED_FACE ( 'NONE', ( #2577 ), #3809, .F. ) ;
#3656 = DIRECTION ( 'NONE',  ( 5.963111948670000258E-16, -1.324076836766000003E-31, 1.000000000000000000 ) ) ;
#3657 = ORIENTED_EDGE ( 'NONE', *, *, #770, .F. ) ;
#3658 = UNCERTAINTY_MEASURE_WITH_UNIT (LENGTH_MEASURE( 1.000000000000000082E-05 ), #3058, 'distance_accuracy_value', 'NONE');
#3659 = MANIFOLD_SOLID_BREP ( 'RS1010.STEP', #2823 ) ;
#3660 = CYLINDRICAL_SURFACE ( 'NONE', #1672, 3.000000000000000000 ) ;
#3661 = LINE ( 'NONE', #3399, #1819 ) ;
#3662 = DIRECTION ( 'NONE',  ( 0.0000000000000000000, -1.000000000000000000, 3.845925372768000310E-16 ) ) ;
#3663 = ORIENTED_EDGE ( 'NONE', *, *, #1961, .T. ) ;
#3664 = LINE ( 'NONE', #2753, #3421 ) ;
#3665 = CARTESIAN_POINT ( 'NONE',  ( 2.799999999999999822, -9.825000000000001066, 2.000000000000000000 ) ) ;
#3666 = VERTEX_POINT ( 'NONE', #3777 ) ;
#3667 = CARTESIAN_POINT ( 'NONE',  ( 0.0000000000000000000, -9.825000000000001066, 12.80000000000000071 ) ) ;
#3668 = CARTESIAN_POINT ( 'NONE',  ( 5.009999999999999787, -11.25999999999999979, 1.337016095274000005 ) ) ;
#3669 = ADVANCED_FACE ( 'NONE', ( #1591 ), #3464, .F. ) ;
#3670 = ORIENTED_EDGE ( 'NONE', *, *, #3357, .F. ) ;
#3671 = DIRECTION ( 'NONE',  ( -2.220446049250000002E-16, -1.000000000000000000, 0.0000000000000000000 ) ) ;
#3672 = ORIENTED_EDGE ( 'NONE', *, *, #81, .T. ) ;
#3673 = CARTESIAN_POINT ( 'NONE',  ( 2.200000000000000178, -9.825000000000001066, 0.0000000000000000000 ) ) ;
#3674 = CARTESIAN_POINT ( 'NONE',  ( -0.2999999999999999889, -5.174999999999999822, -3.000000000000000000 ) ) ;
#3675 = LINE ( 'NONE', #2182, #225 ) ;
#3676 = ADVANCED_FACE ( 'NONE', ( #3431 ), #2851, .T. ) ;
#3677 = VERTEX_POINT ( 'NONE', #1574 ) ;
#3678 = DIRECTION ( 'NONE',  ( -2.220446049250000002E-16, -1.000000000000000000, 0.0000000000000000000 ) ) ;
#3679 = VECTOR ( 'NONE', #2318, 1000.000000000000000 ) ;
#3680 = CARTESIAN_POINT ( 'NONE',  ( -4.700000000000000178, -4.825000000000000178, -3.000000000000000000 ) ) ;
#3681 = EDGE_LOOP ( 'NONE', ( #325, #869, #736, #196, #120, #687, #3350, #2491, #3965, #1351, #2913, #2791 ) ) ;
#3682 = CARTESIAN_POINT ( 'NONE',  ( 2.799999999999999822, -4.825000000000000178, 2.000000000000000000 ) ) ;
#3683 = PLANE ( 'NONE',  #1750 ) ;
#3684 = LINE ( 'NONE', #1600, #800 ) ;
#3685 = VECTOR ( 'NONE', #2267, 1000.000000000000000 ) ;
#3686 = VERTEX_POINT ( 'NONE', #1333 ) ;
#3687 = VECTOR ( 'NONE', #341, 1000.000000000000000 ) ;
#3688 = CARTESIAN_POINT ( 'NONE',  ( -4.700000000000000178, -5.174999999999999822, -3.000000000000000000 ) ) ;
#3689 = LINE ( 'NONE', #893, #793 ) ;
#3690 = CIRCLE ( 'NONE', #1622, 3.370000000000000107 ) ;
#3691 = VECTOR ( 'NONE', #3711, 1000.000000000000000 ) ;
#3692 = EDGE_LOOP ( 'NONE', ( #3663, #1088, #3950, #3091 ) ) ;
#3693 = DIRECTION ( 'NONE',  ( 0.5000000000001899592, -1.110223024625422041E-16, 0.8660254037843289066 ) ) ;
#3694 = DIRECTION ( 'NONE',  ( 2.220446049250000002E-16, 1.000000000000000000, 0.0000000000000000000 ) ) ;
#3695 = CARTESIAN_POINT ( 'NONE',  ( -2.799999999999999822, -5.174999999999999822, 0.6073751800519999744 ) ) ;
#3696 = COLOUR_RGB ( '',0.3333333333333333148, 0.3333333333333333148, 1.000000000000000000 ) ;
#3697 = EDGE_CURVE ( 'NONE', #1101, #1366, #1925, .T. ) ;
#3698 = VECTOR ( 'NONE', #3826, 1000.000000000000000 ) ;
#3699 = CARTESIAN_POINT ( 'NONE',  ( -4.899999999999999467, -5.174999999999999822, 0.8928203230279999625 ) ) ;
#3700 = VERTEX_POINT ( 'NONE', #3161 ) ;
#3701 = CIRCLE ( 'NONE', #806, 3.370000000000000107 ) ;
#3702 = CARTESIAN_POINT ( 'NONE',  ( -5.000000000000000000, -11.25999999999999979, 3.500000000000000000 ) ) ;
#3703 = EDGE_CURVE ( 'NONE', #603, #1769, #1002, .T. ) ;
#3704 = AXIS2_PLACEMENT_3D ( 'NONE', #3100, #3753, #87 ) ;
#3705 = EDGE_CURVE ( 'NONE', #3311, #1587, #2561, .T. ) ;
#3706 = DIRECTION ( 'NONE',  ( 2.220446049250000002E-16, 1.000000000000000000, 0.0000000000000000000 ) ) ;
#3707 = VERTEX_POINT ( 'NONE', #1949 ) ;
#3708 = CARTESIAN_POINT ( 'NONE',  ( 4.700000000000000178, -4.825000000000000178, -3.000000000000000000 ) ) ;
#3709 = VECTOR ( 'NONE', #143, 1000.000000000000000 ) ;
#3710 = FILL_AREA_STYLE ('',( #1021 ) ) ;
#3711 = DIRECTION ( 'NONE',  ( -2.220446049250000002E-16, -1.000000000000000000, 0.0000000000000000000 ) ) ;
#3712 = ORIENTED_EDGE ( 'NONE', *, *, #3299, .F. ) ;
#3713 = CARTESIAN_POINT ( 'NONE',  ( 2.799999999999999822, -9.825000000000001066, -3.000000000000000000 ) ) ;
#3714 = DIRECTION ( 'NONE',  ( 0.0000000000000000000, 0.0000000000000000000, -1.000000000000000000 ) ) ;
#3715 = ORIENTED_EDGE ( 'NONE', *, *, #1405, .F. ) ;
#3716 = CARTESIAN_POINT ( 'NONE',  ( -5.299999999999999822, -9.825000000000001066, 0.2000000000000000111 ) ) ;
#3717 = DIRECTION ( 'NONE',  ( 2.220446049250000002E-16, 1.000000000000000000, 0.0000000000000000000 ) ) ;
#3718 = CARTESIAN_POINT ( 'NONE',  ( -2.200000000000000178, -5.174999999999999822, 4.884981308350999589E-15 ) ) ;
#3719 = ORIENTED_EDGE ( 'NONE', *, *, #3381, .T. ) ;
#3720 = CARTESIAN_POINT ( 'NONE',  ( -5.009999999999999787, -11.25999999999999979, 3.500000000000000000 ) ) ;
#3721 = DIRECTION ( 'NONE',  ( -2.220446049250000002E-16, -1.000000000000000000, 0.0000000000000000000 ) ) ;
#3722 = VERTEX_POINT ( 'NONE', #2222 ) ;
#3723 = EDGE_CURVE ( 'NONE', #3148, #3184, #2502, .T. ) ;
#3724 = CARTESIAN_POINT ( 'NONE',  ( 5.299999999999999822, -4.825000000000000178, -3.000000000000000000 ) ) ;
#3725 = ADVANCED_FACE ( 'NONE', ( #2048 ), #2676, .F. ) ;
#3726 = FACE_BOUND ( 'NONE', #1107, .T. ) ;
#3727 = LINE ( 'NONE', #2190, #1942 ) ;
#3728 = ORIENTED_EDGE ( 'NONE', *, *, #3644, .T. ) ;
#3729 = CARTESIAN_POINT ( 'NONE',  ( 5.329070518201000674E-15, 15.00000000000000000, 6.500000000000000000 ) ) ;
#3730 = EDGE_LOOP ( 'NONE', ( #856, #2403, #3331, #3647, #2592, #1042 ) ) ;
#3731 = ORIENTED_EDGE ( 'NONE', *, *, #57, .F. ) ;
#3732 = DIRECTION ( 'NONE',  ( 0.0000000000000000000, 0.0000000000000000000, 1.000000000000000000 ) ) ;
#3733 = CARTESIAN_POINT ( 'NONE',  ( 5.329070518201000674E-15, 15.00000000000000000, 6.500000000000000000 ) ) ;
#3734 = VERTEX_POINT ( 'NONE', #2330 ) ;
#3735 = FACE_OUTER_BOUND ( 'NONE', #2674, .T. ) ;
#3736 = DIRECTION ( 'NONE',  ( -1.000000000000000000, 2.220446049250000002E-16, 2.168404344971000191E-15 ) ) ;
#3737 = LINE ( 'NONE', #1321, #3441 ) ;
#3738 = DIRECTION ( 'NONE',  ( -1.000000000000000000, 2.220446049250000002E-16, 1.776356839400000001E-15 ) ) ;
#3739 = ORIENTED_EDGE ( 'NONE', *, *, #1919, .F. ) ;
#3740 = PLANE ( 'NONE',  #1096 ) ;
#3741 = AXIS2_PLACEMENT_3D ( 'NONE', #1059, #2283, #766 ) ;
#3742 = EDGE_CURVE ( 'NONE', #461, #44, #2904, .T. ) ;
#3743 = CARTESIAN_POINT ( 'NONE',  ( 3.552713678800999489E-15, 7.000000000000000000, 6.500000000000000000 ) ) ;
#3744 = FACE_OUTER_BOUND ( 'NONE', #3833, .T. ) ;
#3745 = EDGE_LOOP ( 'NONE', ( #2080, #52, #2888, #573, #3302, #3364, #95, #1554 ) ) ;
#3746 = FILL_AREA_STYLE_COLOUR ( '', #2543 ) ;
#3747 = EDGE_CURVE ( 'NONE', #3474, #268, #204, .T. ) ;
#3748 = DIRECTION ( 'NONE',  ( -1.734723475977000168E-15, 3.851859888774000082E-31, -1.000000000000000000 ) ) ;
#3749 = ORIENTED_EDGE ( 'NONE', *, *, #650, .F. ) ;
#3750 = EDGE_CURVE ( 'NONE', #3125, #2574, #1068, .T. ) ;
#3751 = CARTESIAN_POINT ( 'NONE',  ( -1.000000000000000000, 0.8000000000000000444, 1.500000000000000000 ) ) ;
#3752 = CIRCLE ( 'NONE', #2072, 3.000000000000000000 ) ;
#3753 = DIRECTION ( 'NONE',  ( -1.000000000000000000, 2.220446049250000002E-16, 5.782411586589000679E-16 ) ) ;
#3754 = CARTESIAN_POINT ( 'NONE',  ( -0.2999999999999999889, -9.825000000000001066, -3.000000000000000000 ) ) ;
#3755 = PRESENTATION_LAYER_ASSIGNMENT (  '', '', ( #1563 ) ) ;
#3756 = CIRCLE ( 'NONE', #993, 0.5000000000000000000 ) ;
#3757 = ORIENTED_EDGE ( 'NONE', *, *, #1914, .F. ) ;
#3758 = DIRECTION ( 'NONE',  ( 0.5000000000001899592, -1.110223024625422041E-16, 0.8660254037843289066 ) ) ;
#3759 = AXIS2_PLACEMENT_3D ( 'NONE', #432, #675, #30 ) ;
#3760 = AXIS2_PLACEMENT_3D ( 'NONE', #3214, #1998, #459 ) ;
#3761 = FACE_OUTER_BOUND ( 'NONE', #3452, .T. ) ;
#3762 = LINE ( 'NONE', #3048, #3558 ) ;
#3763 = VECTOR ( 'NONE', #767, 1000.000000000000000 ) ;
#3764 = ORIENTED_EDGE ( 'NONE', *, *, #3705, .T. ) ;
#3765 = CARTESIAN_POINT ( 'NONE',  ( 5.000000000000000000, -10.17500000000000071, 0.0000000000000000000 ) ) ;
#3766 =( GEOMETRIC_REPRESENTATION_CONTEXT ( 3 ) GLOBAL_UNCERTAINTY_ASSIGNED_CONTEXT ( ( #1708 ) ) GLOBAL_UNIT_ASSIGNED_CONTEXT ( ( #2300, #1237, #623 ) ) REPRESENTATION_CONTEXT ( 'NONE', 'WORKASPACE' ) );
#3767 = PLANE ( 'NONE',  #672 ) ;
#3768 = EDGE_LOOP ( 'NONE', ( #1717, #3591, #1843, #301 ) ) ;
#3769 = VECTOR ( 'NONE', #1028, 1000.000000000000000 ) ;
#3770 = EDGE_CURVE ( 'NONE', #3896, #2408, #2280, .T. ) ;
#3771 = CARTESIAN_POINT ( 'NONE',  ( -3.700000000000000178, -4.825000000000000178, 7.372574772901001011E-15 ) ) ;
#3772 = ORIENTED_EDGE ( 'NONE', *, *, #2847, .T. ) ;
#3773 = EDGE_LOOP ( 'NONE', ( #877, #2764, #55, #1471 ) ) ;
#3774 = EDGE_CURVE ( 'NONE', #3211, #3194, #185, .T. ) ;
#3775 = CARTESIAN_POINT ( 'NONE',  ( -2.200000000000000178, -10.17500000000000071, -3.000000000000000000 ) ) ;
#3776 = EDGE_CURVE ( 'NONE', #3937, #1612, #1144, .T. ) ;
#3777 = CARTESIAN_POINT ( 'NONE',  ( -0.5000000000000000000, 1.776356839399999804E-15, 0.5000000000000000000 ) ) ;
#3778 = DIRECTION ( 'NONE',  ( -4.065758146821000066E-16, 9.027796614314999467E-32, -1.000000000000000000 ) ) ;
#3779 = ORIENTED_EDGE ( 'NONE', *, *, #1961, .F. ) ;
#3780 = EDGE_CURVE ( 'NONE', #2881, #59, #1636, .T. ) ;
#3781 = DIRECTION ( 'NONE',  ( -1.000000000000000000, 2.220446049250000002E-16, 0.0000000000000000000 ) ) ;
#3782 = VERTEX_POINT ( 'NONE', #527 ) ;
#3783 = VERTEX_POINT ( 'NONE', #2885 ) ;
#3784 = LINE ( 'NONE', #1020, #2253 ) ;
#3785 = FACE_BOUND ( 'NONE', #402, .T. ) ;
#3786 = DIRECTION ( 'NONE',  ( 2.220446049250000002E-16, 1.000000000000000000, 0.0000000000000000000 ) ) ;
#3787 = ORIENTED_EDGE ( 'NONE', *, *, #1500, .F. ) ;
#3788 = CARTESIAN_POINT ( 'NONE',  ( 0.5000000000000000000, -4.825000000000000178, 4.336808689941999987E-16 ) ) ;
#3789 = ORIENTED_EDGE ( 'NONE', *, *, #3990, .F. ) ;
#3790 = LINE ( 'NONE', #107, #786 ) ;
#3791 = LINE ( 'NONE', #2250, #96 ) ;
#3792 = EDGE_CURVE ( 'NONE', #1345, #3783, #813, .T. ) ;
#3793 = ORIENTED_EDGE ( 'NONE', *, *, #1663, .T. ) ;
#3794 = CARTESIAN_POINT ( 'NONE',  ( 5.299999999999999822, -9.825000000000001066, 0.2000000000000000111 ) ) ;
#3795 = DIRECTION ( 'NONE',  ( 1.000000000000000000, -2.220446049250000002E-16, -2.168404344971000191E-15 ) ) ;
#3796 = CARTESIAN_POINT ( 'NONE',  ( 0.5000000000000000000, -9.825000000000001066, 4.440892098500999885E-16 ) ) ;
#3797 = ADVANCED_FACE ( 'NONE', ( #830 ), #1085, .T. ) ;
#3798 = ORIENTED_EDGE ( 'NONE', *, *, #1508, .T. ) ;
#3799 = EDGE_LOOP ( 'NONE', ( #836, #2737, #2515, #742 ) ) ;
#3800 = LINE ( 'NONE', #3496, #1481 ) ;
#3801 = DIRECTION ( 'NONE',  ( 5.963111948670000258E-16, -1.324076836766000003E-31, 1.000000000000000000 ) ) ;
#3802 = LINE ( 'NONE', #1360, #1616 ) ;
#3803 = ORIENTED_EDGE ( 'NONE', *, *, #776, .F. ) ;
#3804 = AXIS2_PLACEMENT_3D ( 'NONE', #397, #1918, #2474 ) ;
#3805 = DIRECTION ( 'NONE',  ( -1.734723475977000168E-15, 0.0000000000000000000, -1.000000000000000000 ) ) ;
#3806 = ORIENTED_EDGE ( 'NONE', *, *, #179, .F. ) ;
#3807 = ORIENTED_EDGE ( 'NONE', *, *, #3589, .F. ) ;
#3808 = LINE ( 'NONE', #1048, #871 ) ;
#3809 = PLANE ( 'NONE',  #3704 ) ;
#3810 = DIRECTION ( 'NONE',  ( 2.220446049250000002E-16, 1.000000000000000000, 0.0000000000000000000 ) ) ;
#3811 = AXIS2_PLACEMENT_3D ( 'NONE', #2244, #2285, #2321 ) ;
#3812 = ORIENTED_EDGE ( 'NONE', *, *, #3824, .F. ) ;
#3813 = LINE ( 'NONE', #128, #2579 ) ;
#3814 = DIRECTION ( 'NONE',  ( -4.065758146821000066E-16, 9.027796614314999467E-32, -1.000000000000000000 ) ) ;
#3815 = FACE_OUTER_BOUND ( 'NONE', #3745, .T. ) ;
#3816 = VECTOR ( 'NONE', #1409, 1000.000000000000000 ) ;
#3817 = ORIENTED_EDGE ( 'NONE', *, *, #2170, .F. ) ;
#3818 = EDGE_LOOP ( 'NONE', ( #1219, #3225, #1905, #247, #2623 ) ) ;
#3819 = MECHANICAL_DESIGN_GEOMETRIC_PRESENTATION_REPRESENTATION (  '', ( #606 ), #1433 ) ;
#3820 = LINE ( 'NONE', #1639, #2517 ) ;
#3821 = AXIS2_PLACEMENT_3D ( 'NONE', #1022, #3786, #3197 ) ;
#3822 = EDGE_CURVE ( 'NONE', #2432, #3937, #3584, .T. ) ;
#3823 = LINE ( 'NONE', #3409, #1441 ) ;
#3824 = EDGE_CURVE ( 'NONE', #1506, #2232, #1408, .T. ) ;
#3825 = VECTOR ( 'NONE', #2973, 1000.000000000000000 ) ;
#3826 = DIRECTION ( 'NONE',  ( -2.220446049250000002E-16, -1.000000000000000000, 0.0000000000000000000 ) ) ;
#3827 = VERTEX_POINT ( 'NONE', #3835 ) ;
#3828 = VECTOR ( 'NONE', #123, 1000.000000000000000 ) ;
#3829 = FACE_OUTER_BOUND ( 'NONE', #1023, .T. ) ;
#3830 = VECTOR ( 'NONE', #1231, 1000.000000000000000 ) ;
#3831 = ORIENTED_EDGE ( 'NONE', *, *, #291, .T. ) ;
#3832 = DIRECTION ( 'NONE',  ( -4.336808689942000480E-16, 9.629649721935999724E-32, -1.000000000000000000 ) ) ;
#3833 = EDGE_LOOP ( 'NONE', ( #2316, #2752, #2615, #2523 ) ) ;
#3834 = VECTOR ( 'NONE', #761, 1000.000000000000000 ) ;
#3835 = CARTESIAN_POINT ( 'NONE',  ( 2.799999999999999822, -5.174999999999999822, -3.000000000000000000 ) ) ;
#3836 = FACE_OUTER_BOUND ( 'NONE', #1197, .T. ) ;
#3837 = ORIENTED_EDGE ( 'NONE', *, *, #2303, .F. ) ;
#3838 = CARTESIAN_POINT ( 'NONE',  ( 0.0000000000000000000, -11.25999999999999979, 8.500000000000000000 ) ) ;
#3839 = CARTESIAN_POINT ( 'NONE',  ( 0.0000000000000000000, -11.25999999999999979, 3.500000000000000000 ) ) ;
#3840 = ORIENTED_EDGE ( 'NONE', *, *, #2870, .T. ) ;
#3841 = VERTEX_POINT ( 'NONE', #1701 ) ;
#3842 = DIRECTION ( 'NONE',  ( 1.000000000000000000, 0.0000000000000000000, 7.401486830833999598E-16 ) ) ;
#3843 = LINE ( 'NONE', #960, #1950 ) ;
#3844 = DIRECTION ( 'NONE',  ( 0.0000000000000000000, 0.0000000000000000000, -1.000000000000000000 ) ) ;
#3845 = EDGE_CURVE ( 'NONE', #2047, #693, #2637, .T. ) ;
#3846 = ORIENTED_EDGE ( 'NONE', *, *, #1796, .F. ) ;
#3847 = EDGE_CURVE ( 'NONE', #3917, #170, #3542, .T. ) ;
#3848 = DIRECTION ( 'NONE',  ( 2.220446049250000002E-16, 1.000000000000000000, 0.0000000000000000000 ) ) ;
#3849 = ADVANCED_FACE ( 'NONE', ( #1390 ), #3264, .F. ) ;
#3850 = EDGE_LOOP ( 'NONE', ( #2163, #2922, #1821, #902 ) ) ;
#3851 = LINE ( 'NONE', #844, #1862 ) ;
#3852 = DIRECTION ( 'NONE',  ( 1.000000000000000000, -2.220446049250000002E-16, 0.0000000000000000000 ) ) ;
#3853 = CARTESIAN_POINT ( 'NONE',  ( 1.776356839399999804E-15, -3.700000000000000178, 12.80000000000000071 ) ) ;
#3854 = LINE ( 'NONE', #553, #217 ) ;
#3855 = ORIENTED_EDGE ( 'NONE', *, *, #126, .T. ) ;
#3856 = CARTESIAN_POINT ( 'NONE',  ( -1.716653721634000096, 7.000000000000000000, 3.600000000000000089 ) ) ;
#3857 = CARTESIAN_POINT ( 'NONE',  ( -5.299999999999999822, -5.174999999999999822, -3.000000000000000000 ) ) ;
#3858 = ORIENTED_EDGE ( 'NONE', *, *, #1281, .T. ) ;
#3859 = EDGE_LOOP ( 'NONE', ( #2683, #2262, #3572, #2350, #2729, #3904, #2654, #3313 ) ) ;
#3860 = PLANE ( 'NONE',  #1038 ) ;
#3861 = LINE ( 'NONE', #2346, #2212 ) ;
#3862 = CYLINDRICAL_SURFACE ( 'NONE', #3760, 3.370000000000000551 ) ;
#3863 = ORIENTED_EDGE ( 'NONE', *, *, #1179, .F. ) ;
#3864 = EDGE_CURVE ( 'NONE', #461, #1209, #506, .T. ) ;
#3865 = VERTEX_POINT ( 'NONE', #2965 ) ;
#3866 = AXIS2_PLACEMENT_3D ( 'NONE', #3508, #1046, #2864 ) ;
#3867 = ADVANCED_FACE ( 'NONE', ( #1451 ), #1970, .F. ) ;
#3868 = CARTESIAN_POINT ( 'NONE',  ( -0.5000000000000000000, -10.17500000000000071, 8.881784197000999888E-16 ) ) ;
#3869 = CARTESIAN_POINT ( 'NONE',  ( 4.899999999999999467, -4.825000000000000178, 0.8928203230279999625 ) ) ;
#3870 = LINE ( 'NONE', #1452, #3491 ) ;
#3871 = EDGE_CURVE ( 'NONE', #2297, #3524, #3391, .T. ) ;
#3872 = CARTESIAN_POINT ( 'NONE',  ( -2.200000000000000178, -9.825000000000001066, 4.884981308350999589E-15 ) ) ;
#3873 = DIRECTION ( 'NONE',  ( 0.0000000000000000000, 0.0000000000000000000, -1.000000000000000000 ) ) ;
#3874 = FACE_BOUND ( 'NONE', #894, .T. ) ;
#3875 = ORIENTED_EDGE ( 'NONE', *, *, #1848, .T. ) ;
#3876 = ORIENTED_EDGE ( 'NONE', *, *, #915, .F. ) ;
#3877 = DIRECTION ( 'NONE',  ( 2.220446049250000002E-16, 1.000000000000000000, 0.0000000000000000000 ) ) ;
#3878 = VECTOR ( 'NONE', #1391, 1000.000000000000000 ) ;
#3879 = CARTESIAN_POINT ( 'NONE',  ( 0.0000000000000000000, -10.17500000000000071, 12.80000000000000071 ) ) ;
#3880 = CARTESIAN_POINT ( 'NONE',  ( 4.899999999999999467, -9.825000000000001066, 3.000000000000000000 ) ) ;
#3881 = AXIS2_PLACEMENT_3D ( 'NONE', #1253, #3080, #2483 ) ;
#3882 = ORIENTED_EDGE ( 'NONE', *, *, #2967, .T. ) ;
#3883 = AXIS2_PLACEMENT_3D ( 'NONE', #946, #1212, #3315 ) ;
#3884 = AXIS2_PLACEMENT_3D ( 'NONE', #2443, #1138, #1575 ) ;
#3885 = CARTESIAN_POINT ( 'NONE',  ( 5.329070518201000674E-15, 15.00000000000000000, 6.500000000000000000 ) ) ;
#3886 = ORIENTED_EDGE ( 'NONE', *, *, #291, .F. ) ;
#3887 = CIRCLE ( 'NONE', #996, 12.50999999999999801 ) ;
#3888 = EDGE_CURVE ( 'NONE', #1530, #787, #1206, .T. ) ;
#3889 = ORIENTED_EDGE ( 'NONE', *, *, #287, .T. ) ;
#3890 = DIRECTION ( 'NONE',  ( -2.220446049250000002E-16, -1.000000000000000000, 0.0000000000000000000 ) ) ;
#3891 = VECTOR ( 'NONE', #3337, 1000.000000000000000 ) ;
#3892 = LINE ( 'NONE', #831, #351 ) ;
#3893 = ADVANCED_FACE ( 'NONE', ( #941 ), #2989, .T. ) ;
#3894 = VERTEX_POINT ( 'NONE', #634 ) ;
#3895 = DIRECTION ( 'NONE',  ( -1.000000000000000000, 2.220446049250000002E-16, 2.023844055306000157E-15 ) ) ;
#3896 = VERTEX_POINT ( 'NONE', #2369 ) ;
#3897 = EDGE_CURVE ( 'NONE', #2112, #3311, #2691, .T. ) ;
#3898 = LINE ( 'NONE', #854, #1060 ) ;
#3899 = ORIENTED_EDGE ( 'NONE', *, *, #448, .T. ) ;
#3900 = CARTESIAN_POINT ( 'NONE',  ( -0.2999999999999999889, -10.17500000000000071, -3.000000000000000000 ) ) ;
#3901 = CARTESIAN_POINT ( 'NONE',  ( -0.5000000000000000000, -9.825000000000001066, 0.2999960000010000183 ) ) ;
#3902 = PLANE ( 'NONE',  #1745 ) ;
#3903 = DIRECTION ( 'NONE',  ( -4.336808689942000480E-16, 0.0000000000000000000, -1.000000000000000000 ) ) ;
#3904 = ORIENTED_EDGE ( 'NONE', *, *, #230, .F. ) ;
#3905 = CARTESIAN_POINT ( 'NONE',  ( 3.552713678800999489E-15, 7.000000000000000000, 6.500000000000000000 ) ) ;
#3906 = ORIENTED_EDGE ( 'NONE', *, *, #1502, .F. ) ;
#3907 = ORIENTED_EDGE ( 'NONE', *, *, #2124, .T. ) ;
#3908 = DIRECTION ( 'NONE',  ( -2.220446049250000002E-16, -1.000000000000000000, 0.0000000000000000000 ) ) ;
#3909 = DIRECTION ( 'NONE',  ( 0.0000000000000000000, 0.0000000000000000000, 1.000000000000000000 ) ) ;
#3910 = LINE ( 'NONE', #3543, #1618 ) ;
#3911 = ORIENTED_EDGE ( 'NONE', *, *, #3144, .T. ) ;
#3912 = CARTESIAN_POINT ( 'NONE',  ( 7.900000000000000355, 7.000000000000000000, 9.400000000000000355 ) ) ;
#3913 = ORIENTED_EDGE ( 'NONE', *, *, #523, .F. ) ;
#3914 = LINE ( 'NONE', #3959, #2720 ) ;
#3915 = CARTESIAN_POINT ( 'NONE',  ( 0.2999999999999999889, -4.825000000000000178, -3.000000000000000000 ) ) ;
#3916 = EDGE_CURVE ( 'NONE', #1571, #3184, #3187, .T. ) ;
#3917 = VERTEX_POINT ( 'NONE', #2774 ) ;
#3918 = ORIENTED_EDGE ( 'NONE', *, *, #8, .T. ) ;
#3919 = CARTESIAN_POINT ( 'NONE',  ( 1.600000000000000089, -9.825000000000001066, -4.440892098500999885E-16 ) ) ;
#3920 = FACE_OUTER_BOUND ( 'NONE', #1849, .T. ) ;
#3921 = EDGE_CURVE ( 'NONE', #2860, #2139, #336, .T. ) ;
#3922 = CARTESIAN_POINT ( 'NONE',  ( 0.5000000000000000000, -4.825000000000000178, 0.2999960000010000183 ) ) ;
#3923 = ORIENTED_EDGE ( 'NONE', *, *, #3571, .T. ) ;
#3924 = CARTESIAN_POINT ( 'NONE',  ( 4.700000000000000178, -4.825000000000000178, -3.000000000000000000 ) ) ;
#3925 = FACE_OUTER_BOUND ( 'NONE', #2451, .T. ) ;
#3926 = DIRECTION ( 'NONE',  ( 2.220446049250000002E-16, 1.000000000000000000, 0.0000000000000000000 ) ) ;
#3927 = ORIENTED_EDGE ( 'NONE', *, *, #3144, .F. ) ;
#3928 = CARTESIAN_POINT ( 'NONE',  ( 2.799999999999999822, -5.174999999999999822, 2.000000000000000000 ) ) ;
#3929 = DIRECTION ( 'NONE',  ( 1.000000000000000000, -2.220446049250000002E-16, -1.646488427099000057E-15 ) ) ;
#3930 = FACE_OUTER_BOUND ( 'NONE', #3529, .T. ) ;
#3931 = ORIENTED_EDGE ( 'NONE', *, *, #926, .T. ) ;
#3932 = AXIS2_PLACEMENT_3D ( 'NONE', #783, #1398, #1074 ) ;
#3933 = DIRECTION ( 'NONE',  ( 2.220446049250000002E-16, 1.000000000000000000, 0.0000000000000000000 ) ) ;
#3934 = ORIENTED_EDGE ( 'NONE', *, *, #1374, .T. ) ;
#3935 = DIRECTION ( 'NONE',  ( 8.673617379883999973E-16, -1.925929944387000041E-31, 1.000000000000000000 ) ) ;
#3936 = EDGE_LOOP ( 'NONE', ( #2635, #1875, #2488, #1652, #17, #2718, #1227, #977 ) ) ;
#3937 = VERTEX_POINT ( 'NONE', #1785 ) ;
#3938 = ADVANCED_FACE ( 'NONE', ( #3008 ), #2738, .F. ) ;
#3939 = LINE ( 'NONE', #858, #276 ) ;
#3940 = DIRECTION ( 'NONE',  ( -2.220446049250000002E-16, -1.000000000000000000, 0.0000000000000000000 ) ) ;
#3941 = FACE_OUTER_BOUND ( 'NONE', #979, .T. ) ;
#3942 = FACE_OUTER_BOUND ( 'NONE', #2584, .T. ) ;
#3943 = ORIENTED_EDGE ( 'NONE', *, *, #1063, .F. ) ;
#3944 = VECTOR ( 'NONE', #3778, 1000.000000000000000 ) ;
#3945 = CARTESIAN_POINT ( 'NONE',  ( -4.899999999999999467, -4.825000000000000178, 0.8928203230279999625 ) ) ;
#3946 = ADVANCED_FACE ( 'NONE', ( #3650 ), #851, .F. ) ;
#3947 = MECHANICAL_DESIGN_GEOMETRIC_PRESENTATION_REPRESENTATION (  '', ( #1563 ), #3236 ) ;
#3948 = CARTESIAN_POINT ( 'NONE',  ( -3.700000000000000178, -9.825000000000001066, 7.372574772901001011E-15 ) ) ;
#3949 = LINE ( 'NONE', #910, #3305 ) ;
#3950 = ORIENTED_EDGE ( 'NONE', *, *, #3648, .F. ) ;
#3951 = ADVANCED_FACE ( 'NONE', ( #3076 ), #1224, .T. ) ;
#3952 = AXIS2_PLACEMENT_3D ( 'NONE', #647, #3153, #3135 ) ;
#3953 = ORIENTED_EDGE ( 'NONE', *, *, #2456, .T. ) ;
#3954 = CARTESIAN_POINT ( 'NONE',  ( 8.881784197000999888E-16, -5.174999999999999822, -3.000000000000000000 ) ) ;
#3955 = CYLINDRICAL_SURFACE ( 'NONE', #2527, 0.5000000000000000000 ) ;
#3956 = VECTOR ( 'NONE', #2021, 1000.000000000000000 ) ;
#3957 = FACE_OUTER_BOUND ( 'NONE', #3439, .T. ) ;
#3958 = VECTOR ( 'NONE', #3608, 1000.000000000000000 ) ;
#3959 = CARTESIAN_POINT ( 'NONE',  ( 3.552713678800999489E-15, 7.000000000000000000, 9.500000000000000000 ) ) ;
#3960 = DIRECTION ( 'NONE',  ( -2.220446049250000002E-16, -1.000000000000000000, 0.0000000000000000000 ) ) ;
#3961 = EDGE_LOOP ( 'NONE', ( #2187, #1939, #3749, #1449 ) ) ;
#3962 = VERTEX_POINT ( 'NONE', #1806 ) ;
#3963 = CARTESIAN_POINT ( 'NONE',  ( -5.000000000000000000, 1.776356839399999804E-15, 1.343560762609999903 ) ) ;
#3964 = CARTESIAN_POINT ( 'NONE',  ( -5.299999999999999822, -10.17500000000000071, 0.2000000000000000111 ) ) ;
#3965 = ORIENTED_EDGE ( 'NONE', *, *, #2124, .F. ) ;
#3966 = DIRECTION ( 'NONE',  ( -1.000000000000000000, 2.220446049250000002E-16, 5.204170427929999243E-16 ) ) ;
#3967 = EDGE_CURVE ( 'NONE', #1428, #3443, #2454, .T. ) ;
#3968 = CARTESIAN_POINT ( 'NONE',  ( -1.600000000000000089, -3.700000000000000178, 0.3927400285159999838 ) ) ;
#3969 = DIRECTION ( 'NONE',  ( -2.220446049250000002E-16, -1.000000000000000000, 0.0000000000000000000 ) ) ;
#3970 = EDGE_LOOP ( 'NONE', ( #2628, #2256, #1812, #759, #365, #154 ) ) ;
#3971 = ADVANCED_FACE ( 'NONE', ( #1469 ), #3972, .F. ) ;
#3972 = PLANE ( 'NONE',  #484 ) ;
#3973 = ADVANCED_FACE ( 'NONE', ( #2136 ), #2393, .F. ) ;
#3974 = CARTESIAN_POINT ( 'NONE',  ( 2.200000000000000178, -4.825000000000000178, 0.0000000000000000000 ) ) ;
#3975 = CARTESIAN_POINT ( 'NONE',  ( 5.000000000000000000, 0.0000000000000000000, 11.70000000000000107 ) ) ;
#3976 = ORIENTED_EDGE ( 'NONE', *, *, #2195, .F. ) ;
#3977 = PLANE ( 'NONE',  #938 ) ;
#3978 = CARTESIAN_POINT ( 'NONE',  ( 5.000000000000000000, -4.825000000000000178, 0.0000000000000000000 ) ) ;
#3979 = DIRECTION ( 'NONE',  ( 2.220446049250000002E-16, 1.000000000000000000, 0.0000000000000000000 ) ) ;
#3980 = VERTEX_POINT ( 'NONE', #2097 ) ;
#3981 = ORIENTED_EDGE ( 'NONE', *, *, #1262, .T. ) ;
#3982 = DIRECTION ( 'NONE',  ( -2.220446049250000002E-16, -1.000000000000000000, 0.0000000000000000000 ) ) ;
#3983 = CARTESIAN_POINT ( 'NONE',  ( -1.600000000000000089, -4.825000000000000178, 2.000000000000000000 ) ) ;
#3984 = DIRECTION ( 'NONE',  ( 0.0000000000000000000, 0.0000000000000000000, -1.000000000000000000 ) ) ;
#3985 = EDGE_LOOP ( 'NONE', ( #3132, #2741, #3339, #2104 ) ) ;
#3986 = CARTESIAN_POINT ( 'NONE',  ( -1.716653721634000096, 15.00000000000000000, 9.400000000000000355 ) ) ;
#3987 = DIRECTION ( 'NONE',  ( 2.220446049250000002E-16, 1.000000000000000000, 0.0000000000000000000 ) ) ;
#3988 = CARTESIAN_POINT ( 'NONE',  ( -0.5000000000000000000, -4.825000000000000178, 8.881784197000999888E-16 ) ) ;
#3989 = ORIENTED_EDGE ( 'NONE', *, *, #2303, .T. ) ;
#3990 = EDGE_CURVE ( 'NONE', #3419, #2297, #3329, .T. ) ;
ENDSEC;
END-ISO-10303-21;
